latitude,longitude,blue,green,red,nir,swir,ndvi,ndwi,ndbi
41.67984598774361,-72.77974366299144,0.03767898895430573,0.10178390185963052,0.034501038441092535,0.5470408071018238,0.23036719494123103,0.881346325443243,-0.6862514622091024,-0.40734544965881964
41.679986224475236,-72.77623559883261,0.07847292918627938,0.10131871321916816,0.0521393131980207,0.39719799428291136,0.14854534698627186,0.7679279582177438,-0.5935192875406466,-0.45562195356955115
41.67978420358441,-72.77155162250789,0.04076218740895749,0.11016927933932286,0.052692031380580866,0.57996498934318,0.15142094773754702,0.8334262336319256,-0.6807308828479394,-0.5859342104882888
41.679681345399494,-72.76778879328508,0.06464632952929275,0.11911188339700006,0.03903589723458021,0.37386861848918207,0.2076453750178261,0.8109204634579696,-0.5167683795149356,-0.28584564658348627
41.67978219598199,-72.7632497592246,0.13783936116795603,0.10851224004151888,0.17360750040082157,0.332225892116455,0.3144158206975274,0.31357833243525113,-0.5075886013755451,-0.027542410373472107
41.68022701571088,-72.75998817414647,0.06253972948588685,0.05811292057234746,0.08310557929360804,0.48210160152431536,0.13841306583647764,0.7059287917278609,-0.7848524310423886,-0.553876570153664
41.67981640306065,-72.75550372653287,0.0957934388422432,0.09397875904698681,0.19057238873876547,0.25458367895898504,0.3148128156315483,0.1437951650334048,-0.4607637037162524,0.10577714693497624
41.680026172507475,-72.75113835332927,0.10363462025941163,0.14513349987400465,0.13738671532868296,0.18247992395292906,0.2546247345347644,0.14097502861042607,-0.11399540239429619,0.16505157101606724
41.680042656269634,-72.74764011236721,0.0488918822096412,0.08713088257221552,0.06561093554653152,0.3558944757443691,0.18696733899000456,0.6886828316362926,-0.6066551002710231,-0.31117888967199114
41.67979842954483,-72.7437775608594,0.1404538509083781,0.17424042508085225,0.12356301130073599,0.2882470973060426,0.36804569480343874,0.39990297120791907,-0.24650756335393162,0.12158993433541218
41.68007595935641,-72.73939788500485,0.15362463690439632,0.17810048113537727,0.12677537823979276,0.2600887969848611,0.320337313267208,0.3446000619407382,-0.18710707893447448,0.10380049280722743
41.6796488021131,-72.73503183043637,0.07146074107082244,0.1252507931524384,0.2548247394749114,0.23830222728947192,0.30555567060613376,-0.03350559450003464,-0.3109627145983161,0.1236599552509785
41.68016469934209,-72.73125254902891,0.07727082862199743,0.0686066589292546,0.060243834393873055,0.3744894768442915,0.17507516567157866,0.7228469370231028,-0.6903305924368633,-0.36285869895087763
41.68000367003497,-72.72738499658847,0.04294178186186998,0.0853181667792756,0.0815718475085595,0.4710281357295108,0.15633335856412464,0.7047707202936455,-0.6932911519514299,-0.5016163408621535
41.68005135263174,-72.72324452076444,0.07882635332075728,0.06305383063291048,0.04808403820321114,0.35838879201885676,0.17093890228830685,0.7634083528931493,-0.7007714585859007,-0.35412824937471454
41.67988436107092,-72.71881336127888,0.13073314771652828,0.10634754281893177,0.17683485345939198,0.24279491736835154,0.35768538503599406,0.157186330652493,-0.3908071635750865,0.1913309515859501
41.679655212687166,-72.71524858377713,0.058597531282060134,0.06496815748945985,0.08400547668862096,0.44251557992908297,0.12506731907985164,0.6809036385809141,-0.7439596475743698,-0.5592984943759453
41.6802897373956,-72.71022314039422,0.06735554363437055,0.0591526269363423,0.07841665346124213,0.6029649677953575,0.1988491730530328,0.7698304415178482,-0.8213228966968872,-0.5040018305423429
41.679726776189725,-72.7072367511441,0.047076913110081144,0.06139995858698918,0.061150034094859286,0.49397744865456117,0.14312862347849878,0.7796901216563912,-0.7788892461724339,-0.5506913848763122
41.67999191572033,-72.70267982651549,0.04322871389106308,0.05276921458731343,0.03649496648849142,0.41486721603550325,0.15560780191878587,0.8382896578334791,-0.7743152109982822,-0.45446234446236744
41.679856588514085,-72.69907153250918,0.10407588346910668,0.11851677373559692,0.17424123849646067,0.23902629903552672,0.21974088110307527,0.1567630037577089,-0.33704897249421006,-0.04203748386409196
41.6797115812709,-72.69464788798737,0.159172878899601,0.1728526175057329,0.20067509688604301,0.27572829404002813,0.2692079451878854,0.15754127402009185,-0.22933583192338,-0.01196534270024147
41.680048775993285,-72.69046764899848,0.07477522885984422,0.08040444737577071,0.07601253408643185,0.5677276567748872,0.16009975092470752,0.7638409558218583,-0.7518887064508666,-0.5600612199237557
41.679547963988284,-72.686176626786,0.06850453590794348,0.05652896337270291,0.06937377888630003,0.3592284409506302,0.22012430342774378,0.6762789566853172,-0.7280675567776995,-0.24010266434854036
41.68035022046508,-72.6827618217866,0.03489416401074298,0.06931466894285693,0.05485065129556023,0.3614636472635865,0.1782680913842516,0.7364940311423511,-0.6781886815786753,-0.3394196463937533
41.680122345984735,-72.67850230231483,0.14914705601389167,0.1070340970527639,0.2629989005946035,0.25667477366631286,0.2721176985526769,-0.012169419467485766,-0.41142982385252064,0.029204131483870018
41.679797718503764,-72.67435808218548,0.05513396623980335,0.06062612131551819,0.051115796581377965,0.5027633592310045,0.1737430717706816,0.8154261771905617,-0.7847807834228389,-0.48635204690242306
41.680024500478524,-72.6697280387202,0.06923610104256757,0.11773151181982305,0.08028819328981825,0.3883680599799435,0.18843981178255179,0.6573685180570766,-0.5347496090496501,-0.34661151136251067
41.680079773708506,-72.66593522128767,0.09371043829212153,0.17295989720071714,0.13842976853028172,0.2814952326248365,0.3586289220266796,0.3406928944478519,-0.2388251959347044,0.12049801408265047
41.679764330021364,-72.66195335766103,0.07607745829762481,0.1312242971106627,0.1613691485037984,0.2993264012766457,0.2261090207573459,0.29945427699181,-0.3904350981095477,-0.13934610695995905
41.68005607432679,-72.65797476017882,0.04616329421825523,0.09113444822571301,0.07308374019805502,0.46951712409326973,0.14031787185492675,0.7306169414473471,-0.6748980909880974,-0.5398169249478549
41.68032528958716,-72.65390414461474,0.1530121874691403,0.08877593827715506,0.13824307061352814,0.34733379379036033,0.4084484699098527,0.4306027294638913,-0.5928733905740429,0.08086280805305318
41.67978729509441,-72.6502693958119,0.10745455120605618,0.09900452159595967,0.26374006143029993,0.22559536812701586,0.35515993008508334,-0.07795203657702081,-0.38999041755403263,0.2230966507872458
41.680150751713356,-72.6460308522342,0.10051142718159344,0.14554593927200013,0.13504339234701285,0.3509732483848554,0.36467318271648097,0.44428490290514444,-0.4137348852162106,0.01914343974376036
41.67996954869399,-72.64199210642447,0.048417208210317204,0.0876020853828773,0.047812109130444855,0.3663703003911394,0.16795418949587118,0.769125351384807,-0.6140642553246187,-0.37134010259800315
41.680043251784916,-72.63827657789177,0.0935706737108262,0.14269523404322687,0.1821046135324904,0.24216901077050856,0.31745923919892205,0.14156995343911033,-0.25846458346741064,0.13453614686629237
41.6800227000059,-72.63359880210436,0.07831013126840881,0.08653860798826354,0.08458785459105267,0.5642916085492353,0.12763342861451946,0.7392802226111916,-0.7340670245808188,-0.6310772937551239
41.68019759836924,-72.62944260366471,0.11125386620453614,0.08927854541267394,0.20992146795405886,0.20278148258231285,0.36533430326146654,-0.01730054355673127,-0.3886287964458704,0.28612621710154784
41.6798376842701,-72.6259963905008,0.06144740085813886,0.09287075304772272,0.07527421772637788,0.5774628503922201,0.23297699221601037,0.7693582258371113,-0.7229118380127775,-0.4250603685371074
41.6800377303817,-72.62141767950716,0.14743113017036052,0.14483976852033612,0.18723559664519013,0.21385876106184323,0.27458519770236184,0.06637631246884591,-0.1924150417396528,0.12432631328711778
41.679769130055014,-72.61776098601786,0.07440143791137754,0.10349472447060817,0.04198769583948796,0.42892411672609776,0.24636912302701514,0.8216749093180151,-0.6112281667644016,-0.2703344013421854
41.67965158187891,-72.61320185159478,0.04495625720832611,0.05276665330831613,0.07370891201411589,0.3616573107653588,0.12063145391104627,0.6613935204089016,-0.7453494108321619,-0.4997542437382519
41.679740854506285,-72.60939612997038,0.05358200953121893,0.08402316746926111,0.05616818535894632,0.43765379011979005,0.1878228478441592,0.7725164607974605,-0.6778728052027553,-0.3994248979288503
41.68027114659787,-72.60517476890477,0.15955084755914295,0.08787432898829171,0.18154935562581465,0.2125271152380257,0.2774665042636174,0.07860849835643793,-0.41495401785026925,0.13253109110204228
41.68015211293411,-72.60130356873563,0.11466598685463122,0.17192455822172256,0.1252147909195223,0.19205604236375817,0.2887201882446757,0.21067568913451162,-0.05530922282575809,0.20105849608785098
41.680227098324316,-72.59715578325593,0.07930148715383117,0.06462717252392298,0.04188706448472544,0.5048829805748414,0.18473977780311038,0.8467836163915594,-0.7730429486734177,-0.4642294629671643
41.68030881184708,-72.59312166110212,0.07133811799474735,0.0597006386009724,0.055703558750487936,0.5362356990799035,0.23287073723677698,0.811792990535361,-0.7996408850203657,-0.39443820454288286
41.680569357612136,-72.588819748416,0.03345699725036307,0.061922336167828024,0.03414828974796687,0.5465278408396009,0.15744779593387828,0.8823843862381141,-0.7964588112295939,-0.552689645182875
41.680291236111294,-72.58476806440011,0.07312739002041627,0.1084871138677764,0.03533572458301696,0.35641425674344035,0.12731754568765885,0.8196006316918206,-0.5332897654177882,-0.4736027482675446
41.67977749481256,-72.5816281688764,0.05741366589290943,0.07983709422260397,0.07773153157371612,0.48200254139708104,0.18508590928596508,0.722255494788249,-0.7158011319918821,-0.4450933482765242
41.680322757263795,-72.57680964489681,0.07153519693729657,0.05362248219227194,0.05865892617437825,0.5893104024619163,0.20647781552853578,0.8189453618188044,-0.8331941530067679,-0.4810734543169296
41.68009158323341,-72.57288457136453,0.050928739568072715,0.07566067444493353,0.06128659260947965,0.47480154113879036,0.1624967857440086,0.7713562798677506,-0.7251012974080299,-0.4900448380624974
41.680285063320234,-72.56874707089557,0.04825236234423792,0.06049590345538425,0.08232625812021444,0.5125722357950253,0.1373922353272012,0.723225864707117,-0.7888701209789303,-0.5772315520878234
41.68024991850497,-72.56491302778454,0.041876783602612946,0.060542041603608474,0.030517035428025124,0.362757591491251,0.2190926752794565,0.8448054700752963,-0.7139518352001911,-0.2469104586118703
41.680691858973006,-72.56041636861316,0.06740354795399464,0.055030351608867205,0.06552796949422,0.5541403262556241,0.1666965716448059,0.7885063026665698,-0.8193269846743721,-0.5374915681193893
41.67995285346675,-72.5563595660725,0.07956223140700139,0.06803321959869471,0.04136947663123294,0.383459991043449,0.1921832305870073,0.8052419628154791,-0.698630154362971,-0.3322835278328614
41.68016288515516,-72.55234459967171,0.06765366368102549,0.1124779046356561,0.07834636190053808,0.41676211243145,0.19226406263384893,0.6835183966251241,-0.5749455785336269,-0.36861806436074884
41.68008099756407,-72.54813518385788,0.07659721846149982,0.09773271335469515,0.08847542479506634,0.462566384914061,0.18986688453601697,0.6788794489413829,-0.6511409222086018,-0.417973014478395
41.680632976169434,-72.54400497519907,0.04183509972633016,0.08693454524231375,0.034042458307980375,0.6014947209134001,0.1360996786526382,0.8928702854184329,-0.7474408787767883,-0.6309633621602548
41.67994039091226,-72.54034119448725,0.034846727089465686,0.11301946697307866,0.07354205824335214,0.3685276314193919,0.20994011796713485,0.6672829648218699,-0.5305984924408556,-0.274151002576101
41.68001065775611,-72.5362716761752,0.07140989262446679,0.10028453942212084,0.06517057771625831,0.43706509601708,0.2106455760378908,0.7404781017173997,-0.6267438077252862,-0.34956891980926497
41.67984647880616,-72.53258970167731,0.0632172434217127,0.08059896295398605,0.07536724858458446,0.6193701959314317,0.14085061212880567,0.7830338664498255,-0.7697071022891173,-0.6294481533905998
41.67958502802964,-72.52804780018079,0.05406876986308291,0.09000988491547032,0.03294444286345638,0.45915464320922117,0.19578717406852292,0.8661064659705917,-0.672193376280731,-0.40212345920341624
41.680147175819556,-72.52417401734462,0.06601080145013319,0.09490830423385996,0.07741458932336609,0.5186853713648397,0.18987599612983658,0.7402630618059768,-0.690647710339402,-0.4640520783649324
41.679783515029044,-72.52041187407475,0.043657827036276,0.08691798464606917,0.08237923292410243,0.5333439201977581,0.13175305020134667,0.7324146980459629,-0.7197377947370351,-0.6038079977351706
41.683655938000086,-72.78036033769993,0.07137204262543737,0.09154193908129812,0.06548175658510258,0.4414196896669198,0.17801250275097022,0.7416391013706194,-0.656478312345655,-0.42523974397870185
41.683616334231935,-72.77600768335022,0.04841161931241855,0.053526581680198804,0.03858044407958311,0.40211680117563003,0.16853986062362772,0.8249117983152324,-0.7650505474491428,-0.40931256250569914
41.684077423472125,-72.77141948619466,0.035287506873075705,0.07368138672220748,0.07894383813306341,0.45350255422083713,0.22042575478291376,0.7034674691509905,-0.7204718087944648,-0.3458480617656115
41.68383585717115,-72.76774339640895,0.032547204450151114,0.1146311883180515,0.08301997689434898,0.49097819074643045,0.19179290564472123,0.7107308644012791,-0.6214352277861727,-0.43819266322648986
41.684286468427324,-72.76309909342531,0.07304900156283009,0.14830149564489978,0.272079403168433,0.32924708826223503,0.2609835908463188,0.09506929414965479,-0.3789050972299027,-0.11565562386390522
41.68421691536262,-72.75989439606018,0.11791737877415825,0.1442317411671535,0.19401600971372934,0.2555577660777766,0.2262786559043141,0.13688911515289942,-0.2784615976487333,-0.06076566410861893
41.68376677938638,-72.75595329192954,0.0831249070662112,0.10266986519147107,0.2077782494915532,0.2187236192540894,0.23590547063791317,0.0256631226370166,-0.3610955407600249,0.03779311919504609
41.68424711955042,-72.75155846764619,0.07561026702043382,0.06056951920045474,0.08480601958878384,0.5936722912041881,0.22778138583366736,0.7500111109235996,-0.814840573509073,-0.445418793047364
41.683573727760894,-72.74744707155396,0.06452477756089066,0.051153754041730996,0.08748555474963898,0.5081130155957065,0.22159055912231482,0.7062264447716445,-0.8170685017638611,-0.39265595839257367
41.6840565582362,-72.743466080542,0.11564711073843362,0.12369892883114517,0.1743547286659323,0.22496869580574996,0.3160598723893802,0.12674930654714678,-0.29044786443842563,0.16836666663926855
41.6842854616711,-72.73955044173657,0.09876990108643784,0.1093960470924571,0.20692946819775312,0.2698704462553466,0.3416229023933401,0.1320071085368969,-0.42311778651041443,0.11733971644426909
41.68394461441975,-72.73500453121643,0.03125201015025918,0.06836719309135372,0.05782318367979557,0.3583685928899063,0.20029702987197306,0.7221320221346968,-0.6795806897978035,-0.28294485391185104
41.68446205776625,-72.73116030097903,0.06019723324893134,0.07772456758949411,0.03247518195039375,0.3769870010591185,0.20514947014619034,0.8413764039858143,-0.6581368368502745,-0.29518427278253145
41.68411256765666,-72.72733412891273,0.0675504376441279,0.10787423796097151,0.0627122940733584,0.5173773146497084,0.21057424288569193,0.7837841149700818,-0.6549413191840864,-0.421460835667072
41.6840281834376,-72.72357511967293,0.03383702132798486,0.06362397481234457,0.030233648782867956,0.470219310494731,0.16346669947326098,0.879174862602431,-0.7616380066455383,-0.48407666603995936
41.68436869675919,-72.71892695117857,0.13908949294288675,0.16931303060700323,0.2244107602827331,0.2023938699707743,0.26498597483616715,-0.05158540641623668,-0.08899710850767241,0.13392127529856898
41.68367615137135,-72.71484638996928,0.07712523096167406,0.116546538902864,0.05467219062293355,0.5301971597866753,0.17937692778601988,0.8130447745820694,-0.6395897195782014,-0.49440958758899745
41.68395985426286,-72.71101547282807,0.06070994017717996,0.06627865837101446,0.06996313795614892,0.4448301904145505,0.23526392255661677,0.7281894146624646,-0.7406475801446296,-0.3081430405894696
41.68356037557889,-72.70677774060239,0.04355689431175452,0.08459818437683038,0.041848923111796686,0.5824392655006683,0.22699879015389393,0.8659307548175481,-0.7463465225457226,-0.43912004490490997
41.6840931471877,-72.70248046084477,0.0414168115815963,0.11522770035567208,0.06427279148111986,0.46407367265790106,0.19284860647582347,0.7567021042305749,-0.6021839211039735,-0.41287238201106347
41.68419897281797,-72.69818175204351,0.07741851905114142,0.12965648971471874,0.26204186811422203,0.2934273544693892,0.3146146392062702,0.05650265591527518,-0.3870884388660429,0.0348451010904728
41.68384068885625,-72.6943709238607,0.14406422894737875,0.0998382963281528,0.2346596410763701,0.31679730206930745,0.3264711892461015,0.1489466440016137,-0.5207404421889582,0.015038646082310205
41.68433022027009,-72.69060432044954,0.06647052297996521,0.10591248794332325,0.06987478257163884,0.5785126145872918,0.24910285215329267,0.784465944656505,-0.6905067112479684,-0.39802272392433724
41.6842598820094,-72.6869645464528,0.11075831491408163,0.1726948999732512,0.18310814873161516,0.28178386492972274,0.22330731853801156,0.21225513301674043,-0.2400309395748354,-0.11577423702040666
41.68443446189953,-72.68252195891965,0.10546756804737324,0.10459810181906203,0.1986576534875927,0.325047053043112,0.3969361059102227,0.24133714663896974,-0.5130953968159325,0.09957164786409825
41.683748913339905,-72.67885450864998,0.12528536654244204,0.1247275686908269,0.18378317133654642,0.26493852823730807,0.3280398083264111,0.18085899785509346,-0.3598233478658008,0.10641414061561155
41.68431422711747,-72.67456780754155,0.06728239956189289,0.07389649459268349,0.07803462705091922,0.5804856806312151,0.13995398669864476,0.7630000893196864,-0.7741488158127181,-0.6114761775476597
41.684042849370265,-72.66997423160561,0.04193926646793416,0.09699824669211222,0.04530747936345803,0.48800881612608465,0.24332404082910497,0.8300915244981617,-0.6683860662302586,-0.3345737484237934
41.684082963368176,-72.66596494763027,0.14873657639246468,0.09658660297233429,0.2511453151256261,0.185786891118101,0.28652641441384774,-0.14958481676003352,-0.31589469271219445,0.21328961542230446
41.68393533554083,-72.66204033996206,0.049393201254131026,0.10686078625292002,0.07257350423689325,0.4764694362962318,0.2360229638372558,0.7356363268547855,-0.6336182075876727,-0.33747233291741446
41.683953223587885,-72.65805219869972,0.15747949084315932,0.10472565733067703,0.15994726062941222,0.20510979263319418,0.38932398216019903,0.12371362667877002,-0.3239917682570622,0.309898591463838
41.68407645606204,-72.6542089795526,0.07109268108298393,0.1356486090510794,0.20196624683279135,0.3253405277538278,0.27816193870161093,0.23397059713058957,-0.4114889127702524,-0.0781746416535987
41.68399478694466,-72.65035720385856,0.14062380182693335,0.09366633207788302,0.1829531318381315,0.3407228991652829,0.20059560020867317,0.30127360808332043,-0.5687446863734532,-0.25886294135276977
41.68425439829453,-72.6455785054688,0.09448406702599026,0.12600374849032125,0.14904369729755101,0.2753325433727071,0.3554731026889097,0.2975869852555741,-0.3720789719494147,0.12704477174000206
41.68363827901836,-72.64176150109213,0.03874889187437441,0.103536840042779,0.05163390664655102,0.5613455639751477,0.14681547744269494,0.8315313672929939,-0.6885559328473749,-0.5853613264329007
41.683642513472876,-72.63787244275322,0.09027676049041,0.15240122521843483,0.2539813565288681,0.19454136550880588,0.39405709607638295,-0.13252392376025385,-0.12146142162033022,0.3389674686377019
41.68443141674849,-72.63351141291771,0.06370765336469825,0.08675652633414047,0.0691672334694789,0.5981596094329834,0.1330678601841721,0.7927035778490674,-0.7466652578217599,-0.6360425019212103
41.68429047690154,-72.62939096437448,0.11007389193994493,0.14753444706761884,0.2545792103206914,0.35838004465376794,0.23559214071429846,0.16934377528470743,-0.41676133227324963,-0.20672332301786417
41.6840689756248,-72.62544836687178,0.06770452800927867,0.07483077248375852,0.06891580748822593,0.4887930129304935,0.1537664927712628,0.7528609734503214,-0.7344655267564357,-0.5213937653810589
41.68434147491429,-72.62183400863826,0.127401103612112,0.1151410851399538,0.15466135011293958,0.3045393166870625,0.3511069044686227,0.32638882608461023,-0.45129157978926737,0.07102548032607749
41.68385543077726,-72.61754238767892,0.07179314856346465,0.055259758555253745,0.07438986564231026,0.6168808017346211,0.23005776811741618,0.7847735506423639,-0.835570826044416,-0.4567309216827663
41.68407522288798,-72.61353819573527,0.0639742609129052,0.10392767682269288,0.08989370886707124,0.48296498759011686,0.1279695285505475,0.6861574785439628,-0.6458375334213002,-0.5810695740062485
41.683873751959894,-72.60981909190971,0.04643899556528686,0.10117209112038875,0.04102848743271003,0.39475329564743517,0.12584535152484758,0.8117016863682691,-0.5919866422657881,-0.5165360025101973
41.683818632473226,-72.60521462599066,0.03141461528190573,0.08910720075325393,0.04695206407720266,0.5111161146166208,0.17649854283852548,0.8317335914507956,-0.7030865064002269,-0.4866353096900391
41.68416451807685,-72.60106246293418,0.03270271558092996,0.11691023739322477,0.08884544807450112,0.5495501498344313,0.1804776213032645,0.7216602107987123,-0.6491607314290702,-0.5055595733789604
41.68394613167718,-72.59736101083097,0.06681770485735111,0.06553678276926643,0.057072917649435936,0.474955713210532,0.22743337149645218,0.7854517056453011,-0.7574923490826191,-0.35240060972379544
41.684225809743445,-72.59318608221379,0.06249137112816392,0.06893290555677353,0.052302675589772044,0.36232881706791065,0.2223023476555761,0.7477148913386914,-0.680319852468038,-0.23951249584609968
41.6841980068466,-72.58931521722945,0.042267813246681336,0.06465990970216003,0.06526931577414175,0.4127893141049924,0.12834715070351038,0.726940121170311,-0.7291443509466173,-0.5256385069192118
41.68410525015101,-72.58499729947879,0.04901177919496522,0.08019227970610539,0.07890268940448562,0.4366259619037506,0.21854470746351867,0.6938960067330595,-0.6896693140849226,-0.3328617482996359
41.683885183585716,-72.5810665743992,0.051584054058851234,0.10234528062026653,0.05747384218508313,0.461895363199198,0.18828681126444882,0.7786782828506044,-0.637228258044406,-0.4208182916741088
41.6842249732706,-72.57703589028124,0.05074260027630826,0.05866998167905114,0.054626488413326804,0.5003721047276316,0.2409924535567341,0.8031472905033011,-0.7901053136941434,-0.34986788655117645
41.68410880819126,-72.57238096690634,0.05288675933250386,0.051418278974289744,0.04497289055632322,0.3819910181357964,0.1481832389450878,0.7893363366749914,-0.7627264605667677,-0.4410017575693769
41.683990525548545,-72.56885512708585,0.05645196967444452,0.05006929957484703,0.039712161637724445,0.3752629241143762,0.19145754190415668,0.8086045981977441,-0.7645638078368072,-0.3243316471373185
41.68426985069485,-72.56447670642248,0.04109116510873389,0.05169605478613094,0.08648201407621481,0.37924319272102835,0.13649163723502317,0.6286135566037104,-0.7600772958825381,-0.47069063671090683
41.684052565991735,-72.56016446233536,0.060883012008499805,0.09272029661926953,0.08920189209111178,0.3738784677041568,0.2466851160304976,0.6147455179029893,-0.6025694720657264,-0.20496425347454092
41.684324257148276,-72.5568114225567,0.05100417826513959,0.07687662694340247,0.08587459970876775,0.3902914866788692,0.24961897143991166,0.6393082070995748,-0.6708823881521975,-0.21983156151644853
41.684100482538845,-72.55254196851735,0.078395336574168,0.05403207352652824,0.08537186177551143,0.5033090740456727,0.21157159426706879,0.7099554051077892,-0.8061077178245533,-0.40809255685590373
41.68393970211725,-72.54859270534641,0.06367568573626219,0.08193731151713773,0.0392991106863634,0.4159121502731057,0.2310710628291548,0.8273368255278619,-0.6708349900691065,-0.2856968831658626
41.684142482382164,-72.54458047294288,0.07996950182572635,0.05052380972747367,0.03966274096919639,0.5320189612411463,0.12779880849609526,0.8612418735256178,-0.8265404284617062,-0.6126239263092644
41.68371447279548,-72.5401542829191,0.059407317405703514,0.0755629292114747,0.07183693775919833,0.5104594955637315,0.14699283237220956,0.7532633426955614,-0.7421159122350649,-0.5528410924220446
41.6844639610228,-72.53623385258577,0.06334166428452251,0.08302540551756929,0.04929504617216707,0.37318927654814465,0.15180152725867374,0.7666420100288511,-0.636024841894018,-0.42169833773114107
41.68411087771157,-72.5327482069054,0.041124112606436995,0.10704131598797609,0.04011869290829871,0.42657231039350496,0.17437605149968768,0.8280717107273893,-0.5988059123833089,-0.4196637762674198
41.68430508233955,-72.52793690406682,0.07788467040077116,0.11127061385555939,0.03921467201686539,0.5597059426143084,0.13923309872961248,0.8690488486825104,-0.6683323350640603,-0.6015872901822885
41.68398233407558,-72.52414561063358,0.04681905440283533,0.0609917848133935,0.030708545290740276,0.4169456877484389,0.23882260822657053,0.8628023906654194,-0.7447708609811807,-0.2716250245935287
41.6839158392154,-72.52016556120483,0.03503807605606865,0.09145251204539687,0.0454290284418466,0.49659426055855,0.16165913512324917,0.8323724114304123,-0.688961775470909,-0.5088239994392812
41.68781164014937,-72.77974469442769,0.11222200932749052,0.14508122650440347,0.14050913170924864,0.3475069687578427,0.31125943387990745,0.42416190131938625,-0.4109431452080799,-0.05502335081570249
41.68829923455715,-72.77605874743107,0.0658065470496419,0.11125699279430308,0.06681632610281545,0.4251186309647752,0.13293625357250943,0.7283530062547067,-0.5851526882799731,-0.5235728339418281
41.68862100387831,-72.77212994004634,0.03303535923009558,0.0884221312304597,0.03962028749657208,0.5148099762470377,0.2228124670122248,0.8570774718210763,-0.7068387768674659,-0.39586310300509725
41.68838790412616,-72.76761232021958,0.05815053800431795,0.08310210275079166,0.06930683348548589,0.4067235234323541,0.24730162114628326,0.7088133877249856,-0.6606869942744898,-0.2437550048458459
41.68842736170263,-72.76393880485486,0.09203692724743444,0.15456750006602998,0.1335169433083315,0.31939521020078093,0.329796748893463,0.4104068867489767,-0.3477651438906732,0.016022285160762543
41.688479555292496,-72.75968138781951,0.09636423158534535,0.16893018507672133,0.24193168336482818,0.30567424404918886,0.2612933315793592,0.11640224747999882,-0.2881221720250529,-0.07827769060801824
41.68845558283339,-72.75591741900026,0.0463081321001783,0.0664270585823116,0.053595008064039995,0.5504298168105655,0.18165153558530026,0.8225403796105029,-0.7846273220509893,-0.5037394819829423
41.68829607111327,-72.75153405010867,0.04334668244688643,0.1101776210869391,0.06614501772920463,0.45205694176325306,0.2226877776256264,0.744713363129738,-0.6080724012113216,-0.3399347301974705
41.68817034699239,-72.74789998733353,0.15868281059514,0.15060985823927603,0.2188457498221687,0.18089729375300512,0.24054820045976863,-0.09493212372069001,-0.09136284189257644,0.1415388407893329
41.688155579348056,-72.7435835073333,0.0682362109570879,0.0813168850962884,0.07497089865229623,0.6133591674330798,0.17992750721119116,0.7821658464560015,-0.7658854517866063,-0.5463745630370634
41.68801074058961,-72.7388000839826,0.07432789568331391,0.056828129474108785,0.06890689023525878,0.5613663018650618,0.19989880850281538,0.781342785639879,-0.8161480382442003,-0.4748247206384767
41.68851883824732,-72.73525986633231,0.040778535516510915,0.06889295407694393,0.06586676043780229,0.469313289911169,0.15178185952315915,0.753851959186995,-0.7439905060690247,-0.5112444215305922
41.68876082098379,-72.73137134905073,0.05048505382744973,0.06273600686937268,0.073897620925814,0.47108373081259164,0.12211342428605339,0.7288067905806607,-0.7649543378002664,-0.5882872220931449
41.688335188352404,-72.72669596813216,0.07345459352592645,0.11347650775238852,0.05024938238306632,0.5149588431725086,0.19914501519672723,0.8221916097074724,-0.6388602022932672,-0.4422519557547134
41.68834817310737,-72.72253505701642,0.12933827763248076,0.15809189910307797,0.24175247672272063,0.23692956789329536,0.2451571671023445,-0.010075391136289757,-0.19957818847080835,0.017066636793322168
41.68842756262368,-72.71896784016904,0.07374115771370271,0.11412408319112793,0.08101574310815877,0.610436925197804,0.18051499963197748,0.7656651081941884,-0.6849841990672838,-0.5435500086283358
41.687972716323365,-72.71504260241431,0.09319183821456976,0.09699405913610673,0.27251260392138377,0.21517552591391204,0.4110634399093508,-0.11756914819074203,-0.3785809778965787,0.31280058362053803
41.688138306661,-72.71079453520434,0.0465737161829562,0.09524989266407975,0.04120152709687592,0.6031804667847145,0.15923313419487717,0.8721207995006545,-0.7272458409761808,-0.582291989570266
41.68795455251793,-72.7068929996481,0.11061690265089748,0.14324462346907862,0.145518891481737,0.3011990953323519,0.25953435294294264,0.34849772887117814,-0.3553981419497673,-0.07430400757715057
41.68828459112689,-72.70268178905981,0.09981259542801954,0.12541790117022691,0.15046712074661592,0.21474135650857792,0.31918248576591024,0.17599327443061955,-0.26259304523381405,0.1956105365372306
41.688050471466816,-72.69903458168174,0.10841160594979404,0.17011053131506768,0.1357306545801383,0.18773237292761602,0.3587011530530448,0.1607655711014177,-0.04924463054490938,0.3128812051174906
41.688781217575134,-72.69464487295349,0.06884535274784152,0.07635771129576073,0.048200257960931914,0.3967164587626901,0.24948204816332853,0.783329076435339,-0.6771850330094059,-0.2278470300090279
41.688378026820665,-72.6905730623506,0.13615723998356805,0.15117171199217966,0.2573495176117092,0.2130825725740995,0.2001814157036308,-0.0940984808670799,-0.16996604626253783,-0.031217713704583885
41.687848563691205,-72.6863004926056,0.039306937705211945,0.0732224518721456,0.03421400225320219,0.3653665645746817,0.23908341312821774,0.8287504193468967,-0.6660999289706436,-0.20892241890119637
41.68787283196639,-72.68272634130318,0.08283141540944025,0.1514924302896191,0.21612878226033108,0.3043164731589276,0.22116202000318447,0.16944662282982018,-0.33528095154148263,-0.15824520744008772
41.68861981764285,-72.67872094275636,0.1587931968264182,0.14719845376579416,0.23372184560350875,0.3572253074777906,0.34916254191779517,0.20899239674870027,-0.4163698656744584,-0.011414077361175227
41.688358560607426,-72.6741118388956,0.0703927259363244,0.13072341775608204,0.2699224001402022,0.22631952369509697,0.3081328980716248,-0.08786616839647922,-0.2677440017451976,0.1530788729632472
41.68822204529191,-72.67000862939587,0.135430981536522,0.1664074470742149,0.14292781428039858,0.23189734220588437,0.242906482881862,0.23736274469811822,-0.16442156081034495,0.02318671437396926
41.68795723262579,-72.66656218565268,0.12830897327965635,0.11880535473022476,0.20880163935038487,0.19693787519452044,0.2339468181189906,-0.029239853971756567,-0.2474558852233124,0.08589059555555506
41.68815259453206,-72.6620842771512,0.07583401422496835,0.09545748319754185,0.0856943188867299,0.46251010783226504,0.12047011182204231,0.687363637686727,-0.6578386102269426,-0.5867094362361794
41.688031638632,-72.65840623233878,0.10165321517652372,0.15012708071093578,0.24650380905607922,0.28623838938203244,0.2322159584025355,0.07458500648615161,-0.3119204382557996,-0.10419901233414816
41.687965177378466,-72.65411938235384,0.044029431026637464,0.07314203878986845,0.04645473211308618,0.5692049413606481,0.21879043168723172,0.8490895729747092,-0.772266264028424,-0.4446910751747836
41.68822305262728,-72.64993237865347,0.06385879808316619,0.06363863805369743,0.06888563581689097,0.48054814307099386,0.17711550804130927,0.7492486320869345,-0.7661147228818271,-0.46137966499515454
41.68809739599358,-72.64630174635519,0.084782804852884,0.09325463142747627,0.27265732465120124,0.23127564427990022,0.2781449511911217,-0.08211743013971923,-0.4252947203510689,0.09200512764483944
41.688248375417,-72.64209401486603,0.15272439090399806,0.10999249058278955,0.13837354790911183,0.2801193214903514,0.27601813819380383,0.33870534947141295,-0.43609761520285695,-0.007374405778881968
41.68817309357263,-72.63761829807528,0.07856795120427543,0.0887109104441084,0.04625522360317874,0.4820233891429541,0.12485033801238059,0.8248832245442163,-0.689134118947144,-0.5885459118568036
41.68778875536228,-72.63392801354154,0.05826582735024717,0.053008258795282925,0.034759013950886895,0.5379514165555135,0.12933102209789993,0.8786157468088983,-0.8206027889675654,-0.6123649758896937
41.68782275259841,-72.63004301294154,0.03943894489318327,0.10343879056128055,0.08709253158901695,0.3878485303948995,0.2447585584926365,0.6332490973713016,-0.5789071439500605,-0.22619090809414144
41.68811165386652,-72.62536881081657,0.06520594451772904,0.10738677757299817,0.05900811908086184,0.4940068186289693,0.16209751032024405,0.7865948456103962,-0.6428735581782478,-0.5058788574681347
41.68807755414289,-72.62144257736735,0.09480715459750315,0.08942298644461003,0.1505163451716349,0.29497156432152855,0.338264858645082,0.3242629397377854,-0.5347333292504763,0.06836829461061532
41.68790697050751,-72.61724575573793,0.10174703846724642,0.15204591528559497,0.21264425731184827,0.2684818381206598,0.30713605810709893,0.11605602219230356,-0.27688047195919746,0.06715256811811243
41.68818460815152,-72.61385287622994,0.05396113064444888,0.05185353709134744,0.0865505557991884,0.436176972377179,0.15327208064449668,0.6688502092050282,-0.7874987891727637,-0.47994799598444526
41.68783876320009,-72.60922110367804,0.03309427385127882,0.051785109477213855,0.06597713397077215,0.36932241501672697,0.24134048638984096,0.6968655992213451,-0.7540527942859925,-0.20957868626389348
41.68829971374608,-72.6050381681232,0.04459472007626249,0.05447807796857913,0.07424762671150893,0.3774822169622347,0.1311224933323911,0.6712742018207973,-0.7477634930437078,-0.4843834880867142
41.688227826852874,-72.60112871936028,0.13369128190720692,0.1601348931421939,0.21668916860782741,0.3324373565605042,0.28943048482876427,0.21078600768228206,-0.34980140176858715,-0.06915757476003505
41.688450609516366,-72.59719868323356,0.04115180639991477,0.11609019526623261,0.04649825243022698,0.3570744007307041,0.1515476255841535,0.7695668818685539,-0.5093031209503927,-0.4040854790258753
41.68857434073368,-72.59334414120605,0.05623337547217858,0.11181888174251464,0.04754029362658195,0.49060806414897556,0.1642180639795023,0.8233190051045021,-0.6287719780626959,-0.4984376556603054
41.68804064976595,-72.58896371429523,0.03517551341550292,0.08520966772663212,0.07031325514592951,0.5647918042945069,0.19665123087769115,0.7785775625598718,-0.7378170007471584,-0.48347749787160615
41.688081704385716,-72.58504436937177,0.03164338351332345,0.05812695155310896,0.03232335607373977,0.438814785628653,0.1844138743649287,0.8627860781683107,-0.7660613017423072,-0.40819835093325824
41.68797168646872,-72.58103743001406,0.05403045742463938,0.09745599613047581,0.07001772981380437,0.43587731971934346,0.1650078791969419,0.7231926666275212,-0.6345400025303564,-0.45078401167298315
41.688415540257054,-72.57721471931148,0.045734995681856655,0.07312225200427977,0.07164270079116883,0.5248009221765387,0.13755660460837071,0.7597670658805997,-0.7554125507697187,-0.5846454549219907
41.68803957819849,-72.5726740116235,0.03181528380522376,0.10986147625389495,0.03979068942384861,0.4869571307646633,0.1751637357599915,0.8489193959659544,-0.6318429922863353,-0.4709010254294136
41.688201150505066,-72.56861243656424,0.052746261366715286,0.11679877937324304,0.04720463405875307,0.5838944588223125,0.23991064461943196,0.8504050010807127,-0.6666193620648418,-0.4175548473367833
41.68828442618395,-72.5645114962314,0.064262371605286,0.08842846465706221,0.08667177995115755,0.4686034566888328,0.15490677419317686,0.6878240763063211,-0.6825012669169759,-0.5031139297456348
41.68819782116249,-72.56035313634496,0.07870548094902911,0.051984063939997896,0.0744267212866876,0.6002711978911099,0.1297215994495554,0.7793776468811828,-0.8406020863854421,-0.6445948510118839
41.68776170110155,-72.55664078848473,0.06239816879478942,0.0548179190721372,0.0800653651290694,0.49132443891812094,0.23793565853375964,0.7197522092205311,-0.799254101901706,-0.3474600917693579
41.688179299506714,-72.55266846292204,0.05579494481222107,0.06761974492246026,0.06035853023466795,0.3772190720064806,0.2056499993015454,0.7241242242494649,-0.6959809155626725,-0.29435267910152485
41.6881773167194,-72.54850784249797,0.03271909870834089,0.07096587431922521,0.043924827640187264,0.517408516532151,0.22228227256292613,0.8434982418336381,-0.7587730689075786,-0.3989859659199981
41.6883542939075,-72.54395311174014,0.07303838474773022,0.0739588352001616,0.06954024395821932,0.45870551855993136,0.1400448146846521,0.736712534609949,-0.7223060462819257,-0.5322096476313936
41.68829809144436,-72.54054176223661,0.0739236077697994,0.11470028315867259,0.07929678822068421,0.5018825926041142,0.19248781684630914,0.7271176822957904,-0.6279485283571179,-0.4455759801208742
41.687487310886105,-72.53640536549189,0.058097046180058884,0.07301499184670723,0.04934032636848265,0.35191304562588593,0.19751112324123127,0.754068975803273,-0.6563418489352257,-0.28102499149795873
41.68821714229845,-72.53241958103268,0.03202159656965019,0.07550531035329279,0.08273813234318744,0.4409011180512905,0.20827964731554716,0.6839880422223598,-0.7075740881593462,-0.35833081191845556
41.68819443962553,-72.52818879104376,0.07108203675060207,0.09843157617668644,0.06355453372205709,0.35026796529366977,0.12456179956996505,0.6928415739926128,-0.5612584053278361,-0.47534123263844824
41.68831956828877,-72.5241323052298,0.07687826293864736,0.11316122434426192,0.03122657898856505,0.5637987682435899,0.1786489467214501,0.8950411805687944,-0.6656782510538789,-0.5187568279340392
41.687996037971125,-72.5200183696654,0.044409965060028214,0.10259266430539116,0.07758124731609539,0.5173229423279484,0.15916330462801428,0.7391806994584607,-0.6690108679065037,-0.5294411221389534
41.6918132462889,-72.78019891971041,0.11024129952194534,0.13523327502406995,0.18552037389830223,0.27948088162753454,0.29511379300886276,0.20206506243295855,-0.3478241682611403,0.027206850448484757
41.692121312971636,-72.77583775452482,0.05821481029146933,0.08095039902251468,0.07231440352751027,0.5763473696498947,0.19318769146862902,0.7770351005169138,-0.7536872848784627,-0.4979106184250278
41.69266267826632,-72.77175164200295,0.05491872735108988,0.0911787988223561,0.030148675851421385,0.5811098773796941,0.19930318609783856,0.9013554061794136,-0.7287510498095816,-0.48923667369241486
41.692155382291794,-72.76808895879554,0.13824695891172734,0.11920424618618562,0.25667240107119876,0.2545249647838252,0.32551201364803006,-0.00420079685618448,-0.3620822633757095,0.1223836608764499
41.692216064210484,-72.76348392195344,0.1210398428939913,0.1296558817043616,0.24958983579387334,0.3026470890897435,0.26117628873840504,0.09607697512630457,-0.40016196758401,-0.07355282164972353
41.6924430248121,-72.76008876399474,0.07856306581344341,0.11432368059670629,0.07532229247351846,0.5145459294941812,0.14238218627878013,0.7446131536896288,-0.636415311656788,-0.5665212589927012
41.69226994036868,-72.75569602475133,0.07341195642028289,0.05767591294341888,0.052856420882918045,0.4866103930202874,0.17620228846298405,0.8040419928689,-0.7880677418797128,-0.4683195014655701
41.6921626679916,-72.75166783431867,0.1135945833281306,0.08487224267527277,0.12263860143642398,0.26522557235897876,0.23616331970337762,0.36762088523744146,-0.5151512575594374,-0.0579634952343275
41.69242520430238,-72.74713455020812,0.05960884724408903,0.060811125043977024,0.048214959095663215,0.589974783428987,0.1907327518927004,0.8489008647963316,-0.8131148070287286,-0.511384882908528
41.691891737703536,-72.74376625727638,0.05354760692284086,0.083605605263618,0.08985887803102202,0.3809002361222051,0.2307554546282068,0.6182383927174528,-0.6400234493749913,-0.2454727124500267
41.692478998063436,-72.73976132498638,0.05596130521441481,0.07047273933645946,0.07794644690639638,0.48453537285178916,0.24035948325406858,0.722848119998239,-0.7460478944763372,-0.33684318151936665
41.69218919241525,-72.73502801080765,0.05519664822151171,0.11331544452936129,0.041066757653210474,0.6128041446113945,0.22558477174065497,0.8743887898636243,-0.6878876531524191,-0.4618612738293186
41.69251524165767,-72.73106677286064,0.045338704178860254,0.10333637249949226,0.03842700950334135,0.4329040173098773,0.17794524623676528,0.8369425846494531,-0.6145893727392382,-0.41738410159128264
41.692305260999085,-72.7268272968505,0.09310083029279509,0.15452811721545723,0.1317939310578643,0.3178330393527109,0.37424511342255007,0.41376323160722694,-0.3457204722837674,0.08151113258470088
41.6925754319327,-72.72296603916543,0.14206416761990742,0.11904465103969598,0.19747416228481032,0.32028435806144495,0.26437080976680716,0.23719589528822105,-0.4580615048240992,-0.09563508777718172
41.691985742234394,-72.7189348230127,0.03434002216753616,0.05310781078374131,0.08986052684218934,0.584753423273366,0.23477017545060652,0.7335942228090686,-0.8334816165392281,-0.4270569491442295
41.692168778507245,-72.7148883847447,0.03650124975089515,0.08508463934769252,0.043202899228596464,0.6025987313196164,0.12052041111756127,0.8662038087704361,-0.7525470500613423,-0.6666651342920804
41.69184849711554,-72.71116761393907,0.09032005929217393,0.14560476050611784,0.17240193253010389,0.2907043887426072,0.3958567454021841,0.2554542030162402,-0.3325615071018668,0.15315803856354174
41.69219820842548,-72.70654825011165,0.037986923381135455,0.07244088437149343,0.08785695892224649,0.5178890738023469,0.15607644552642197,0.7099214714553773,-0.7545749343449006,-0.5368414524177285
41.69204135546369,-72.70276823766312,0.058032642036458415,0.11196140136436887,0.07034637433300742,0.5235370273135957,0.14466985783739986,0.7630970182430935,-0.6476422401317857,-0.5669908196030976
41.69250713617578,-72.69894021618627,0.10741150682317863,0.13890208209102176,0.12988991377147446,0.3279829093027392,0.24766201782415392,0.4326375918126006,-0.4049837341039106,-0.13953200609180325
41.69218171738104,-72.69474038665076,0.03151049741210352,0.10710833487286239,0.0405876084881584,0.3639873812227658,0.2182641050073645,0.7993568088963733,-0.5452799453981011,-0.2502754903364992
41.69220242933829,-72.6902796802461,0.14732606308272073,0.1097329526106532,0.1536308111601638,0.23566495074050808,0.24469290653682735,0.21072446095951886,-0.3645997758180413,0.018794229467775644
41.69244113653136,-72.68647168423018,0.1075347595056533,0.16794668555898762,0.12916651947556573,0.2182814472168055,0.3998360486191512,0.2564842401859318,-0.13032391321695203,0.293721828981409
41.69238429191989,-72.68283438592333,0.05099052805278929,0.06478546961065755,0.03771531054751219,0.45259956651875066,0.1948568086591455,0.8461588162562923,-0.7495657389115001,-0.3980851339810923
41.69198898601876,-72.67838669826665,0.10112654749847114,0.15906735916446096,0.2605303569430173,0.23796613467558936,0.3257334762959608,-0.045264555812945494,-0.198720704261071,0.15569877983258182
41.692150749278426,-72.67375181528334,0.08539031349125353,0.12257125237469171,0.19792727894066509,0.21320488515223907,0.2208021771459472,0.0371598418851065,-0.26992279274246556,0.017504996240103515
41.69189751712113,-72.66994795729812,0.10432692055626122,0.08389108207742149,0.2160437250225731,0.19660637536836706,0.3193596956304558,-0.04710370756190611,-0.40184069516113147,0.23790967499948032
41.6924061761311,-72.66644137382526,0.03236921169087993,0.05173445126131178,0.055801594178731276,0.5885032230898013,0.15172816124311475,0.826785109522239,-0.8383898563490655,-0.5900520716779671
41.69254279636273,-72.66236283603745,0.03765501879016885,0.07318937553936969,0.07020559044891422,0.46853948030158615,0.2154453588683719,0.7393736137534804,-0.7297933283404157,-0.3700288470433843
41.6922289303129,-72.65761947276229,0.06771805343658249,0.10965254365052154,0.07994198150790005,0.5471717558156126,0.22423423616526578,0.7450479019991235,-0.6661130115324692,-0.41863496395857885
41.69208169888572,-72.65409431332723,0.055746986078638636,0.10957258910344511,0.055881576172290434,0.5713262282090779,0.22391609475742805,0.821808415705516,-0.6781530931837326,-0.43686071958003936
41.69185593810627,-72.64958380598532,0.06784597488237432,0.1155394944963266,0.08441414508333187,0.5048519826612811,0.1952899141623174,0.7134939847758673,-0.627527138104206,-0.4421418999539721
41.69258674834112,-72.64592458707139,0.1352262596606163,0.15957950048053127,0.19059448073782098,0.21801486960523042,0.2415712845283311,0.06710661134990774,-0.1547569925669891,0.05125571062407352
41.692186685280156,-72.6413961413271,0.06585097363814443,0.06751197369635208,0.08258368504505276,0.4335843822280933,0.1460352079117186,0.6800124212203499,-0.7305429468877183,-0.4960998199647014
41.692202687312886,-72.63820798812935,0.13761809301428285,0.12646025871930364,0.17501055502789936,0.22709788481392992,0.26119228400339367,0.1295355297852472,-0.28464236487079136,0.06982405415215098
41.69238669063594,-72.63423314725523,0.046345972759611234,0.05618731647922483,0.044921422847271894,0.365771882479747,0.22270386999130906,0.7812410269921359,-0.7336836517945516,-0.24311624036790655
41.692086584408614,-72.62954711471134,0.06153232629751601,0.11579104624593131,0.08767563100490278,0.5337846194296594,0.2263160705417419,0.7178399392604926,-0.6434871182389418,-0.4045102878402675
41.69290151918644,-72.62528745748719,0.033912950384178506,0.10306147582052148,0.08770998043154205,0.3729431833439494,0.2286950519969411,0.6191929749806765,-0.5669728275289367,-0.239758916361552
41.69207008493464,-72.62160391261892,0.07639291127314943,0.11721582031660775,0.03767294306113898,0.4442311408999716,0.21075880334961136,0.8436496210968855,-0.5824509582788836,-0.35645178922227233
41.692375488012644,-72.61755803142262,0.08381695128380791,0.1362329494417744,0.22449441060866926,0.29680412959725067,0.37123930357120766,0.13871076439235394,-0.37080238143072664,0.11142265648944252
41.69220812958431,-72.6134173480561,0.08859668434471482,0.11123878122020373,0.1485130970368745,0.1836260048693884,0.23463847390634215,0.10571747689744633,-0.24549294138904212,0.12196223113726602
41.69225644877814,-72.60920089702729,0.06990841456986546,0.08974292817888338,0.03825338084959268,0.5022993911097924,0.1280073579188435,0.8584656935124667,-0.6968361035856109,-0.5938252029948424
41.692315419931894,-72.60525074832313,0.09518433265553086,0.14858304476238238,0.25455111476780473,0.3183330586678159,0.33810546107399364,0.11133479830225898,-0.363555706599891,0.030120722370092796
41.6921228929838,-72.60086388763047,0.05724914697892487,0.06895187354647209,0.0496705223312065,0.6026138323468302,0.2011670918652395,0.8477028554341962,-0.7946533810723592,-0.49944795701032696
41.69240284913399,-72.59648757569454,0.05068711624928285,0.08291275912421113,0.04741855540246022,0.468760391159744,0.20912699021692838,0.8162708660697154,-0.6994134694373485,-0.3830037379004532
41.69217439069724,-72.59328295392227,0.04414897704306564,0.09777918554027498,0.0685635188808036,0.5262095732681524,0.19905675911325438,0.7694464669439605,-0.6865995287255025,-0.45107955456955257
41.69220869348102,-72.58938046379612,0.06527246656172889,0.06653873040948313,0.046998350351209535,0.4644846165023813,0.1561007309602172,0.816227114500716,-0.7493943315432917,-0.49692421324973324
41.692392478102434,-72.58501626141818,0.060193228046917194,0.06539230299145432,0.07825751195260124,0.4681348163283062,0.21181173451882207,0.71354827693566,-0.7548679322062256,-0.37697533944416317
41.69213503208085,-72.58127347472791,0.031410976608866416,0.09731369942708953,0.05062260461982417,0.6062982598085738,0.1621361478981845,0.845879138992268,-0.7233881597669208,-0.5780091409960466
41.692359873025765,-72.57689279174721,0.061005631447367016,0.08269296450932642,0.05223769569033797,0.40499612425164855,0.13449777471628918,0.7715055474375633,-0.6608783488701111,-0.5013927869301728
41.69270111771364,-72.57311641409211,0.050615536342861735,0.05013507955113376,0.08717572743756086,0.3553945795420494,0.17441619632208938,0.6060480061009734,-0.7527427233645879,-0.3415906045413635
41.6926320793488,-72.56884369728817,0.06564431457160505,0.08245380284300083,0.0884665223390462,0.36061623341898297,0.24829598632994104,0.6060123832200187,-0.627806910444079,-0.18446049109567142
41.69198103951395,-72.5644776996612,0.04273862120487683,0.05997206505989888,0.069798916762362,0.4892820482562524,0.18801183489676931,0.7503083770343064,-0.7816236106168989,-0.44481460833068937
41.6924906270108,-72.56128128667103,0.0455531917552295,0.07800465894925132,0.038009750105511074,0.4019247908744361,0.13863550912724,0.8272027014707918,-0.6749328094872775,-0.48706736648322074
41.69216868099344,-72.556694213299,0.05651725088054259,0.07620574835392996,0.07010965741946103,0.5694844438778555,0.23456031803732216,0.7807682801412503,-0.7639556887474785,-0.4165491048567592
41.692290733512685,-72.55210991226753,0.055565297670634756,0.08321710624315236,0.08192591133732602,0.4543209627914593,0.1714686482752913,0.6944470344170224,-0.6903768829150811,-0.4519926657682996
41.69216263454117,-72.54850145578355,0.057242501684473035,0.096232280171732,0.05583013860657423,0.4088160688085718,0.23268946811380387,0.759687531220106,-0.6189185436759642,-0.2745519571658504
41.69278075966538,-72.54441945643133,0.040367666651322784,0.08920402333653613,0.062196905611767134,0.5737349189402887,0.13805068027760786,0.8043912784029073,-0.730883139764968,-0.6121003840783049
41.69216522968654,-72.54035489659313,0.059305469195718316,0.0857116405308437,0.03216149441017599,0.48421447868778145,0.15426145614800876,0.8754338075909085,-0.6992184157190224,-0.5167822380410209
41.691661353698635,-72.53627349635819,0.05488485647370529,0.05652527488672223,0.03438247648570553,0.40012757781668995,0.14481506905438907,0.8417413997892109,-0.7524365629072973,-0.468512622802124
41.6919064460793,-72.5322745923408,0.07408597116373852,0.06468324624293892,0.03546788672558296,0.5864514244171046,0.1583925848899753,0.8859405518043303,-0.8013214495939197,-0.5746959553656713
41.69234360077697,-72.52842866708183,0.0772184609578887,0.10004418224854425,0.03413633710395328,0.5102018338610773,0.24858013155549352,0.8745767284942204,-0.6721185239804242,-0.34479167169181946
41.692349240659944,-72.52364644168712,0.04979836515451844,0.07208757221319875,0.03778368641429433,0.5375955440371655,0.15560028736683076,0.8686651015030623,-0.7635244595371206,-0.5510639841798284
41.69194192052919,-72.52031967749194,0.05489837793893328,0.061071750455643954,0.055925425414769345,0.38870239996789135,0.24400048569351895,0.7484393813336438,-0.72843370212301,-0.22870436907064992
41.696204359970004,-72.77964834611659,0.07687256231253484,0.10023086188420982,0.12876385718246977,0.20509152896177799,0.30856651470790775,0.2286249524407241,-0.3434424405855727,0.20144722159295272
41.69626100455656,-72.77611896455517,0.0590623511426676,0.0663957973347743,0.052324704690961524,0.3693954148280743,0.14861704043030233,0.751851039259702,-0.6952862036604667,-0.42620282998340475
41.69598449990068,-72.77142727535718,0.0789810840562144,0.07961604704102293,0.0348408227048799,0.43736482805732,0.15090286879822704,0.8524336900727792,-0.6919961612665927,-0.48695850679938935
41.69592197379487,-72.76720092053527,0.10056962174238673,0.0980353721634483,0.23457599530539955,0.24428080726139134,0.38741092826423973,0.020266626482012162,-0.4272232628433307,0.22658222825054017
41.69620759333242,-72.76408010578672,0.11457705547472578,0.09524665089783863,0.1458525798994435,0.29020020786756284,0.25803292927866867,0.33103246216430066,-0.5057858237427765,-0.05867445145023061
41.69640730142673,-72.75976653121799,0.12086333014262984,0.13482638418332651,0.16009741990448956,0.2614989141203072,0.2193023122781798,0.2405179695178601,-0.3196175729360935,-0.08776309111814727
41.695967975060384,-72.75581388517968,0.04574392391387515,0.11316589441841994,0.07778799889701256,0.6056609186061146,0.2047551049843011,0.7723663117905029,-0.6851372476152822,-0.4946913707920851
41.696626463057335,-72.75144506816507,0.05554385746351645,0.07485420495565173,0.06842250059505992,0.4974576632182601,0.1361225759902864,0.7581731788088192,-0.7384146332855521,-0.5703067502221106
41.69650228697701,-72.74719073736455,0.1040958301275798,0.16215552326388927,0.19078233502415132,0.31563010142020975,0.22976202427246178,0.24653376854771478,-0.32122058560843975,-0.15744282526758488
41.69692249587174,-72.74345404815817,0.04207448031824034,0.06855541020024804,0.05200345037507806,0.5437302738224166,0.24344839557710318,0.8254137771195303,-0.7760672444606418,-0.38146597452186576
41.69616929427352,-72.7395822187907,0.07140972335188082,0.10947600417122488,0.04758226046596911,0.6074234671364261,0.17136499721682968,0.8547119255273055,-0.6945847819596334,-0.5599190150841805
41.69607783733249,-72.73557360412208,0.03807753632255968,0.09102958686217516,0.0371266273857347,0.5630683507646101,0.15657097260360478,0.8762847783227046,-0.7216637398599635,-0.5648626540562384
41.69615944602016,-72.73117597485259,0.04964289193005834,0.09529831516514964,0.055179515568570064,0.3972011142386731,0.1237793098419436,0.7560482835346787,-0.6130013174613845,-0.5248216473377896
41.69623714808511,-72.7275294384747,0.08406171157845782,0.12506934438673867,0.17911536738900047,0.22935643241281198,0.36043967364928564,0.1229976342263728,-0.29424239108052797,0.2222517915753624
41.696397390971185,-72.72338352778488,0.11853483840282242,0.14170229101605608,0.1317193577868082,0.21206414587351252,0.22220926384558498,0.23370751426772912,-0.19889352838585003,0.023361130902844498
41.696164129684846,-72.7193758263156,0.04096358754615455,0.0726245102644948,0.06546465701723012,0.5178849723260053,0.20927801461038947,0.7755560174404034,-0.7540276239226539,-0.42439860562183673
41.69624702375379,-72.71488257582013,0.05798614228888461,0.0714086068288797,0.08444491119562039,0.3757805212289887,0.21256013348816669,0.6330280543135626,-0.680633529088663,-0.27742496873565564
41.696369269450294,-72.71096576009272,0.0460811169109623,0.10794184689020142,0.07624861690994356,0.485085215893257,0.21982145883239546,0.7283305852805215,-0.6359631670650553,-0.376310462890852
41.69598738064951,-72.70726062115195,0.09861860541548613,0.1283549982430743,0.2721671766676623,0.3236781315549126,0.3951485844727216,0.08645021480643868,-0.4320991547657756,0.09942653955986443
41.69602045475973,-72.70292791055073,0.11668935248946781,0.12792733822962493,0.24774915052802154,0.34355119905270215,0.36085066291977314,0.1620192658309968,-0.45733547504827143,0.024559083104392716
41.69615323387571,-72.69879344059734,0.055465015661241096,0.05142579315790644,0.06018274828966066,0.5811121160470137,0.21220562144849225,0.8123086535180322,-0.8373985419386263,-0.4650173280672566
41.69628521361974,-72.69482904731872,0.031674178449855026,0.07680985595185405,0.058464962693558636,0.418906402891752,0.12406132726878447,0.755054588907426,-0.6901055610682044,-0.5430250441141176
41.69646955454315,-72.6905310674256,0.042499337701425444,0.0876481279298612,0.05628160687624388,0.47797580771785453,0.19551327529672965,0.7893090284240463,-0.6900833843621124,-0.41940179810607
41.696387765419004,-72.68629662276788,0.11058322725843951,0.10073728752393814,0.20380517909918006,0.2304414195834848,0.38920142957377285,0.061338973212706156,-0.3916439350597354,0.25621212317096675
41.69630303091869,-72.6830538200289,0.07174655354446158,0.1204154535613276,0.20583783832932645,0.26271848722711505,0.41164316004014917,0.1213955415717397,-0.37141850020633843,0.22083799311026361
41.695673481662666,-72.67855772916654,0.06945266398035732,0.08888909272826297,0.06670562126690996,0.6161803641194286,0.2050183359676452,0.804636139284154,-0.747857202251594,-0.5006851911823373
41.69658307802927,-72.67437993946496,0.06497118551611564,0.08390209120798374,0.08512787957894055,0.5678453007414229,0.13353750938893927,0.7392607165360916,-0.74253186972631,-0.6192164750541309
41.69613519173347,-72.67060874130206,0.07726945832866178,0.15236783365746942,0.20837737303206924,0.3304593031595656,0.2615550735076896,0.2265657397160517,-0.3688514085520075,-0.11638945330985437
41.69646776577563,-72.66620726540722,0.03875024811449192,0.05716535759452835,0.04230303591139099,0.567682501955205,0.13375588859900875,0.8612982332028907,-0.8170263153794851,-0.618623986367992
41.696693721548414,-72.66218004155321,0.03950304433040656,0.05431367988643284,0.05692838302633305,0.4046710432160274,0.21090520517181194,0.7533429212000662,-0.7633312084144978,-0.3147714658446905
41.69660826639805,-72.65788133557733,0.12107952578933726,0.09855241896319072,0.22863770574638995,0.19281038805862086,0.4146968103018911,-0.08501003614538859,-0.3235072110229015,0.36524081170079664
41.69651324231491,-72.65408456136257,0.04672314461026093,0.060696928483654516,0.04310467998717275,0.5856425697782301,0.1984166058066104,0.8628870981041877,-0.8121825181754211,-0.4938733912306843
41.69641397356668,-72.65001782901679,0.15785807779222805,0.08327572302636953,0.23717094754685042,0.31913946471445687,0.21477580807069407,0.14734312959273646,-0.5861203773451867,-0.19546857331754777
41.69629000210435,-72.64507398839945,0.12897761650065614,0.15830128354568426,0.2524996461340032,0.2657312177550626,0.31193449053016586,0.025532195287951358,-0.2533530658141301,0.07998271684198698
41.69629748079116,-72.64230832526115,0.031039341223792077,0.06370401215468073,0.07801199658219019,0.4418697172110215,0.13947826824999976,0.6998855912319305,-0.7479931869300075,-0.5201556666980086
41.69641683008326,-72.63747795096675,0.07635856441939996,0.08304809091246494,0.19442690173389493,0.35211373470965424,0.2613821567511078,0.28851803957681815,-0.6183116899386238,-0.14789272303439613
41.69627013885698,-72.63367396238844,0.07084740321280733,0.09801071117981731,0.06070934333428543,0.4641873586215762,0.22601535827030939,0.7686807971622941,-0.6513303177492539,-0.34507543149612724
41.696344944760995,-72.6298740486884,0.07312391834917392,0.06481218070175787,0.03252398652318366,0.45928206859091647,0.23137576897678086,0.8677365348190436,-0.7526697505678439,-0.3299843818709964
41.69662765750015,-72.62560519623806,0.10198279890882139,0.1415516694758151,0.1407611504115739,0.3413892441865381,0.23438027496575745,0.4161110226658515,-0.4137930108163064,-0.18585382807052683
41.69614463719179,-72.62103208125373,0.06023743566477954,0.055904142610681794,0.03391663406871959,0.37022885799005656,0.19668605714782372,0.8321563163011256,-0.7376211533400546,-0.3061178956634528
41.696397352311784,-72.61790984747635,0.0594643851832314,0.08731284233504491,0.07128370398607621,0.47738214444401716,0.21280188905832878,0.7401562200744172,-0.6907610501978613,-0.3833474008998342
41.69667392067689,-72.61350182947132,0.036281252277582735,0.08874599294908676,0.05065546722867912,0.603795300300348,0.20156799171395978,0.8451970117784838,-0.7437091656074785,-0.4994358602816012
41.69646499969232,-72.6094082691105,0.07098692701411799,0.05021427734048651,0.06718064172814306,0.6023844307823603,0.2224217937644031,0.7993305072612215,-0.846109786257701,-0.4606689737662313
41.69622991917169,-72.60490675663785,0.05754158325151333,0.09329781655522393,0.03353492036014821,0.40441895823708585,0.19162537401676183,0.8468563837472542,-0.6250967567080462,-0.3570096596937322
41.69681406535829,-72.60141709367082,0.15283261251653243,0.09017684591798059,0.27035523968364805,0.1921716013732731,0.30429236750411937,-0.16903589450445153,-0.36123717496516233,0.22583867744596745
41.69663386184507,-72.59703760387005,0.03091155364944918,0.05174634030946555,0.06067621436616201,0.569131121041099,0.13656546723943794,0.8073181719075212,-0.8333122281588246,-0.6129626541848922
41.69611439936841,-72.5933871479112,0.0774817694088375,0.10362233846202891,0.08263052198273499,0.49028823554435097,0.22820150954827934,0.7115454123394503,-0.6510507035999807,-0.36477448395910295
41.696169700380764,-72.58869608495792,0.0627976555062343,0.05363667526306392,0.08354888514838082,0.536719619719003,0.24378609430315856,0.7306041351680627,-0.8182904943371757,-0.37531246748505787
41.69657179881192,-72.58543435548226,0.06708451825225595,0.06699452898225744,0.06251092920670001,0.528056164251479,0.24724512507811536,0.7883020239388713,-0.7748274903498283,-0.3621960172621175
41.69620983331524,-72.58072055611986,0.05943853914947861,0.0602636200005047,0.0559179634188647,0.4266815704106722,0.13544758049406336,0.7682635000695383,-0.7524829439238611,-0.5180908861386634
41.69628050237922,-72.57719281228998,0.05952687042928617,0.06187878525693058,0.07341569541616927,0.402715238218011,0.23651706310089943,0.6916155190514219,-0.7336221211193945,-0.2599965220377622
41.69651807660396,-72.5728723746589,0.046005238294327344,0.06575535680422136,0.05829616674990888,0.5773452748075504,0.23898603671846433,0.8165753113671422,-0.7955052333274127,-0.41448763916279513
41.696210594377796,-72.56885258518285,0.06600702237831536,0.09073991078191918,0.04206096892065359,0.5552798627836079,0.18746095658147832,0.859172630805598,-0.7190800823909602,-0.495218381179791
41.69621606666667,-72.56508096473263,0.051954878065118795,0.06262394688624595,0.07539095205872046,0.3923930575209838,0.22117933731763798,0.6776676820293285,-0.724740190895376,-0.2790440405135525
41.6961616561882,-72.56020560763753,0.03097113940293702,0.06911932488246715,0.058100264567508816,0.5107969822535349,0.23949887291797653,0.7957442582393609,-0.7616231030859517,-0.3615881754718501
41.69632909228325,-72.55656243247398,0.038171464406841826,0.07598963412560389,0.03313692064927938,0.5504721085850179,0.1395848584662787,0.8864413708857264,-0.757400559539977,-0.595439608231932
41.69633600061087,-72.55248913749391,0.03069863597092313,0.0501564643323178,0.06063963790439382,0.4323379887122826,0.14344048797937303,0.7539862475278407,-0.7920951670394375,-0.5017511289982132
41.696089609028334,-72.54768155463684,0.059610357484247395,0.0765486165410391,0.04120477306018738,0.3872882792245621,0.15079187840654745,0.8076758872029258,-0.6699330422402501,-0.439518903390132
41.69621591237654,-72.54411373383356,0.07509773450908971,0.10819534881181198,0.05232022540317953,0.505475077017087,0.19375687267182762,0.8124034921909068,-0.6473828809147191,-0.445800859763261
41.69670867081582,-72.5400571140335,0.04481937443965062,0.07112498036219281,0.03245219938630046,0.4349657230880819,0.2341287909564409,0.8611426827002807,-0.7189239799217884,-0.3001622759057279
41.69626406254748,-72.53675965262664,0.05290292708092157,0.07669442311113474,0.05936155179740327,0.49977427149584286,0.12263363880230699,0.7876667910570618,-0.7339164335249007,-0.6059380455381351
41.696103091527675,-72.5327512938896,0.06267024060018211,0.09623165669453584,0.0616787914698425,0.44025382116288303,0.13936711714333774,0.7542347720889213,-0.6412515877266255,-0.5191094457332789
41.69596039752017,-72.52838180764917,0.07122512838459369,0.07946381896294308,0.05488525344971849,0.4383361317884945,0.24601600553081623,0.7774417124139483,-0.6930713537240619,-0.2810250977092279
41.69641464623654,-72.52397775137239,0.038276575077251504,0.09609692379955348,0.0895137191237759,0.41357829600847373,0.23773026161877342,0.6441457370368118,-0.6229091779829945,-0.2699918991243173
41.69628173911394,-72.52003430667546,0.032024947596668386,0.08469577822033322,0.06927419797673891,0.4948063398501097,0.15091860003463284,0.7543818893535253,-0.7076946724462607,-0.5325607214069483
41.699857490105025,-72.78037844040666,0.06179596325946268,0.10532892878419008,0.04448934363730764,0.583401603120772,0.15642611769029968,0.8582895839890206,-0.6941360259059216,-0.5771282602960321
41.700235159528,-72.7757569314632,0.05668099669699339,0.08674454669930207,0.08102587106918197,0.618954359562424,0.13393740996181827,0.7684909729634202,-0.7541598947380805,-0.6442054080456896
41.700728399317505,-72.77214385493915,0.11445187688389592,0.16561950631484165,0.243289488445616,0.1833932842268316,0.3001047873283013,-0.14037642964499303,-0.050925864018922545,0.24138980063783189
41.70009151419787,-72.76782462097512,0.04987370418453241,0.07881589865908153,0.04126295534698553,0.5542029209071574,0.16178208841852199,0.8614095047509501,-0.7509840269422375,-0.5480852634864808
41.70046935733626,-72.76376386900407,0.03610074659314191,0.057998410577742215,0.04801918014738095,0.4664280413939754,0.15881049233777814,0.8133173700364881,-0.778812032231852,-0.49200030462001987
41.700191450175325,-72.75937850037931,0.050689990494207374,0.10413655016969388,0.08103371661520448,0.5480031090581047,0.19252526820496674,0.7423562077515333,-0.6806311387563748,-0.48003270606178955
41.700234243485426,-72.75587597203399,0.05753794461015969,0.10394265328469024,0.04902723971250829,0.5265727496135715,0.1825924555774438,0.8296482257759941,-0.670293056103303,-0.4850495928427224
41.69999432013931,-72.75143029312666,0.073284351767726,0.0599001901618104,0.05196633973298696,0.3631402128070254,0.12385214517693084,0.7496240933080529,-0.716811019744499,-0.491358978651525
41.700058747295074,-72.74774061815093,0.04374385383125094,0.11860088514614714,0.045135047131301016,0.5459412668491906,0.1568885524547714,0.8472784442085064,-0.64305985770793,-0.5535518040195169
41.70051422529967,-72.74343266814408,0.13081736604045124,0.10503765989898231,0.23937667713144023,0.31855503012311687,0.35930359253985833,0.14191405858844908,-0.5040629247237368,0.06011365947763602
41.70055562582689,-72.73875770099082,0.09183628316730606,0.10742385722253385,0.25016424793288633,0.2088714249100945,0.34532840861100134,-0.0899555861683904,-0.3207368981400799,0.2462234296137019
41.70067974474453,-72.73546674487595,0.058793862926794144,0.0712410028174256,0.08258068016385103,0.3939424242109612,0.16734531223576188,0.6534032477934304,-0.6937079066960042,-0.40370935842940464
41.70048264655955,-72.73143755476757,0.03395345886839778,0.0842460347032993,0.034519839746742206,0.5330339679666088,0.22277819357722803,0.8783557108503206,-0.7270411018049777,-0.41049322857632536
41.70059770431961,-72.72709017365223,0.06845309569200102,0.08540307948249305,0.08476421407086757,0.5238147631938549,0.23486168281267467,0.7214356156308817,-0.7196304064000826,-0.3808647044496401
41.700831604825495,-72.72338760498583,0.08824495791064149,0.10113397932619783,0.276486838464902,0.25822986493269706,0.23999939964322978,-0.0341432639306007,-0.4371499473756835,-0.03659051482049
41.70048902952804,-72.7194057626649,0.15307131931429774,0.1786590075922091,0.22427180142577802,0.30598602494359045,0.2708024173332496,0.1541028146200179,-0.262722216887627,-0.06099915503066517
41.70008124654071,-72.7148007640775,0.07866279950488254,0.11048970737743725,0.048218708072288,0.5322960934228833,0.18071238646371593,0.8338760426156366,-0.6562160917684597,-0.4930989137956469
41.70034256873263,-72.71097983562676,0.11943862740482553,0.12465966901175077,0.2019498272479911,0.21876429014629278,0.4064943475701145,0.03996648128292673,-0.27401879986840144,0.3002438448662722
41.70033593679509,-72.70730970386563,0.06114254829280874,0.10946232730509128,0.049855246788868,0.4026886556667163,0.15445276975473055,0.779666695238431,-0.5725388373954683,-0.44555273506041837
41.70066797666772,-72.70310933077725,0.09441466654371922,0.1448512298405138,0.12848517946750151,0.2412654800651514,0.3517454325069045,0.3050171722214066,-0.24970235100209268,0.18630340538350354
41.700856721210144,-72.6991247238199,0.07008334960582645,0.12737677518315726,0.1262334063065797,0.229129166119482,0.41885675341023376,0.2895514828993738,-0.2854156947974866,0.2927958487561721
41.70067262195734,-72.69461941664972,0.05318522911342757,0.10910894826614703,0.07815875648358546,0.38408518787289614,0.13617835028528577,0.6618289652560183,-0.557541583440941,-0.4765024250310547
41.70071887086127,-72.69059083587344,0.07966292647178772,0.13742972879655516,0.14490803154001808,0.3035032758005009,0.4016153145443594,0.3536825268771539,-0.3766412250217265,0.13914260677182505
41.7008140600598,-72.68647257212527,0.050425833506792736,0.10676291266337722,0.05042066783558326,0.586222244127599,0.15558105299252203,0.8416045576315183,-0.691875326283273,-0.580532862022778
41.70022464489827,-72.68242038048331,0.09531213701868173,0.14601176338820307,0.14276527656905477,0.20004569510158582,0.22912476407595708,0.1670903887742655,-0.1561415030590278,0.0677564551625898
41.700519645352394,-72.67846314648655,0.1363436572045478,0.17969094246100403,0.17565930587537093,0.23139161850427492,0.299678066578162,0.13691729778980652,-0.12576713524862382,0.12858283948798
41.70049881151523,-72.67459950443835,0.04222814216429366,0.10089110188878597,0.08127161208253177,0.4579868323882225,0.20691610795672793,0.6985801041565723,-0.6389512066913017,-0.3776050746613326
41.70073017978287,-72.67038630417677,0.13981532326200502,0.1777505984128931,0.19109858602211718,0.24161670112456907,0.2821900214239261,0.11674677692939175,-0.1522915658472098,0.07745857117288266
41.70062029229165,-72.66586352588006,0.10851048368613225,0.09673572693110488,0.1754250793559054,0.3228439948904891,0.2541040831296099,0.29586206159301975,-0.5388922681433251,-0.11914401725155672
41.700318247845644,-72.66210492317195,0.03968963063862063,0.0741336335776168,0.06542215243104396,0.4867850077351604,0.13932057871599748,0.7630521400289229,-0.7356706369960747,-0.5549613939537472
41.70037924505469,-72.65807758987525,0.1251200963805867,0.08701600994852099,0.1738571253704827,0.3247698298999634,0.2570426561997942,0.3026565309683838,-0.5773725003242544,-0.11640721936750714
41.70030249251909,-72.65422900395349,0.07580658439550134,0.07402832026562685,0.0442005540892211,0.595511355222873,0.21697276627165593,0.8618110638685731,-0.7788680104383197,-0.465902752973082
41.700131667027975,-72.65001047949555,0.061916998190483144,0.06466029855683822,0.043538279137821545,0.5603673991427749,0.15717024334880253,0.8558109959761229,-0.7930962138323867,-0.5619177753433405
41.700233600091096,-72.646195834374,0.12554157199161814,0.16688852333918028,0.1377287032052223,0.21540110873189333,0.31655613439964364,0.21995425733271912,-0.12690008130718494,0.19015630856395302
41.6996222466898,-72.64213597794365,0.11904024884782186,0.1215120610612076,0.27831038507195915,0.19173882058191652,0.4050649586416578,-0.18417553619650254,-0.22418694929872804,0.3574476997067158
41.70039758708389,-72.6380213450722,0.055366198979653475,0.08068849633711042,0.046349315527031934,0.5278805270407037,0.194053861827369,0.838568767795921,-0.734825489837602,-0.46240582296785226
41.700514873385316,-72.63386201568353,0.10576004957858867,0.08044009219035506,0.19145298402819005,0.18109046108344531,0.21649966764578876,-0.02781560937581262,-0.3848512827016346,0.08905957166370634
41.70000247143274,-72.62977715183838,0.12899422317030718,0.1108615342609419,0.2796237750594417,0.3449343661046966,0.32876817900881516,0.1045708745762563,-0.5135474708218787,-0.023996030908800533
41.700871379509046,-72.62582175049587,0.06747981229926547,0.059578224880276316,0.07107308546272446,0.4825920931535367,0.1221873721028672,0.7432632998869362,-0.7802232143716851,-0.5959275103659005
41.70073839076598,-72.62146698560638,0.08633090097712967,0.09875314465722083,0.19667412234271187,0.33167686332069624,0.3667603883293362,0.2555171555296187,-0.5411419147045746,0.05023146306379913
41.70025281464192,-72.61766228078041,0.1116367287534458,0.16147753485181915,0.2367491189750902,0.25354813817290506,0.33083458782187203,0.03426292713839126,-0.22184315165390026,0.13225313858722393
41.700481432428624,-72.61337117057998,0.1312869940112643,0.13077088435331238,0.2704977597068094,0.2570450726847035,0.2035015866687364,-0.02550065358886737,-0.32560338490407453,-0.11626071957863429
41.70041016059253,-72.60917678822037,0.11971463103808481,0.15145520982700822,0.16394370281880447,0.29968266222746587,0.3548871000862268,0.29277661850640124,-0.3285635314220737,0.08433698138397211
41.70032101652382,-72.60551418656286,0.10725886386298364,0.15868162917070122,0.2654356808879814,0.28685037443723377,0.26586147553794576,0.03877464104474311,-0.28767573199818913,-0.03797439642415945
41.7008172695684,-72.60103285451557,0.07132739307447733,0.05515870824968381,0.03064522305600153,0.3832021086106542,0.14028108521757626,0.8519008305184118,-0.7483410645835281,-0.4640474159573251
41.70039545161103,-72.59727665286914,0.04374658459851909,0.08003525811907736,0.053690453562037936,0.43139465035676455,0.1379269457135555,0.7786349111597329,-0.687013775328089,-0.5154691244260498
41.70032650743192,-72.5931640158752,0.06877122263363372,0.06411816092963175,0.07388227842799869,0.567508248537776,0.13629238127067858,0.7696184295782682,-0.7969744140885539,-0.6126960519834382
41.70021287764224,-72.58883754354197,0.053152340337629035,0.09411648464810918,0.03139562640730607,0.42525174875021177,0.18570169509272022,0.8624950974634362,-0.6375731952942602,-0.3920921570565312
41.70038857000828,-72.58504699977537,0.06875956599293598,0.09635490497810913,0.0369162460683447,0.42921129665383906,0.15092232473702055,0.8416045280107075,-0.633329142251099,-0.4796980586121277
41.7006247626154,-72.5808749191767,0.05167098777542534,0.06711756030262642,0.07175272609369653,0.5078071955721022,0.18751080796403996,0.7523889302508654,-0.766517062913705,-0.46064733831016563
41.700621759430476,-72.57712174493895,0.06402155305462282,0.07712503748771378,0.051808069183801174,0.39042823623202805,0.19758885349155803,0.7656996110480496,-0.6700909101796018,-0.327948602363104
41.70070958155161,-72.57272049749088,0.07299250284327671,0.10918205291007999,0.03654325838894588,0.537660364708678,0.1711985183040529,0.8727167265444685,-0.662415296411712,-0.5169743304155555
41.69974560737848,-72.56883512652375,0.05210531472778637,0.06881006040764642,0.07151960198319085,0.47984519028899975,0.1487142485304402,0.7405724740295568,-0.749168315366431,-0.5268092742040267
41.700390301914545,-72.56467960858316,0.06961978234250264,0.08491802470987747,0.04730955618851686,0.3985693454696825,0.23418977403429642,0.787791904875628,-0.648727019784032,-0.2597822241807333
41.70001898427727,-72.56095475754591,0.07397173229768342,0.05851832011618627,0.0709493571601241,0.4085123243515726,0.1356750673320783,0.704045766758972,-0.7494026535116324,-0.5013663697267376
41.70059142666356,-72.55658655337074,0.07705868046625927,0.07267856827262714,0.07889413554312014,0.5521832901264531,0.20683010310760971,0.7499700279742586,-0.7673771657024087,-0.45500275765535025
41.700296297355756,-72.55260652139255,0.04948355929914328,0.061266319650705656,0.04654572452970415,0.587539643136435,0.18166967727847783,0.8531878295787718,-0.8111413175442539,-0.5276456682025514
41.70029267946799,-72.54876959880136,0.054248012512180754,0.10016657593251702,0.04720152152742452,0.5545834606194167,0.2018724107142394,0.8431282835971241,-0.6940310947975886,-0.46626784624374235
41.700311492354686,-72.54437935847425,0.06155140723665227,0.060761469564218934,0.0518278189298782,0.5455772256075564,0.20211689012539166,0.8264901865031689,-0.7995791129675297,-0.4593594201894689
41.70055331892017,-72.54065702533538,0.032667549117259095,0.09166509819616547,0.08902923001389637,0.4935062775975421,0.22408733659472468,0.6943388725643813,-0.6867068281600962,-0.37544779618207597
41.70024555815214,-72.53636315473491,0.06277970676776437,0.09837924101762702,0.04366866906518304,0.5502916466646878,0.15092828526636298,0.8529576205389342,-0.696674406433951,-0.5695265396956702
41.70013628773537,-72.53239040001279,0.04183420017988281,0.11010711843387049,0.04457915171776915,0.4474437542426464,0.21290322095327352,0.8187923725593553,-0.6050329258555279,-0.35517772034889156
41.700509060282876,-72.52807813308196,0.05431792116333095,0.06705877279629088,0.044139477334142016,0.35249450878299843,0.16815844685573322,0.7774296763308325,-0.6803325072616897,-0.3540478545850636
41.70063375511959,-72.52390484690937,0.06106165891068317,0.09386586274023478,0.03424802830641953,0.4356012219855523,0.2334647191594017,0.8542169502871941,-0.6454326795825344,-0.3021174601717732
41.69996766320606,-72.52005866920398,0.05325509642320479,0.06457959961050636,0.07871289004247567,0.5967812704717612,0.23838632549250566,0.766947237611785,-0.8047069231583865,-0.4291293708126455
41.70463861743345,-72.77983342817937,0.09764810202690818,0.11328053721226003,0.22129691793034167,0.21413634867866244,0.40226732336090354,-0.016444699568875724,-0.3080348504078134,0.30520742042264354
41.70451371976277,-72.77623438164399,0.13333928269894446,0.11553598703559985,0.2152799529456189,0.220237938151062,0.2370457227019827,0.011384113734015235,-0.31182275710437235,0.03675570764887259
41.70463439546788,-72.77174425116793,0.04090745922805157,0.0964049390392433,0.07601169121816878,0.3949917586176881,0.12570157684432906,0.6772350977698419,-0.6076288688999355,-0.5171761638439539
41.70440260274807,-72.76775598510272,0.13316935483731324,0.12028393399933685,0.15759128724049118,0.2757201917912297,0.24496045262482333,0.27261891333852895,-0.39251171305749966,-0.059076018085718614
41.7042813969476,-72.76396370872924,0.05532723891615027,0.08406969539004464,0.06605096258442175,0.46811004213497753,0.23953153010631187,0.7526926825400927,-0.6954988034625773,-0.3230145330561863
41.704507443312224,-72.75968105745157,0.06175039579304032,0.0926439078601164,0.05609304926528737,0.43696862028816086,0.19696037536835315,0.7724704525659469,-0.650144575756038,-0.37860430200270095
41.704466084766636,-72.755818851781,0.074178164029986,0.1324795150333418,0.21839804207194324,0.2156708213320384,0.3970607844183326,-0.006282921835300242,-0.23895225024682498,0.2960349382731092
41.704476960203785,-72.75149219838603,0.09166686581717746,0.09507441662760935,0.17059723362979762,0.25163110192864946,0.25407262882976317,0.19191954086093,-0.4515552159451311,0.0048279788196383495
41.704770435885905,-72.74720100395541,0.03795588735452364,0.11861712376931632,0.043531407496985086,0.4638559097915699,0.19261332867982783,0.8284095561173498,-0.5927120503960044,-0.4131839928148591
41.704623871276425,-72.74353395969365,0.11943429114414975,0.13496338106932468,0.21642250437212562,0.18998747757437665,0.23709612760294493,-0.06504522027519677,-0.169330515803881,0.11030311034536006
41.70435939083403,-72.73944110467818,0.15297291886968606,0.13129544505113006,0.21977202363242954,0.24434787157166174,0.26077415102746054,0.052951507128185624,-0.30095684261582395,0.03251942841707204
41.70470084621604,-72.73503000740148,0.05263754371354286,0.08540135810290489,0.08905884070691032,0.4102970988037239,0.18343690143474412,0.643305171080222,-0.6554302039354892,-0.3820906285943931
41.703958543387145,-72.73109777737086,0.08570159293845171,0.1381351307550043,0.18667216377088117,0.18928431799280512,0.4052765531252578,0.0069480228394249895,-0.15621914774280196,0.3632802722558625
41.704521254932175,-72.72728986638813,0.15436242894209062,0.10904703344288974,0.1859569039500315,0.31659556324667154,0.2756068093617885,0.25995028942024284,-0.4876122160187729,-0.06921409940379138
41.70380509305913,-72.72323659128875,0.13204424083031333,0.14434622341536096,0.2524678635450516,0.3351285178995137,0.3239163491434681,0.14067590775703315,-0.39789852946365023,-0.01701275484680217
41.70453875051534,-72.71949038484381,0.14429219499390578,0.12505398055116596,0.14635298247853828,0.23185477312841535,0.3121975644926102,0.226070960688425,-0.29923836688278865,0.14767474709420295
41.704696609081154,-72.71539009186849,0.06766843069752727,0.11552332642343761,0.03700222150073156,0.6001257412244305,0.19819077957268233,0.8838468136213536,-0.6771509063705499,-0.5034781959045759
41.704684966190854,-72.71092506483365,0.06113148370403969,0.07147836879109881,0.05589901248607516,0.4996604965254915,0.19183123217048736,0.798764987082918,-0.7496988101081955,-0.44516695078263807
41.7040921334938,-72.7072878814988,0.15250255702768148,0.1776579990123334,0.16794350341633107,0.21153337150519058,0.2482909132086355,0.11486831206216237,-0.0870403998110536,0.07993823494189994
41.70490840383897,-72.70272460730425,0.0319942801356572,0.0659173661935994,0.08056627665656572,0.5177997505344889,0.1931845209922179,0.73071239677569,-0.7741461940911164,-0.4565716043833432
41.704763179565425,-72.69885015722994,0.14514499713876522,0.1695903517975884,0.1973336021145819,0.34097206850653367,0.26089672322603036,0.26683439211445936,-0.33567240731673875,-0.13304452129839656
41.704018219686375,-72.69439703340979,0.04086659010791739,0.0543934294551422,0.030223530484657243,0.43768307143901825,0.19663897728977917,0.8708138318185675,-0.7789228733487457,-0.3800027046707576
41.70429700522784,-72.6910378504581,0.07697625199898389,0.05879573147862478,0.05490644560010968,0.5251886721782749,0.2153538036788918,0.8106984736903585,-0.7986393776599272,-0.4183890574821572
41.704832892776906,-72.68633654996765,0.13447898581803147,0.14256827902603753,0.2539536343778648,0.1884342640800879,0.23836617792107068,-0.14810389372349492,-0.13856686605379012,0.11699124210571281
41.70430711779957,-72.68249220538785,0.11537892715109796,0.13283143955682553,0.22526268502495916,0.2492842404961878,0.2007056919507405,0.050619979140836685,-0.3047579751849127,-0.10795474530127769
41.70469024489584,-72.67868159630194,0.031132699385396867,0.08713325862796428,0.08369507294313125,0.5045721854629706,0.1990941770507109,0.7154522141181158,-0.7054843436100837,-0.4341233639775132
41.70479478674206,-72.67449454123113,0.07401774410064077,0.11819545829847215,0.056583119961500825,0.4430163099529376,0.2179302500275212,0.7734860507299166,-0.5787848189044983,-0.3405510725890928
41.704507285565725,-72.67010053709342,0.038511515029637185,0.08214239256243064,0.040207464336939,0.3553241148831011,0.1267715407460597,0.7966915085959749,-0.6244631707141236,-0.47408138088024876
41.70481597884333,-72.66649395958432,0.05255942227667662,0.06715701976345229,0.08776163113034985,0.5959661766644071,0.1726166223272647,0.7432848857986062,-0.7974523583997162,-0.5508184087551115
41.704489503421115,-72.66206018800389,0.09635621553292378,0.09226734696119841,0.13637925280241964,0.2809550831285498,0.2217282686969837,0.3464268761965567,-0.5055637629334816,-0.11782131677223708
41.704891345708376,-72.65786441117073,0.08238713066191325,0.0804449024808863,0.15087591068285502,0.22246060575276733,0.37605465759395085,0.19174308410373853,-0.4688449018310149,0.2566251209406617
41.70464199336125,-72.65410949873451,0.06562406418799334,0.09388454109932823,0.041048411201604545,0.37907606301988256,0.1768895457851566,0.8045892885546864,-0.6029921296545687,-0.36366730969078137
41.70443983240285,-72.6501769494658,0.04529714982152874,0.06829087407169149,0.05764567597750746,0.5263271677663294,0.186220684870079,0.8025741210569234,-0.7703033905241156,-0.4773103752089986
41.70486022981701,-72.64581754024077,0.11313742144460072,0.08621391841338773,0.16129943994392928,0.32472608010914783,0.36537979145018096,0.3362511502428336,-0.5804062942358733,0.05890938335182402
41.70414801744736,-72.64200988186744,0.05133174987772253,0.06358000311450607,0.06904793769107291,0.5079685641450706,0.14013237348574867,0.7606725718541735,-0.7775167089671653,-0.5675600347130714
41.70377239091216,-72.63793367550798,0.046394046038989195,0.1108899700298103,0.08501739515170706,0.48240757266010104,0.24432419220954432,0.7003396044429829,-0.626191035523074,-0.32760833083064966
41.704163791854064,-72.63334319221458,0.049093770608441174,0.10295282585288805,0.06464034018456896,0.5443146804698829,0.1431121939855007,0.7877007726610114,-0.6818847699067134,-0.5836293304684026
41.7046135287445,-72.62984353026377,0.07930806619778136,0.07648632103637598,0.041983409821261974,0.38031728204606435,0.2220450487274631,0.8011681693647243,-0.6651238277445358,-0.26275254150662924
41.7043151378147,-72.62609734939697,0.04660505939205024,0.08138504301299211,0.08175984754518546,0.5304049487519744,0.21911223916161315,0.7328828836949415,-0.7339445100165742,-0.4153243109166036
41.70425067196498,-72.62104755852516,0.043114558035940734,0.0564791257116833,0.06324117012424263,0.5156069938302593,0.21437500447684657,0.7814930613506672,-0.8025502672328252,-0.41265673681268433
41.70446983432734,-72.61751507856327,0.15988259432683444,0.10945493537899925,0.14942951239504315,0.23071805240874357,0.2935914044509504,0.21383417267359722,-0.35647485656741407,0.1199164943901285
41.704677985110166,-72.61340995485556,0.10105251881583532,0.11960589447836546,0.12640500204788224,0.3452296502921165,0.2895149111812678,0.4639706755187378,-0.48538404249002826,-0.0877750554987384
41.70472403755385,-72.60935717634662,0.14774424552373794,0.08411532000524004,0.14324359477856569,0.20635016919951732,0.33250046817651446,0.1805140163338496,-0.4208240005686544,0.23410995594492423
41.70419274624609,-72.60572529443976,0.06829203427983457,0.10197983432289559,0.044805368356632576,0.3934231178231292,0.16651530421399632,0.7955159476408233,-0.5882954113166606,-0.4052370844344171
41.704674851684274,-72.60138735675494,0.0714714280081602,0.06939912186389756,0.0503810235281706,0.3614316516644775,0.23293695085445934,0.7553206758164882,-0.6778358180148575,-0.21618689188065626
41.704710842853046,-72.59703711249942,0.033470826572468276,0.10063866522137217,0.07492425117294366,0.529868236071056,0.14649152622307485,0.752231541385811,-0.6807690288081523,-0.5668236509925038
41.70458658636315,-72.59311276879383,0.06288781617919852,0.09556607463952513,0.08426146200549847,0.6006429259362234,0.19743286434133117,0.7539467888102706,-0.7254672819211063,-0.5052277822569506
41.70435440195292,-72.58855129418788,0.07095394205403613,0.09512237378840335,0.03463596181521922,0.38839022351405733,0.23702416636363002,0.8362467241205924,-0.6065361096314946,-0.2420252229566225
41.70444339318467,-72.58478778336598,0.051392548366416185,0.1048842635348495,0.0796935016388593,0.43523816457631215,0.13889390245952848,0.690469602599432,-0.6116278159318967,-0.5161604430958986
41.70530011068762,-72.58067386657585,0.06251061370908545,0.09772525393787537,0.045337664638145383,0.5448263959606897,0.1481319432265645,0.8463557249076076,-0.6958213275047928,-0.572465082387772
41.70485937819348,-72.57667870192331,0.06483530145380387,0.10483894400837832,0.041336745027731325,0.4142563516608027,0.2212834860354677,0.8185365611191815,-0.596070529311088,-0.3036361439195229
41.704620595780185,-72.57258665572537,0.052776545309495757,0.11511273501213394,0.06371267009358063,0.45467301901622087,0.24718812888892197,0.7541881597735026,-0.5959437939671427,-0.29562099390539376
41.70398895363602,-72.56856483932253,0.05058221584438617,0.07185260508247573,0.04954168858425506,0.5357160061809645,0.12530862765444453,0.8307012824354951,-0.7634749269450966,-0.620865482947658
41.704324506736214,-72.56514896971865,0.04921040016022464,0.06025772807922324,0.06316506264434818,0.5469246201370777,0.1661052248873274,0.7929318773057238,-0.8015168647236194,-0.5340861927549693
41.70458551370221,-72.56087370180929,0.07090564592627863,0.06873541145418967,0.07648215558067362,0.43942383983767697,0.14453523206458513,0.7035035209518979,-0.7294729505388429,-0.504981636491209
41.704721608545206,-72.55611980056956,0.031563862563740316,0.11719596935410789,0.038865206704326444,0.44541988364233465,0.17002330254944195,0.8394945147846449,-0.5833890256382486,-0.4474768545200484
41.70485525613322,-72.55268508234145,0.03030451398375634,0.11527304359352522,0.06875936761218067,0.6066751973702126,0.22626063986414313,0.7963996183287627,-0.6806611968757047,-0.456715320076972
41.70473686701914,-72.54813961229682,0.04786544914385874,0.08100398441795226,0.06948193862304677,0.46527160213691077,0.2151174618508126,0.7401347225329131,-0.7034317973870614,-0.3676633760395241
41.704668063238834,-72.54462061381467,0.04020943198210021,0.11607633266673058,0.039332747996236074,0.3848743329476474,0.22554389437636108,0.814558739053961,-0.5365757922514316,-0.2610184811645772
41.70467955520461,-72.53998003168789,0.07802652319523523,0.06893777400797912,0.07959892433941726,0.4450509431117236,0.1898618213240143,0.6965636349967055,-0.7317537459020751,-0.40192784911877133
41.704279674627784,-72.53624457545723,0.05872310967695789,0.10232541214347671,0.04047314301451627,0.6015470827111201,0.1889519401244055,0.8739194143961057,-0.7092501471744121,-0.5219426345484057
41.70458670236125,-72.53208775509131,0.0395961354257672,0.05444733438067355,0.07111891454515454,0.3798876184924835,0.13380826828893658,0.6846213554107454,-0.7492841226776684,-0.47903702664501724
41.704712889262,-72.52804625817822,0.07048845895239773,0.10573041310534793,0.03848360568466596,0.48996277476478156,0.1325613138259625,0.8543518998013181,-0.6450172160491491,-0.5741166767504474
41.70446969631989,-72.52422956264361,0.07722404281613737,0.06454115147587072,0.0709736793569187,0.3846386845818197,0.14724753828248094,0.6884470880317822,-0.7126266751315998,-0.44631941211213516
41.70456383831453,-72.51975214097666,0.07994316201958415,0.051814835966366095,0.030018865178645215,0.44459911557303594,0.16760032781431458,0.873503042884711,-0.7912434338088769,-0.45246494545317445
41.708464105728794,-72.78003345746444,0.03715893752430239,0.07884733846267514,0.07475310973770138,0.4344049883017452,0.20622094370637167,0.7063658222247897,-0.6927540924763674,-0.356189209949875
41.70843392467684,-72.77548383116276,0.09254581324800956,0.17643240868848628,0.16900152974989552,0.1842350597681899,0.2560781988365655,0.04312557212455603,-0.021633919779601333,0.16316369690076757
41.70859037645892,-72.77165065963524,0.12634439895208688,0.16748990705564945,0.17800302108859772,0.2103286894749728,0.28800549907257084,0.08324241236818415,-0.11338452583514179,0.15587292901576083
41.708877718935206,-72.76797928762845,0.05685935771635167,0.08276597670189152,0.049626735361269686,0.37974336093439726,0.24754455163063574,0.7688393495987835,-0.642100299531779,-0.21074662313066017
41.70833877768276,-72.76381687813048,0.12131737348290444,0.12436695744827003,0.15992914912424896,0.25729620894387506,0.34817480723357797,0.23336802985912503,-0.34828944263126776,0.15009570377695497
41.70872661727659,-72.75957813789128,0.0878361127740568,0.17545678468728143,0.24968969761890872,0.2417647724718238,0.3851150072516527,-0.016125451347755212,-0.15892752099397434,0.22867260903368467
41.70875430214888,-72.75595585635669,0.06760825334322201,0.07085123898501741,0.06640071091547842,0.4497353603503452,0.12013675643285045,0.7427007542695837,-0.7278022942754431,-0.5783729265049978
41.708697802582485,-72.7513681958659,0.05999457128386475,0.0885449022573582,0.047402870686415605,0.6123255537251752,0.20081689362698704,0.8562958061760215,-0.7473287638206143,-0.5060720436353862
41.708811056384874,-72.7475646815966,0.033217449108746466,0.07451611375975203,0.04056584575610352,0.5287638324293932,0.23427050502435354,0.8574961140779086,-0.7529633987323388,-0.38595029469809555
41.70841477068156,-72.74360864592221,0.08343442908171128,0.1729437426677699,0.1782154849640773,0.19821590026681943,0.23843048108254114,0.053131635903510575,-0.06808972386985326,0.09209873832332541
41.70882613138223,-72.73960963613682,0.03780826117691326,0.06358711846441445,0.08275429313399865,0.38996896942769166,0.12243757627571629,0.6498827128347668,-0.7196063721250685,-0.5221076806985764
41.70823895581582,-72.73513055346243,0.03640811353228553,0.11875615806959464,0.0706043177693648,0.5796864706260022,0.2177779754027601,0.7828530896352219,-0.6599401205181814,-0.4538239880479751
41.70861166410558,-72.7312999174498,0.0658479297947237,0.10016991057240611,0.0870353030429456,0.5035381508190471,0.15830074375239755,0.7052515568595661,-0.6681511578906864,-0.5216336028274652
41.70889007623778,-72.72703145172144,0.0695566561679774,0.09092292485510864,0.030566143657659032,0.5038567698226423,0.2023684921724419,0.8856106544586407,-0.6942635208676036,-0.42690101002404945
41.70869296739895,-72.72292330504236,0.053749872535718696,0.08721594999282198,0.034038244240139785,0.5922665902339375,0.23835360417811133,0.8913045457529559,-0.7432871491776198,-0.4260828094919387
41.70847481035325,-72.7189952035528,0.05989752565598784,0.08004062529154138,0.07254261781406623,0.3627237274808045,0.21241539875483367,0.6666748137170021,-0.638450454331424,-0.2613425549914483
41.70843824465317,-72.71499587370596,0.09041573361690093,0.12404523452162666,0.25370132144853197,0.2890064958470593,0.21512242643525054,0.06505374213045101,-0.3993719168739224,-0.14655788657654922
41.70839089800388,-72.71100112526335,0.1253107547165735,0.08103981015101405,0.2172312815069541,0.3122729377172886,0.3691206071283466,0.17949178261426615,-0.5879116016948959,0.08342854117283492
41.70871891878277,-72.70669418423505,0.08617945370154206,0.12207338711650098,0.13138072573209478,0.20037911094126928,0.3471128478255523,0.2079769085403404,-0.24284421518340704,0.2680107616827617
41.70833508290159,-72.70294086299675,0.12064327477391526,0.11914486635868403,0.24751542270647447,0.3211112844370011,0.2826231213406518,0.1294273744197473,-0.45874752167186866,-0.06375015690347113
41.708897529845665,-72.69913526824912,0.03406323469737612,0.08042229988830271,0.04096366089228655,0.5885129191647112,0.17783710633568814,0.8698484989272282,-0.7595513060228657,-0.5358854298476291
41.708324549126466,-72.69451789928118,0.040145989153076676,0.11383101078669138,0.07796794694561715,0.3859805089963783,0.2170742339179338,0.6638939263745929,-0.5445042529788157,-0.2800844816545028
41.708625669027334,-72.6906819194073,0.08170417960763796,0.10099343130935946,0.2313665538278549,0.22628556668541527,0.39621540440519964,-0.011102291270367434,-0.3828297450912393,0.27297923314411726
41.70828278216783,-72.68678607075546,0.0734424795511008,0.07531792725155051,0.06294843461313479,0.48929040811997004,0.23749279205013615,0.7720246033343309,-0.7332029212711136,-0.34645492082219254
41.70827042434297,-72.68251629040454,0.10330447844802944,0.16675815246159764,0.17968236273243746,0.21119557678126488,0.32849063818910695,0.08062162343578032,-0.11757371572622581,0.21733936897810413
41.708531923264246,-72.67829736793118,0.0875749462185931,0.15693299595181523,0.26272632256539974,0.27821535732256003,0.22322440175310718,0.02863346518310142,-0.27871497262514583,-0.10966612553982727
41.708235607458406,-72.67396880374002,0.03619453046441789,0.11304771898335701,0.08124532479793266,0.36450314858921096,0.22707768367719336,0.6354656060599939,-0.5265521364959997,-0.23230209198213392
41.708268205912795,-72.67034358320521,0.11826795597324623,0.12145480240903189,0.2646179513561635,0.3310746429721957,0.21267716374035245,0.11156205776061696,-0.46321812359982956,-0.2177417670529847
41.708550780706,-72.66614868997718,0.07915027495380941,0.09802332532532837,0.03624858076182152,0.40354046323998743,0.22741193075593005,0.8351546894757459,-0.6091291773446545,-0.2791471023171948
41.70830771798785,-72.66232550656704,0.06816935270716418,0.05450479972015777,0.03411360696389085,0.5899804504126089,0.22405847560139863,0.890677994572504,-0.8308578832209751,-0.4495140995320336
41.70861401326413,-72.65789132948427,0.07531565951663956,0.07091064674821022,0.046530650367290954,0.5893281131820483,0.20850693702411702,0.853644698997121,-0.7851969588828727,-0.47731818257360936
41.70848814737996,-72.65364004434488,0.06063710783501636,0.09676245308653994,0.0848436348195871,0.4528033031675497,0.21354474931046208,0.6843890336761594,-0.6478585065194556,-0.3590594329304845
41.70859677857978,-72.64994263588139,0.06400304277150473,0.05473476881521451,0.04098842075098681,0.6075741092121127,0.2459245615390394,0.8736022546559422,-0.8347152797400486,-0.4237259647455463
41.708473735835895,-72.64596430279224,0.0679836351993998,0.10270200625604817,0.03515453429699751,0.5145619995141701,0.13857305041031145,0.8720994107516751,-0.6672347478680626,-0.5756680018126914
41.70814980939488,-72.6419962249982,0.03400097127633048,0.11376250648109357,0.07467875785209205,0.6015924750786966,0.18109869120336186,0.7791455433393101,-0.6819411078034545,-0.5372409987361495
41.70905096967009,-72.63831147689652,0.10164034482742003,0.15462732339820062,0.24821077219453797,0.33765202681728856,0.253416204653961,0.15266587121355196,-0.3717903327429256,-0.14251454853808185
41.70885913850872,-72.63365902824904,0.0653912652084919,0.08842868917545872,0.07343563677318501,0.373658186079765,0.24941840327805245,0.6714978690397245,-0.6172637921100138,-0.19939728907125526
41.70807445961403,-72.6300662236018,0.04217842779027784,0.1016296312856308,0.08275355140881394,0.5699598918418102,0.22553063017135047,0.7464322138159523,-0.6973459895194181,-0.43297720354833025
41.70872170455743,-72.62576203978121,0.03662256990721022,0.05799290828451641,0.07631532815607839,0.5188753039686894,0.18751889523487908,0.7435600493790009,-0.7989387972757234,-0.4690814407980722
41.708632489007236,-72.62162858592431,0.050696590408809195,0.09236710525723094,0.0756165170811809,0.5023753928762635,0.18613891468849336,0.738347489719196,-0.6893879097353544,-0.45930269670979523
41.708702148488165,-72.61763880648604,0.03312758931386472,0.10284664924573853,0.0608256270571014,0.370167142408951,0.20827130366203755,0.7177417749608332,-0.5651431266476947,-0.27988429857417335
41.70866715234522,-72.61337961329369,0.04501240543146508,0.06413350529720054,0.05104403710459671,0.46071363858991393,0.21047136831228194,0.800514815785325,-0.7556107295460693,-0.3728365021629528
41.70813794797063,-72.6089918430269,0.04831085424001287,0.06108895994134446,0.07120345197348307,0.4170064071185614,0.1883003012707401,0.7083080128455219,-0.7444486428847158,-0.3778350754717384
41.70893074334154,-72.60514777235387,0.04664333753081704,0.09573550006221222,0.06296806496039664,0.37602624161691195,0.233618906605561,0.7131258241076631,-0.5941362276582057,-0.23359053283137649
41.70885757690614,-72.60110029145683,0.04884969094852687,0.07329774036205694,0.046244140969765604,0.5031997751546288,0.18009579683643667,0.8316692946717572,-0.7457135949792815,-0.472861220769651
41.70861311236384,-72.59738673941332,0.04097367146140454,0.057007380013704735,0.07712025308926496,0.6186125789824244,0.23226800908104006,0.7783049770423416,-0.8312442394436977,-0.4540526312636576
41.70851108620776,-72.59312697774753,0.032167113852063195,0.10745455639288165,0.06488441857753897,0.48870400611510456,0.19207848465954858,0.7655860719502461,-0.6395101466266631,-0.43571261816388646
41.7085756162487,-72.5882675338778,0.0315333489232015,0.09522082067795877,0.07406602981072985,0.5317170912021933,0.16317527738058862,0.7554701435494443,-0.6962352447552683,-0.5303581252061206
41.70823756435884,-72.58553938929357,0.03641486614621389,0.06366009543768206,0.06822650479069431,0.42814235606012707,0.1355262823880108,0.7250975628336239,-0.7411151764542775,-0.5191278238891046
41.70868449210211,-72.58077218122277,0.05388954534091911,0.09251698174006481,0.0405841364912649,0.5423740847980697,0.1565316389751987,0.860764854121091,-0.7085579350028298,-0.5520665129765655
41.708734849248636,-72.57674481977533,0.06926030679715955,0.1171869683055814,0.05954999092068556,0.36134827318663787,0.15387401113531185,0.7170338012821972,-0.5102263819059321,-0.4026888361872183
41.70866846280226,-72.57273132958669,0.03424269937166026,0.11765333684818687,0.06531082659747756,0.48978974251002405,0.23015558091449428,0.7646883097148136,-0.6126276161628426,-0.360630388375251
41.708524366811844,-72.56866955215773,0.03583020227842583,0.10885446692583024,0.06175057315427171,0.3665049386372248,0.22832185504417218,0.7116180810098435,-0.5420119360133666,-0.2323081022255811
41.70848457077881,-72.56465437015353,0.06989122619133145,0.08254097867005236,0.08288332226129003,0.5215659036535926,0.20105873806815305,0.7257558825198611,-0.7267338575830633,-0.44353201798071845
41.708717713435796,-72.56063858701629,0.07805861954483413,0.05733583824003766,0.061740636004414054,0.42359351952539065,0.1543382862655891,0.7455747331979297,-0.7615623279625069,-0.46589447156535796
41.70889903594664,-72.55671229943376,0.06885897414156394,0.11081611824354874,0.04757416427474202,0.4757528730630699,0.12121349451860323,0.8181857199018269,-0.6221548704894918,-0.5939017636466108
41.709013699402874,-72.55236600179876,0.05807467666350932,0.06185101974136155,0.0791639704280597,0.5706634992051349,0.23406887891788422,0.7563538812148245,-0.8044281423155967,-0.41826901643044817
41.708460796955045,-72.54815626679107,0.04238897072198473,0.07166035802331447,0.04496014375142676,0.42223382855896374,0.19184597629347405,0.8075311480193648,-0.7098149361943278,-0.3751757514983764
41.708377526201616,-72.54427240782434,0.06278032912216078,0.10852183425044087,0.07156449001601277,0.5104671680925772,0.13920471313033894,0.7540872939847512,-0.6493577952446317,-0.5714614803143224
41.708477119652905,-72.54055289134777,0.043209583161765104,0.05399412418523729,0.07004573853506775,0.4494601923002489,0.20476630281663266,0.7303370977018846,-0.7855053679461546,-0.3740201464018974
41.70871452734844,-72.53602915010777,0.05289805050830904,0.053190645756728126,0.05581359158076021,0.5230873780411047,0.1909867919898064,0.807173957171924,-0.8153993608634008,-0.46507855904789586
41.70865685129292,-72.53228316506521,0.04544313774576304,0.05101043619453155,0.03933573342505471,0.48434110747547104,0.16035221567390892,0.8497709642556956,-0.8094320010928183,-0.5025473045367519
41.70881276409949,-72.52749291088121,0.06863980842375844,0.07005340269757859,0.06725182245506495,0.5657884226678186,0.17012229672368734,0.7875274977438116,-0.7796514796511813,-0.5376550653743584
41.70836860448774,-72.5241062324705,0.07977045307722502,0.11782943064638395,0.043261331636650094,0.5540380575445482,0.16484373813660858,0.8551435597616984,-0.6492480058421906,-0.5413884754713661
41.708425840171564,-72.52006989778837,0.05504343647633845,0.08774613903589741,0.07964355973413051,0.4408667924896042,0.20672231874223618,0.6939789597118455,-0.6680136492965674,-0.3615633272492487
41.71279548819487,-72.7800091767989,0.15550310168837211,0.1283262482088417,0.1373168698938989,0.3038088292877206,0.41194345693807466,0.37742520941921803,-0.4060827047308487,0.15107828466822568
41.71284796647968,-72.77594283660477,0.05903388342546202,0.10711517435394746,0.08167424052110725,0.5710878489344591,0.1792119291974259,0.7497580149324317,-0.6841206226578657,-0.5222924638372353
41.71253623492205,-72.77175434112513,0.07548625005080704,0.1298667833428861,0.2248597520074605,0.33374651515315074,0.3722238218699468,0.19492578144380712,-0.439762475476116,0.05450272440488838
41.71269736876081,-72.76720054931161,0.03050687845703498,0.09382716182664473,0.037228908248347056,0.3658401257297861,0.1403335797737352,0.8152727939384856,-0.591760543477325,-0.4455121700399787
41.712973368865434,-72.76346044433281,0.07894881293252053,0.11252987904617874,0.037975563058619946,0.5871633400497447,0.2290228275225239,0.8785051998210482,-0.6783450918916177,-0.438797576774063
41.71274509786329,-72.75919377722866,0.07619044397920408,0.06216786543941532,0.05211730386255607,0.47311590936339626,0.13617752861784338,0.8015460464030651,-0.7677199707302289,-0.5529985385398609
41.71294978406064,-72.75561858138659,0.15211041364155736,0.10845630692721185,0.15521625163927025,0.2566559804715768,0.2997302611751615,0.24628931237346952,-0.4059016326188331,0.07741794724488085
41.71257108845884,-72.75160303362667,0.1053476703899083,0.08960771321721006,0.16258589093824188,0.2703839019542336,0.2950065602496334,0.24897351451666394,-0.5021677759103641,0.04354982961584061
41.71299473101917,-72.74709387553851,0.031383209045315594,0.05267578116979185,0.0380501283184115,0.5040304058971887,0.22506402530493022,0.8596144819202163,-0.8107591315005301,-0.38262036939755983
41.712687499647565,-72.74332451942915,0.03772573540780737,0.07809928376104353,0.04994490803446701,0.5849069878314271,0.18327351906337894,0.8426565050535271,-0.7644086123847444,-0.522837360702577
41.712413773017545,-72.73940082210376,0.1526726904162218,0.08503458462364685,0.12205539976894307,0.21293800803483637,0.37839228394033764,0.2712967065881108,-0.4292455969525496,0.27980010182270115
41.7126480375874,-72.73570855408472,0.033433899277458504,0.10993107137445177,0.04151365632752445,0.35892598414718097,0.19445153767131518,0.792659606435009,-0.5310678592555397,-0.297219240014256
41.71228216955298,-72.73108419613993,0.1142448630386196,0.1041508452247143,0.175780227737523,0.31126337619177086,0.2145979118464524,0.27817457689869696,-0.49856870634048445,-0.18382312321551253
41.71345510145297,-72.72775579440753,0.15752159660818346,0.11745494812554497,0.13041242034840253,0.276756738272933,0.34043629858759383,0.3594189658667878,-0.4041021503009483,0.10317608351283314
41.71242513965541,-72.72292986472262,0.14602570520929614,0.16351614957838295,0.1887406553597507,0.35401377429230474,0.41555025237894316,0.3045080977754635,-0.3680900676991972,0.07996277886430671
41.7131299702171,-72.71875716096768,0.07763540286233,0.1182655503814137,0.1617875334426545,0.3513690397740067,0.29054888102292353,0.3694418355454028,-0.4963507677648913,-0.09474756317065577
41.71260309132772,-72.71501263925897,0.07315757650804237,0.05002918418321727,0.033356452438467,0.44838378959220165,0.20929677321743573,0.8615168527426302,-0.7992460597313422,-0.36353061029107614
41.712465467397415,-72.71056289493109,0.0920482773091146,0.08054197998181979,0.20556830610886428,0.20099626465395348,0.26324918353526655,-0.011245548145851712,-0.427843417252124,0.13409483953828588
41.71253270121877,-72.70682976001063,0.0464596835532617,0.06728364666892257,0.08741331601897151,0.40144032628659876,0.1438134784723779,0.6423742877041647,-0.7129071668996656,-0.4724897755240826
41.71228559684547,-72.70275652682322,0.0786291583930977,0.14401712481082496,0.2179331607843034,0.29702932053803394,0.37012600176206717,0.15359596596362685,-0.34692989217083336,0.1095647127149092
41.71280474451885,-72.69949645563354,0.14242377297230682,0.15209621638267112,0.17735290326920988,0.23094584785127428,0.2929537553073831,0.13125914403360434,-0.2058511031322274,0.1183583783653495
41.71282920532876,-72.69449666528811,0.0703551364024475,0.17314989394746927,0.2302938976940629,0.2811324504718744,0.2750424486730727,0.0994054235964324,-0.2376992147084798,-0.010949796202892935
41.71261176143471,-72.6906489586249,0.06012409989767521,0.08221431520801746,0.050741821839051474,0.5386077207588622,0.24752752233205585,0.8278039833020782,-0.7351436951493663,-0.3702673312067022
41.712675314287914,-72.68672343890346,0.10829895712447493,0.1790624773368495,0.23308452120149453,0.24465320085790648,0.281730522241879,0.02421554573196027,-0.15479890619225325,0.07043781894628198
41.712577641030464,-72.68265895063914,0.14302428563704883,0.14605677932075106,0.15174733548184666,0.31104616344810654,0.3582808933930467,0.34421146436711464,-0.3609457929278424,0.07057047741034328
41.71231696252367,-72.67877368618657,0.14558088614705633,0.09360723118334413,0.15117416072184364,0.26747451067820494,0.20971193275630756,0.277799400550893,-0.48151778209136753,-0.12104823746910262
41.71246993521066,-72.6744752496197,0.11139538632428725,0.17897692333824444,0.20094720214797832,0.2696982883419763,0.322934588419317,0.14607828521298746,-0.20219829988822888,0.0898301497687307
41.712518843941275,-72.6705754819555,0.10561901289151931,0.10899066282154757,0.1250226591871836,0.3322890894921268,0.2071123504858632,0.45322787114810964,-0.5060246374319307,-0.2320660082245449
41.7126755743309,-72.66612524434983,0.042383900034508114,0.06087797663624512,0.062003280050096844,0.5378167776376188,0.14541412834286904,0.793260397829585,-0.7966310003498129,-0.5743338684768986
41.71238208715209,-72.66252053643892,0.1208544501626918,0.09459356867817006,0.2015598677309728,0.2004176720458799,0.3068193299481302,-0.002841441553493192,-0.3587121057081905,0.20976714530677476
41.71316601441348,-72.65848731037016,0.15171398105367334,0.12899355999564627,0.2509598246202999,0.22061743072410872,0.2774582148195369,-0.06434236077401811,-0.26207377102142454,0.11412078587658493
41.71284739999018,-72.6538846340871,0.14543503306984568,0.1365914911799155,0.2224116271348926,0.21190807397105066,0.20818532841135667,-0.024183920593737505,-0.21611671956752326,-0.008861709178439328
41.712769173713866,-72.6497457445484,0.07687811604532976,0.11744649548414235,0.06697543749614968,0.4522320636255692,0.22832114032532674,0.7420089757892444,-0.5876745101037798,-0.3290131058091358
41.7125130772759,-72.64550192153845,0.15214299916675134,0.17197774153622736,0.22414174821178662,0.19993322524908452,0.30608241372482653,-0.057085478931087605,-0.07516714001336416,0.20977452137840905
41.712584657460816,-72.64192856113584,0.07488792482746368,0.15044290335500782,0.19252577199490445,0.3309056797685552,0.2164185188572486,0.26437063976083935,-0.3749107876094491,-0.20917613582362274
41.71253227158567,-72.63792169889003,0.053065787586551484,0.06549039027764562,0.06562312242039184,0.356970588437097,0.12460064050718721,0.6894268857563669,-0.689957683301839,-0.48252456534689286
41.7128484962815,-72.63362723634879,0.06749610807503792,0.054153181600747724,0.07618523726785435,0.4224737288495472,0.17064097456596727,0.6944395170068286,-0.772764900959594,-0.4245936794912925
41.71228550731897,-72.62950348596657,0.11541987500624551,0.17685548109027555,0.17352092159050733,0.34034027156580526,0.3583313338342129,0.3246389340098558,-0.3160984784502707,0.025750384199608355
41.71274190527716,-72.62513449858403,0.03658383760185788,0.10572114744641165,0.07826966129685019,0.5239808526081915,0.15625192457096626,0.7400760663885754,-0.6642184797340828,-0.5405927799629888
41.71297483428948,-72.62172290810977,0.06612644111666205,0.056220701492616786,0.07158586673080265,0.5791261839984719,0.16542153526071193,0.7799768218505435,-0.823023602455653,-0.555645579237542
41.712564449225496,-72.61775858944252,0.07760158492766123,0.06068855854498439,0.07151156843833992,0.486574396070262,0.18909491313820923,0.7437256158150964,-0.7782106096048416,-0.4402737831625682
41.71278980110325,-72.61327004414477,0.04154505097056886,0.07649546175420412,0.08191442100429011,0.3796736781450641,0.19768478392137318,0.6450756804378296,-0.6646179889718277,-0.31520953823441017
41.71235268135801,-72.6089472246099,0.10627439044032441,0.1049824673651818,0.1898951518703415,0.35237021866591356,0.31202604374359655,0.29962279655604385,-0.5409124267915897,-0.060723061228556856
41.71238182089863,-72.60530338906854,0.051371197494039705,0.07358634121001334,0.039055185319763486,0.5427284878347156,0.23349401880487108,0.8657398372559922,-0.7612053523876097,-0.39838379637892585
41.71266955485027,-72.6008214049199,0.044203309610159815,0.09465466247205764,0.0872822947143619,0.5463036750055233,0.18433031300672037,0.7244816050678955,-0.7046464428731503,-0.4954236566294767
41.71278614604262,-72.59724272080165,0.07596346306640353,0.10342510277805078,0.05599143333815433,0.42387375998568066,0.18498461641484687,0.7666368216860074,-0.6077173304111874,-0.39235584633508347
41.71240660702052,-72.59331217057714,0.055398292172498115,0.08304394351748058,0.05089177308929177,0.5226398873787321,0.1876066662207232,0.8225319486364114,-0.7257845123763569,-0.47171396955056744
41.71263730997053,-72.58947016440555,0.047950641607189926,0.08028049009707079,0.04234002339981474,0.49941751605683005,0.21126715811571578,0.843693828636775,-0.7230265095106863,-0.40545458262007594
41.712622528707904,-72.58515637616297,0.07866659548496892,0.09926724194142497,0.04705792106469105,0.40520818385377083,0.15849142942509772,0.7919016236108385,-0.6064536075867254,-0.43767415945807925
41.712650969317565,-72.58110290609811,0.05314105672786179,0.09940166379695628,0.08231939182343312,0.5278142138334481,0.21790419554947493,0.7301594566822572,-0.6830384327243384,-0.4155858490075652
41.71284274322966,-72.57686903389471,0.04378595918090553,0.0589864714839561,0.08857465742044016,0.40444277987262345,0.13776475611013694,0.640683469912287,-0.7454348368762346,-0.4918375457086336
41.712655632906326,-72.57259635370112,0.03666746025902466,0.09207847820511132,0.07553911363333413,0.5641635610359322,0.1402166381315954,0.7638305524597386,-0.719376471792018,-0.6018722891492108
41.71232390086733,-72.56900918171168,0.03805435057120926,0.06453775762394724,0.030144683845900657,0.49165122222672775,0.14530862059205363,0.8844579518732183,-0.7679286718651842,-0.5437432289325821
41.713040855507714,-72.56437365438477,0.040437774449953515,0.09543679082344728,0.04271006768751068,0.3548618519245201,0.21861204524789601,0.7851454512723678,-0.5761177948881211,-0.23758676262061898
41.71283264821483,-72.56037317523317,0.05671429410717028,0.06102380082829788,0.056986466507836675,0.40478078459762445,0.23414380544925467,0.7531809959610073,-0.7379854010131783,-0.26706904352491706
41.71237446381123,-72.55680839512424,0.05639101614035702,0.09686361317491199,0.07697146299872551,0.37163974666504623,0.12292744945938208,0.656845565422163,-0.586497679726349,-0.5028887867101693
41.71236632054243,-72.55239279919553,0.053335330504104606,0.05955231411496939,0.054669188273976314,0.4692381523176942,0.13418169527807328,0.7913020718043915,-0.7747602580026742,-0.5552625727751602
41.712787265588645,-72.54766202854906,0.0494267765228141,0.08548350284305446,0.048851849188128404,0.5806693785440401,0.1947519554039055,0.8447968168949102,-0.7433516982916692,-0.49768739425222136
41.71211415950485,-72.54423415029059,0.07189898491170338,0.10689613239980945,0.04353655225391065,0.3913432400964563,0.2097125475626572,0.7997766140449458,-0.5709045157782644,-0.30218608033238054
41.71296126214681,-72.540551470647,0.06803136160555581,0.07067194551413257,0.04707902598736852,0.4825245228897096,0.15556141075844465,0.8222103077398538,-0.7444960351318044,-0.5124123490105881
41.71251326060606,-72.53653630699272,0.05360194730266222,0.10066598359190503,0.06062625414424657,0.5424753649310925,0.1492458722134443,0.7989517778539633,-0.686955336262895,-0.5684797163969131
41.71304569712467,-72.53236687510555,0.04333028535245888,0.08891796937281224,0.08131870007246408,0.4173711146825585,0.21567737192190792,0.6738706199066397,-0.6487462512105527,-0.3186071004489588
41.713177438878006,-72.52856545424024,0.05007600413401381,0.09250454130916969,0.08950620805516224,0.503478101071444,0.13495358831594764,0.6981160996081194,-0.6895730354170506,-0.5772340547649112
41.71267261842808,-72.52392493423227,0.04234064453145972,0.0743370421462663,0.07544237199278714,0.4756167806211339,0.23290493402836393,0.726191383865307,-0.7296607858012591,-0.3425609146119655
41.7128973022621,-72.52034294388945,0.07442518833949216,0.06781830482502064,0.0695435539681532,0.35554661932259884,0.24884387417584777,0.672805638249431,-0.6796224677253911,-0.1765460348807179
41.71662584247069,-72.77974616704391,0.08444181964551743,0.1647879342810479,0.12195930652653159,0.25955588485537334,0.30384827695685046,0.3606581898624965,-0.22332822183480117,0.07861566368094963
41.71627576920494,-72.77584266520843,0.09942902028702602,0.1379259887166424,0.26039400411893165,0.3191391711182481,0.20896131825720912,0.10136635745705909,-0.39647122188675865,-0.20863046915812863
41.716533569422666,-72.77212134450102,0.058767681015758244,0.10504731614916213,0.038906583110938656,0.39843000585693,0.21777390125598686,0.8220748773718674,-0.5827128191966864,-0.2931758505838858
41.716530481901955,-72.76729490034778,0.12861177359044132,0.10106041861130952,0.1686336413897737,0.3544154825833874,0.29870753643407444,0.35519004368535495,-0.5562425219589809,-0.08529472170972978
41.716524537950754,-72.76348109114969,0.15995404638651273,0.11026915474769186,0.1242233358052072,0.2723258839599605,0.21839318469427496,0.37347834965469884,-0.4235724795587301,-0.10990544837312394
41.71716254957728,-72.75993855863153,0.07455999663545834,0.1248686718591796,0.14746200202061588,0.2021300381523818,0.32915439093673643,0.15637666150726182,-0.23627422349914023,0.2390891692461919
41.716569524641606,-72.75558917470784,0.042334092871583094,0.1146094390658778,0.06107950635324573,0.4198854279099816,0.2299521589533392,0.7460126424941511,-0.5711485885193575,-0.29227805962013514
41.71691662210556,-72.75185527249643,0.09519799184405289,0.1663491917563218,0.15844553013727758,0.33117737089171306,0.2172798920431406,0.35278546079324014,-0.3312952342847987,-0.20766883136726977
41.716717123397046,-72.74784985142958,0.08301268286141042,0.16754382397942413,0.15675704425804698,0.2614515117470152,0.2776015689372743,0.2503403289714162,-0.2189014190762062,0.029960049889257167
41.716477691553074,-72.74325708451005,0.1321298135220575,0.1375267676664031,0.2002745466963532,0.2909839722402328,0.39763530736453434,0.1846470280866291,-0.3581175225789324,0.15487706819000774
41.71662595425276,-72.73943725867647,0.06031971402545108,0.08031848452404192,0.06748584060782702,0.46976384604432414,0.2184898691233486,0.7487728991398312,-0.7079764971143363,-0.36508916898437666
41.71665600089007,-72.7357118569053,0.06008794485297426,0.10245323916495183,0.04068289771545326,0.4793349834747591,0.15344961944887736,0.8435326969051964,-0.6477988547100618,-0.5150020441714337
41.716894917417186,-72.73191814689555,0.11623287566229343,0.10541522881190069,0.2308760336318779,0.2582641952189869,0.37673689735299387,0.05599245363942344,-0.4202848891283567,0.18657086345182539
41.71632379230711,-72.72687696534534,0.04336912443973791,0.05653423719764704,0.05364277179000932,0.3547047642335655,0.13487142246216582,0.7372690316078587,-0.7250541072179728,-0.4490278484644205
41.71678610860777,-72.72289983822928,0.07950443117811104,0.16659941050245247,0.15537832059375245,0.19954631105488219,0.20222346177487688,0.12444329449880165,-0.08998302755606709,0.006663395061153778
41.71671196984253,-72.71905418837092,0.03558080233360779,0.11897071462653744,0.037523084344197315,0.4612200001933071,0.23071443530348057,0.8495294049881682,-0.5898910079473467,-0.3331320903610335
41.7168135891911,-72.71508046817755,0.09460056914728115,0.0802871311094813,0.18846619527839198,0.1822563377421255,0.4001543024424607,-0.01675068813775829,-0.3883898048527675,0.3741311536329002
41.7169606502997,-72.71061529190192,0.06499730927143182,0.0974078250574842,0.033627814435521895,0.5878285633188546,0.1953237371808747,0.891777393750353,-0.715695702359616,-0.501185817736247
41.716771226787785,-72.70622661299947,0.06512247865933923,0.10557178803786135,0.05316201201715748,0.356396914335404,0.2263730232050024,0.7403938305503129,-0.5429483101538745,-0.22311358694851408
41.71651655410028,-72.70282442925453,0.07899592472901726,0.08719957661384632,0.12411260345204388,0.34499517484310194,0.2685042037391042,0.4708567659948001,-0.5964801686281819,-0.12467978579011432
41.71716566733458,-72.69858446367964,0.056254739792809,0.0864643953462067,0.0526150289073331,0.5119405071078731,0.24464288064094156,0.8136054805920249,-0.7110170889589535,-0.3532956588727986
41.716629747783166,-72.69496117409676,0.07417657648115608,0.05950500779386157,0.0809751154178581,0.4188707255624297,0.2130318006508693,0.675999643173778,-0.7512206257772586,-0.32574474127371883
41.71729214265635,-72.69031222262942,0.07223838717311877,0.07572558415373204,0.049240815628951155,0.4877043692354287,0.1765612113435093,0.816589041053089,-0.7311978758025723,-0.4684017462123264
41.71676161545742,-72.68672443191076,0.0745850905612602,0.05252438966078078,0.057440299989199584,0.5283436309240067,0.2354024413154581,0.8038857095323418,-0.8191520696632534,-0.38355835827683304
41.71637080464722,-72.68278681662287,0.04764047181139298,0.11594925917496299,0.08315850678556116,0.5006473053259501,0.18181348391332988,0.7151158653772456,-0.6239055945152244,-0.4671826227086474
41.716886792925415,-72.67838508017273,0.07090747542076678,0.0819375801309507,0.0467663983631684,0.4425885637351632,0.13601087616347562,0.8088651306910785,-0.6875748479303048,-0.5298617081713646
41.71665824626113,-72.67408682928063,0.061150278603884486,0.11854611499784823,0.03734370812857075,0.4737909528688385,0.18424064671987647,0.8538791790965629,-0.5997342681092226,-0.44002492635602564
41.71665514225951,-72.67070210431993,0.08416100849366459,0.09547238990088763,0.257015794501401,0.23604973860060807,0.3386733451572988,-0.0425218444471058,-0.42403609477032606,0.17856183170105502
41.717156692737916,-72.66695856119566,0.07202882167191389,0.0937650352755466,0.05696742963083964,0.45626296075453016,0.16927386966598665,0.7780044568753443,-0.6590535901724561,-0.45878847916215465
41.71675081110907,-72.66203046268056,0.1050500416482359,0.08345716633182315,0.1640209208522144,0.31534325545323905,0.3271480257101176,0.3156730145487577,-0.5814589866366626,0.018373432609861545
41.71662194357019,-72.65780961623129,0.06980335498008583,0.0568799199099573,0.08862038208095954,0.35398181066335876,0.1975889449308504,0.5995483821195001,-0.7231189196882022,-0.2835408950643617
41.71704772023367,-72.65369062735552,0.04810612654237241,0.05424304825052514,0.030507691145359853,0.3756127481300208,0.1327932472356061,0.8497603755191779,-0.7476221155687084,-0.4776094363713942
41.71685710041351,-72.65048725964223,0.06459607378012089,0.05117782959087139,0.04625900888494386,0.5598960374476595,0.2382970238472254,0.8473690546178806,-0.8324987129988186,-0.40290880639668
41.71680599535914,-72.64609925415549,0.14966533899454604,0.12136602706937194,0.15893684062724434,0.18791490028013014,0.3300382208168683,0.08354595417938032,-0.2151728972784501,0.2743941772871803
41.716603648150986,-72.6419338449982,0.062144416214498344,0.10824478852136178,0.05854980356096747,0.5713320922994164,0.17094825796662605,0.8140927562904734,-0.6814347527813893,-0.5393970542117784
41.716790418668296,-72.63763254300476,0.1579400728414975,0.13163894235281748,0.18162752462656345,0.2510880377631365,0.32054678913488566,0.16052233655053405,-0.3121000128450045,0.12150895659851109
41.71646426894813,-72.63376526199642,0.10457299478727189,0.14169732493768045,0.1297354996313616,0.29796388526072626,0.31109388777491115,0.39333324192600855,-0.3554249424290287,0.02155789334851264
41.71658716626451,-72.62972257094694,0.07231304317062297,0.07623621845722131,0.04962226153520286,0.5428723674035203,0.19563463168825795,0.8324971768129399,-0.7537226257289561,-0.47018882169335974
41.71686210656835,-72.62568767972817,0.039502044424607655,0.08889984929189777,0.03948610733661779,0.4599580236085678,0.20631919704408974,0.8418797823816998,-0.67605511852421,-0.3806806216727986
41.71675410402168,-72.6216078058597,0.06864128572487392,0.08684035495002625,0.08700318934052927,0.4645786281474483,0.22244948058645378,0.6845320618552637,-0.6850295052875413,-0.3524297543039471
41.71659294429356,-72.61776097891033,0.0795238677434071,0.13018048150760678,0.1507616214602393,0.29415346010093857,0.24182031910606402,0.3222903528860984,-0.3864243759802732,-0.09764123362957006
41.71693954540776,-72.61355610364885,0.15428058232376396,0.1289887791993232,0.12534439409013987,0.2833868106776599,0.3228323551038559,0.3866658937315636,-0.3744111806530441,0.06506812495006521
41.71700260183752,-72.60982761142608,0.13702220524385317,0.12939211061575145,0.2189443900653221,0.22634458078113434,0.4142267089091024,0.01661885023054829,-0.2725399783325011,0.29330401026687114
41.71663009761014,-72.60510956022537,0.12725547397768341,0.17833798511764556,0.2633271194954051,0.3063788221475544,0.4179315443784294,0.07556828796272277,-0.2641559671766337,0.15401232315080107
41.71723287957776,-72.60141060666992,0.03398833212427808,0.06551777431557786,0.05505241415570953,0.4044909932620222,0.24395513192766216,0.7604038562317309,-0.7212061610967261,-0.2475700834628318
41.71687967733798,-72.59756709128689,0.06546144930385994,0.07854395114642684,0.03837055226317238,0.4409702488795693,0.15033832083303622,0.8399028325079045,-0.6976253925590618,-0.49150636898056344
41.71646311373808,-72.59275167460947,0.03561725595291232,0.06521999005536891,0.08434542190979057,0.3730098524596627,0.1622183636881805,0.6311601652519436,-0.7023480204768037,-0.3938347837649434
41.71661014577169,-72.58933430883039,0.05588035475094436,0.05303940421640478,0.06891417800186267,0.5021392764201362,0.2085256145611099,0.7586419363433663,-0.808928526738122,-0.4131534645726217
41.71716844962749,-72.5853312649082,0.04750707711470412,0.06585046330698434,0.06000406360839675,0.35703416214192685,0.16267130765291235,0.7122371048819848,-0.688565346933192,-0.37398654773778284
41.71693503318664,-72.58056254330069,0.033144562115976425,0.09565250237039558,0.053866483268541016,0.5664927598683329,0.2418504695162721,0.8263377748797204,-0.7110830271684124,-0.40161441149103494
41.716448118651115,-72.57698439332675,0.043216361213751615,0.09260296171197346,0.06769157555569419,0.5180331327404921,0.16183121978345455,0.7688621477055251,-0.6967000065890077,-0.5239308571403457
41.716588397858416,-72.57316171822733,0.037720971401111685,0.05867302420483172,0.08557699926429438,0.3537388644129713,0.19824150610072183,0.6104078803438714,-0.7154639532750903,-0.2817081306125758
41.716302952506155,-72.56852046344369,0.05635490445862312,0.09870485644326117,0.04903018167949433,0.4789660366809573,0.22622337054325775,0.8142782846750524,-0.658266124819149,-0.3584039458739912
41.717180975828036,-72.56443548743428,0.0793670081813828,0.07592292324553253,0.07482547577614639,0.5127518331175354,0.20665861973875552,0.7453084908366141,-0.7420547681894935,-0.42547785087565976
41.71710475134479,-72.56049373198978,0.06267406780559553,0.06962033021177991,0.0656741223070185,0.5528172878464205,0.22283014120101324,0.7876312549248641,-0.7762978065851086,-0.42543446195736345
41.71690869507421,-72.55659849302731,0.046692492558508644,0.06183254425777414,0.04563104431155193,0.5962769913229526,0.16016604051321107,0.8578268481513954,-0.8120904168233571,-0.5765284792843434
41.71643241355138,-72.55206623150937,0.06615355437405224,0.09017323055002849,0.07181220297148791,0.5238686455844789,0.2118773158676866,0.758890341545903,-0.7062961532275828,-0.42404762793533374
41.716646236368156,-72.54859563900908,0.03339243914519976,0.06895778041128298,0.07249313882452582,0.4834001495534318,0.1913117577405593,0.7391832557070307,-0.7503148713165463,-0.4329083104288558
41.717252464527355,-72.54436756231384,0.06869477625439277,0.1006474418727584,0.07285796473158683,0.5431337469894351,0.2357465402150522,0.7634449836085339,-0.6873240672016504,-0.39465269801298924
41.7164260683076,-72.53992327634998,0.0359596342195319,0.0942371283615705,0.07301559275614773,0.478849510957677,0.15746709023940175,0.7353860852415458,-0.6711243225858067,-0.5050668489768623
41.71645839266734,-72.53669052950312,0.07545620355339083,0.07497546887732784,0.04054241956212774,0.5056250678446723,0.17147903687944802,0.851538509717512,-0.7417313139232347,-0.4934928449464488
41.71682361722308,-72.53236833366488,0.05689232055828507,0.06212379606432366,0.06585829013759056,0.503186922941522,0.22056964099540682,0.768530553903686,-0.7802136277423699,-0.3904866581227216
41.716343312070684,-72.5277449734694,0.07756099434853878,0.08928522659479517,0.031628397533050814,0.5715921547101707,0.1455785479194623,0.8951348808808555,-0.7297979046627593,-0.594019813175098
41.71662158379267,-72.52378952339106,0.07844068621315786,0.11759055111161683,0.046464637479345594,0.556941386930323,0.1611911611513901,0.8459921326612427,-0.6513417838954706,-0.5510824245970568
41.71674718787123,-72.52026867342542,0.03272717578105823,0.05036272248847503,0.03346584087568857,0.3845443528335701,0.15349482387521057,0.8398802642647262,-0.7683977780716406,-0.429428820354131
41.72078413688668,-72.78025138798523,0.0719155876053604,0.10144601690133788,0.05348310746523431,0.5832420363370654,0.2164664679317197,0.8320056684243631,-0.7036723032583274,-0.4586365737609701
41.720716503765175,-72.77628214103589,0.05642872149810883,0.11231137903179528,0.057267703689851804,0.5691240879277876,0.127000026857825,0.8171505295688517,-0.6703682608922478,-0.6351224611808268
41.72090320385809,-72.77200494298768,0.15788887121077572,0.08055011740397988,0.23490394183978344,0.2238092452415197,0.41286144115985235,-0.024186565615994134,-0.4706907209698684,0.2969387470733178
41.720734390926445,-72.76765442116489,0.11980360345522198,0.1786711979031281,0.27676376560731514,0.24070913501206784,0.3061948028215573,-0.06967443232697237,-0.14792762616620983,0.11973888516672376
41.7207408078224,-72.76327816476343,0.09259554990501889,0.14121144359151738,0.26395084027140064,0.18017196001622648,0.2503654303477478,-0.18863899849527307,-0.12122753069185035,0.16303687415436802
41.72137620225052,-72.75956792982481,0.12633212908288488,0.09026943901506426,0.23816505744331548,0.339664066300509,0.4038492993192412,0.17565575130510766,-0.5800772077588786,0.08632693907961031
41.72066989864836,-72.75558828120671,0.07809785928925213,0.11736416412254985,0.05291513303510052,0.43796371609633866,0.1863013756936785,0.7844065470381193,-0.5773157865717474,-0.40313377075281237
41.720513247173535,-72.75137256075675,0.10322284139644917,0.12293708757001783,0.14001024369298595,0.24890846881862339,0.3884807584224341,0.2800025342632152,-0.33877339418020175,0.21897497422093262
41.72101513408527,-72.74759458450863,0.08534830535057093,0.08123361644492058,0.16373492855838404,0.19112921292564033,0.28288906368528177,0.07719654133746721,-0.4034897006125687,0.1935787189804047
41.720553532543796,-72.74353112047237,0.051350770866853454,0.09954609790142968,0.06992050332612121,0.40860250185273006,0.1594657256802456,0.7077653422326563,-0.6082008375125321,-0.43856840445811124
41.72051542647689,-72.73963337388287,0.04138707680877636,0.11954259831962588,0.036934728381220104,0.6080900050226585,0.22517601749596355,0.8854781019440578,-0.6714204455091135,-0.4595339029537083
41.72100620996705,-72.73556902050024,0.06162911886976209,0.10297248687156521,0.07474114752609909,0.42332265004690095,0.1435455204092786,0.6998731974084327,-0.6086891949088339,-0.4935488429566886
41.72135087014823,-72.73165740902262,0.14532553260872444,0.1569034227704616,0.2281840841066426,0.2274280727296969,0.30535370976568754,-0.001659331002480833,-0.1834995330462221,0.1462618272550746
41.72046067438099,-72.7272375532024,0.10055157735136216,0.10561162677146214,0.21150437231469066,0.1912143186510682,0.25951431127624425,-0.05038269670316252,-0.28839356262388394,0.1515324035133747
41.72086763430354,-72.72347536278693,0.1003732020767026,0.09473346004355437,0.27326717324299765,0.2851906405299504,0.3494049406458549,0.021350703657269408,-0.5013032345115676,0.10118932753506661
41.72067938562353,-72.7191106316424,0.04913552717988149,0.09830177185614274,0.04379324907278381,0.5260008627337504,0.17189023189695185,0.8462839535707479,-0.685082950448487,-0.5074009878635585
41.721116215148065,-72.71451112836401,0.09617528953114256,0.17977573142328604,0.17074042792904548,0.26259195356263343,0.3872769857583718,0.21196552474893163,-0.1872112836225445,0.19186181190012178
41.720992921567216,-72.71098880804298,0.08174207992951854,0.12223503686917177,0.16950558997786025,0.30181937505566725,0.2299132658132818,0.2807273004696344,-0.4234936204798305,-0.1352298198675139
41.7212470990043,-72.70693011864564,0.10798173360159008,0.15128807220926188,0.2424749415088009,0.1970786121609003,0.3874390340722852,-0.1032782671619879,-0.13144351054816428,0.3256709581620452
41.72108810408023,-72.70276019937687,0.06641494326703296,0.09206238585558699,0.06350887040435066,0.548369942002888,0.24990378722170908,0.7924135658350527,-0.7124992544850695,-0.3738894865938954
41.721308632984815,-72.69914573885494,0.07772624306920692,0.06351582452225707,0.03992757818370698,0.5083149936720233,0.17840835817524558,0.854343386546735,-0.7778509919321015,-0.48040689836647754
41.721001397614025,-72.69485324151174,0.06589663227718123,0.06377594314889866,0.06207311696127141,0.3558872900007404,0.1854875737273026,0.7029713057633559,-0.6960613267440652,-0.3147536535036419
41.720738802703465,-72.6908860555039,0.030286545035656066,0.058084011153606424,0.08838363921104714,0.5990299527451326,0.1622621112005489,0.7428516391142838,-0.8232148018618057,-0.573719157508185
41.720626068054706,-72.68638573981872,0.08140966035947841,0.05403763086386933,0.05013975462221982,0.035635339668885914,0.02624650056056059,-0.16909821053776342,0.20521558598598597,-0.15172204112730378
41.720716065576255,-72.68259832448676,0.07625178703772126,0.08323174887837448,0.0546353923583619,0.06775849139396167,0.05779921346701008,0.10722021912594663,0.1024785274631274,-0.07932032477002793
41.720847330360264,-72.67813381963137,0.10155321271787429,0.07245805382854834,0.04719540977324605,0.020338369089351018,0.05911024373186539,-0.3976830726226331,0.5616561835073066,0.4880119773741413
41.72075075587536,-72.67424834852258,0.09736509552916689,0.1585695917459743,0.16685402485887063,0.2659319716684213,0.3783359649935208,0.2289305744745896,-0.2529139800072787,0.17446777486317727
41.72061132372995,-72.67003796293695,0.06577953566445077,0.06926144847760077,0.041738978189243665,0.40774016837311977,0.14575831224615923,0.8142784664940955,-0.7095965882259205,-0.4733199192052768
41.720959188836986,-72.66606846773598,0.08268896403102562,0.1251219266690458,0.12494176408529534,0.2981859288656131,0.30362922312961566,0.40943707459113926,-0.4088372089811063,0.0090447943125993
41.72104159624067,-72.66263893753144,0.09635093371989467,0.09691671650277695,0.048228812387153416,0.05755825880256736,0.03410299491396937,0.08819079978764435,0.2547885676784304,-0.2558907164976557
41.72075302889426,-72.6577302492221,0.07100322440114978,0.08258084597347756,0.08923183433293913,0.5873561573816546,0.1456041070565139,0.7362299200527935,-0.7534668317770121,-0.6026957691407108
41.720724850469324,-72.65405030322374,0.07267055713912146,0.0927610952232414,0.062262359103224016,0.36319217482467325,0.17827937306861247,0.7073136885936876,-0.5931113940097702,-0.34150049522547354
41.72107611248848,-72.65003377825774,0.07133336106885271,0.08826789480986696,0.03134432791093689,0.5018559968691262,0.12709657649043538,0.8824294492923802,-0.7008496146165808,-0.5958468670807825
41.72080578982718,-72.64619904555494,0.08146773823556872,0.1016014269730072,0.07591805052002581,0.02126263282743886,0.021971391887626576,-0.5624103042903006,0.6538836033584874,0.016393548018228794
41.720773652994055,-72.6417800642811,0.06060793086810176,0.1017842473120742,0.0731195056647073,0.3731851154573975,0.14057252352220792,0.6723336384872318,-0.5714071041610506,-0.45276716935477734
41.72092093887286,-72.63772629573052,0.10784473617581819,0.05700311364055756,0.05871357349597929,0.031233837565391085,0.028419196877940124,-0.30550891466836116,0.2920463107912685,-0.047183529114932024
41.72044278770397,-72.6337786864265,0.09877075011660455,0.10903367982657002,0.06435272916268167,0.024754009340417583,0.05539247509812624,-0.4443964675116775,0.629950864768719,0.38228084453538536
41.72040488073941,-72.62959963378461,0.07395221652363185,0.08339890595406746,0.06187928896873375,0.47216079778884745,0.1294368854220765,0.7682597598826965,-0.6997661803324011,-0.5696895482335322
41.72082103280476,-72.62558801038364,0.049341142280386455,0.06960285544607166,0.0541504275536651,0.5168624598032557,0.16048035058700252,0.8103355326906396,-0.7626360719508842,-0.5261473270985484
41.7216397900577,-72.62145724667438,0.11127254414886886,0.11270197123445858,0.1275971324445167,0.18663327730980955,0.28643403904198844,0.18787533934557413,-0.24698496563600467,0.21096524380889958
41.72121861777282,-72.61735839966182,0.07840232125910304,0.08001305322790114,0.04660756463847874,0.4651153760755764,0.14750061950789825,0.8178406284719508,-0.7064432932616062,-0.5184565190224455
41.72126673718169,-72.6132248781992,0.04945235994135817,0.11312119925747736,0.06854284510293782,0.4818280103759508,0.137178585993574,0.7509212400307885,-0.6197282140195604,-0.556778274098768
41.720712305250295,-72.60929058074532,0.07389634459083522,0.05381082991760855,0.0488446150397743,0.4949436683245798,0.1641758636856281,0.8203542939999426,-0.8038801318623193,-0.5018328066081784
41.720780853780965,-72.60533272161342,0.03184270693084258,0.06103525954384993,0.0871767908414887,0.5053588460009194,0.1835648162861337,0.7057500497149866,-0.784477772821647,-0.4670967878306147
41.720971106026866,-72.60123155075455,0.09485168808873971,0.14559021196637528,0.19665029833363648,0.318616657012636,0.39736416567046373,0.23670518245641237,-0.3727356413894081,0.10998549983884442
41.720967060535926,-72.59734228423937,0.034573511776348924,0.061860842038153396,0.07701184149601384,0.5967343941630319,0.24030835280150148,0.7713921431540696,-0.8121430625736976,-0.42581581723762624
41.721070242101455,-72.59336726311905,0.05681177675110483,0.1075954293843745,0.06290189054280007,0.3893911693403619,0.13029854163950266,0.7218533905470533,-0.5670087295695155,-0.4985525443871983
41.72102456433252,-72.58885081593895,0.04752603224486589,0.07494121593378172,0.05273606468852832,0.6051491435314713,0.12815159636241286,0.8396800413518549,-0.779613944262621,-0.650480111663442
41.7211388029123,-72.58480879893206,0.057470474567006935,0.05899757305726664,0.03206760820670018,0.41054327403539137,0.15390539590233523,0.8550979675679985,-0.7487009983366826,-0.45467000243152317
41.72071245336455,-72.58117563416657,0.06691594684761998,0.10988035827459025,0.08389414978618306,0.4552767888137567,0.1615237843674625,0.6888031465344543,-0.6111511325984755,-0.4762528071775771
41.72097901138753,-72.57689138663545,0.04606527264425524,0.0860755044180571,0.06252497518744504,0.353693233953893,0.24472201108529168,0.699556752615727,-0.6085419589545463,-0.18209967705863814
41.72095118616077,-72.57304678730162,0.040573556687690956,0.10354910251608734,0.07423587120551056,0.37569265281928627,0.19734926839378963,0.6700103805758303,-0.5678627692045588,-0.3112222296895146
41.720911560267325,-72.56845737572664,0.040304558945885534,0.1114344357764484,0.057688864302455733,0.3760613772125241,0.13373075879641386,0.7339996210678148,-0.5428291574722955,-0.4753518175334536
41.72058078128137,-72.56458244987327,0.05482029022298998,0.10241258384211918,0.041203554121165935,0.6180159845148749,0.14099785113014063,0.8749929220653313,-0.7156898314688414,-0.6284709329170012
41.721042941060816,-72.56075033004818,0.07162537114384135,0.09535224411642118,0.0729295798074539,0.38623551921044835,0.12125619698883226,0.6823383137636492,-0.6040088582911005,-0.522135265982479
41.720739823999835,-72.55614391018995,0.04788762809564122,0.06566199554988163,0.08498080334284455,0.5876151197321755,0.2264625703090311,0.7473050298778992,-0.7989765935041776,-0.44363400918757984
41.72109916581867,-72.55260506447442,0.032418371309957575,0.09577215004982848,0.06853548823050595,0.44974455688370985,0.1814492666366276,0.7355271966320739,-0.6488754649213828,-0.42506006910956023
41.7209703140149,-72.54797187695698,0.04570833059537929,0.07928726882644511,0.06619074179469539,0.608071185624696,0.1900029992374752,0.8036646024252687,-0.7692986292290349,-0.523846271834268
41.7205621366369,-72.54452247173518,0.03567540606542768,0.09571872672877586,0.058926643215265466,0.5045563544069309,0.1249942016499758,0.7908485492413223,-0.6810837906258637,-0.6029097252082255
41.72070447174456,-72.54000023695801,0.030174096184230587,0.06489541144290577,0.040811650422536996,0.5609522196655599,0.19775040768453664,0.8643599177313113,-0.7926159396721956,-0.47871431953461124
41.7206647797937,-72.53598719350656,0.04767374359028742,0.08225998134051717,0.053238396319238726,0.490772655739132,0.1824185209477343,0.8042745781807152,-0.7128959992235717,-0.4580483902195112
41.72088390026729,-72.53224373007187,0.07541685749271501,0.08520258955354715,0.08498318462534253,0.49853430291085044,0.21994624812434066,0.708721035990986,-0.7080787914779819,-0.3877461322858614
41.72066661994425,-72.52826379293109,0.043216080649249276,0.05136849801500811,0.03964373659066158,0.3558462762586499,0.24311814344588573,0.7995209218809451,-0.7477080830054205,-0.1882050571023435
41.72063370996588,-72.52413248195656,0.06718880916330522,0.07325711607814615,0.060136674708535925,0.5286750221407316,0.12312656183752525,0.7957354616753459,-0.7565934382739072,-0.6221961871095036
41.72081238180051,-72.52030381336607,0.03941126859481664,0.08106534014355331,0.061951807751095996,0.5486026504289927,0.24537898240310396,0.7970637772893873,-0.7425140189519813,-0.3819026227902824
41.725105558620946,-72.77967024016603,0.06015933465363353,0.08816250498618416,0.033561772815535414,0.5385400265388154,0.2131237840168484,0.8826720249668442,-0.7186464054273018,-0.4329279099939701
41.72552146488777,-72.776028774494,0.04813323289285085,0.0513786047519044,0.033549698789860805,0.4449855306432823,0.18007369227582876,0.8597816974536957,-0.7929801889856579,-0.42381878173124055
41.72463971437725,-72.77218248612206,0.14024620056186454,0.15712878409517714,0.18127023766620462,0.21102558868519125,0.22439984471396324,0.07584926736470939,-0.14639729574030508,0.030715376280080094
41.72481068564284,-72.76767939967344,0.10002715334137016,0.17615332425411373,0.2012007384976062,0.328076038230334,0.2284385080969878,0.23971446568483104,-0.301296840841763,-0.17903850095365342
41.724639393968886,-72.76371312733639,0.12835655156034903,0.17761267791625893,0.2081260410129177,0.23496227086117247,0.3170286603094537,0.060566323076201245,-0.13900406002559182,0.14867343793898974
41.72520682883304,-72.75969772904044,0.1495789037408504,0.14712804288995956,0.1677327624212397,0.21980905545731483,0.3502768522547116,0.13437593217977445,-0.1980748550493222,0.22885637942010204
41.72504951673514,-72.75597006066083,0.07271203625968864,0.11253630711186266,0.08484219400978671,0.42915163616180757,0.13564063378752536,0.6698707687543154,-0.5844976484735702,-0.5196795671453025
41.724833827794335,-72.7515798565917,0.07329714476231905,0.14338804696362722,0.26498901851969825,0.35580066602509186,0.3430287318455695,0.1462840794011962,-0.4255156687933063,-0.018276183312319953
41.724948762624244,-72.74785051775982,0.030435734866336682,0.11868286405335729,0.08416358872600195,0.35757419018701436,0.12235724455976957,0.6189432158910964,-0.5016016539947905,-0.4901053121293198
41.72490163463999,-72.74329439610436,0.14115845164307717,0.13544596999906633,0.18038268342479807,0.20622955711200816,0.41949208731112764,0.06685477327702306,-0.2071661020367167,0.3408265194273887
41.7246701835474,-72.73867388437681,0.07528641153154277,0.10748342657335327,0.07867114730209343,0.5163735876998461,0.23543435575045424,0.7355790491891773,-0.6554228801977238,-0.37368484118439466
41.724670043589626,-72.73543018098057,0.1239998927703723,0.17981530006126928,0.277523964908051,0.27227142296414064,0.3262499594762614,-0.009553630422835363,-0.2045097062000531,0.09018647970775828
41.72458202160382,-72.73119642162852,0.03325922289793153,0.07258478140407047,0.08379374039521847,0.5574551765796297,0.21649029923317553,0.7386545593230058,-0.7695867365734657,-0.44055413204446925
41.72481524258322,-72.72722914957691,0.07044662437954005,0.07056462042355496,0.0710899123620584,0.5460763013244683,0.22979227861699875,0.7696247435924396,-0.771132216708804,-0.4076515416197555
41.72435138587227,-72.72285529127143,0.08242555560567143,0.12173360401734015,0.12883612421683957,0.3505856978637609,0.3984170783120593,0.4625354196114185,-0.484528353880466,0.06386008432773883
41.724619558475766,-72.7190898702274,0.1331766599536195,0.16869311692981873,0.2123159179324318,0.20093887805123328,0.20056729430704898,-0.027530327516509242,-0.08723747283583373,-0.0009254745499970175
41.72462151610987,-72.71480916647191,0.04864695690441146,0.05216454119566394,0.08489876503669203,0.4383322984316714,0.2116210621709625,0.6754827036685471,-0.7872991751168184,-0.3488115455707518
41.72488484774205,-72.71084977175755,0.04925001893359218,0.072199170968604,0.07201538393233956,0.5713412738281566,0.1489179042609177,0.7761260940921237,-0.7756188548758407,-0.5864880065644896
41.724797900981194,-72.70666507251586,0.06808808026610416,0.10553788243423506,0.0765842678071082,0.3884447397468329,0.19163451457089425,0.6706258467189284,-0.5727060925007583,-0.3392816131778774
41.72520405830365,-72.70265362238887,0.15416818822561562,0.09453503050084376,0.19213972369603666,0.3188893680190563,0.2809287001666886,0.24802823631356907,-0.5426731908455888,-0.0632869696092791
41.724143863872044,-72.69884806340454,0.07676743476650638,0.07810996676623078,0.058079577982637666,0.4927225085962943,0.15449765142636537,0.7891090851039663,-0.7263296321162365,-0.5225808435233034
41.724582565418075,-72.69514946752996,0.0634900047590486,0.08161798470640214,0.08104403408977828,0.3564273170158114,0.22847252581275546,0.6294887247589513,-0.6273536806101384,-0.2187635930696587
41.72435490964871,-72.69076369816919,0.03158585764054438,0.07966526013003093,0.0545012517251598,0.4106935975043792,0.15215202556016977,0.7656841995760469,-0.6750736368285374,-0.4593472194676
41.72470468580988,-72.68631998535244,0.13776449465750434,0.10760491998530125,0.16867128149968563,0.22840734191205098,0.37488251417040314,0.150438872531358,-0.35951789748569785,0.24279402476532408
41.72485490414915,-72.68239140186836,0.08778092098417978,0.07238182334565743,0.0633065552327205,0.04608930340978916,0.04896708254901101,-0.15738485932264498,0.22193188041625087,0.030274443007639224
41.725270389746726,-72.67855246945393,0.06271711350549819,0.08239512863605461,0.07154404419501609,0.06614670240905421,0.031889473316923565,-0.03919901604921886,0.10938619857234774,-0.34943457186542526
41.72528605093534,-72.67426964727323,0.08395336351214963,0.10139690854303707,0.04965883437020982,0.027072528245417594,0.023297475017289807,-0.2943555979571802,0.5785374494947494,-0.07494645589834091
41.724797311782986,-72.67045925609776,0.11343895008205218,0.11650180285754802,0.20703289816137224,0.20346783159414425,0.39508064577730784,-0.00868467778206205,-0.271794631029983,0.320129148142918
41.724966881866855,-72.66607875048182,0.09046126678414583,0.07747053160960261,0.07081208558741363,0.07465108094258176,0.0493389337605517,0.02639152884367126,0.01853418866470181,-0.20414665844370106
41.72499578758378,-72.66208402289732,0.07059234230743425,0.10997937243225626,0.04603302979090983,0.593760916197821,0.23033525411891675,0.8561004520923658,-0.6874432963150496,-0.4409990910881471
41.72496451492983,-72.65780851410396,0.06167919355253402,0.07087200953564327,0.058271784941367255,0.04108655687197197,0.05710338668356797,-0.17296210620825905,0.2660399612051958,0.16312087808194203
41.72484978727715,-72.65408805893199,0.06023183294050249,0.09365342314127595,0.048873474154657856,0.07866487205859776,0.04457087965148743,0.2335877701763986,0.0869817744267538,-0.2766566676796617
41.72445130447864,-72.64972084183597,0.11715733559351663,0.09104309247305525,0.05138030036444678,0.03202896139280186,0.05368198732179016,-0.23200467866463526,0.4795087855166217,0.25262847108472075
41.725184485843435,-72.64590789491965,0.0776793653313245,0.08029488423023853,0.041149464115919694,0.04273577944732988,0.058256719914000436,0.01891054092504488,0.3052824691033234,0.15368409104462136
41.724961506852814,-72.64224554262472,0.06564399283335967,0.08503975725533965,0.040610932086423523,0.46135607019691677,0.20252922847211977,0.8381928218321401,-0.6887247193966892,-0.3898668071784319
41.72489363732295,-72.63783284630112,0.10711367178927483,0.11146320609990973,0.20454227347238657,0.19666633199457,0.3415137958564663,-0.019630539750387338,-0.27651722850580784,0.26914309236997475
41.72510599222404,-72.63381375391316,0.0803655149372005,0.10670476312228412,0.031530530478011805,0.027976586196442423,0.03943935157802454,-0.05972301264421794,0.5845514417852291,0.1700304966450161
41.72489908545005,-72.62961037165886,0.04591931235214064,0.08878624719351132,0.06955966066585514,0.6126581744636455,0.17924059180275387,0.7960778593463446,-0.7468473782035231,-0.5473143804786373
41.72477752052183,-72.62538498225902,0.042653206584886014,0.11915095052213065,0.04241114170209092,0.5633743221100439,0.13905636083269893,0.8599796652920566,-0.6508526341812304,-0.604070937647142
41.7251128082063,-72.62189554942832,0.06429938282872587,0.05630827705730802,0.07159062716754064,0.5129776059510189,0.1638810120702146,0.755064941570231,-0.8021792609373931,-0.5157599897322324
41.724426990443185,-72.61825043196046,0.0994485264057283,0.16762271108395035,0.1630123550221586,0.19257559667546598,0.3319709258620673,0.08313904200681854,-0.06927541038916306,0.26574445391853124
41.72479468758676,-72.61342909742828,0.09577236601215679,0.10149963424200444,0.23250966638490472,0.2784598814524132,0.3847474746150617,0.08992750206346553,-0.465734479335238,0.1602629889283598
41.7251666692276,-72.60940819911323,0.06960329375456487,0.06378097059950572,0.044533704658389614,0.5772289211233289,0.21635502834479745,0.8567501396456596,-0.8009984824786951,-0.45473940472258206
41.72474654924576,-72.60530584145488,0.054997873009380485,0.10224372464380237,0.05784605185150939,0.3546691165919914,0.1439550998266868,0.7195446069545822,-0.5524585198031734,-0.4225908205556848
41.724710485425824,-72.60132177420205,0.032166587673025014,0.0682917080819454,0.035010101723193895,0.49632548269220844,0.13608125765436846,0.868218494111538,-0.7580955408449049,-0.5696400782199378
41.72495897424017,-72.59706167065899,0.07852583318760534,0.11638848731464,0.046401909014116685,0.3579405927082566,0.16282358809452985,0.7704821589792863,-0.5092500450993992,-0.3746743954489021
41.7250834416636,-72.59292049306157,0.04798563288357144,0.0708624183282835,0.0431607381491386,0.5406553037771851,0.20568261065316862,0.852142678345295,-0.7682408350021233,-0.44882175573203476
41.72477023101823,-72.58911849554093,0.03515694263651362,0.06047824571346916,0.05300698075316478,0.5270881540029831,0.19593030799190359,0.8172472838426852,-0.794139876811694,-0.45802128634084804
41.72460734266234,-72.58514089530927,0.04525324082306957,0.07512808296481657,0.06741778794260542,0.6051946897141284,0.20614947108342535,0.799534530856527,-0.7791398848256086,-0.49183224322270386
41.72471720729799,-72.58122678216213,0.06094049644864675,0.10802152243133994,0.06054146809529083,0.4477868924739219,0.24801860890414404,0.7618017297815213,-0.6112994350769148,-0.28710362762888497
41.72494061654627,-72.57673766552038,0.07366868762803301,0.11303365225541447,0.08882292609358644,0.588908849911383,0.12662441330036361,0.7378817719978497,-0.6779404241615359,-0.6460698060856136
41.72506022071591,-72.5730835699002,0.06258095937282909,0.07759931084169834,0.07882008459681292,0.5054982046071468,0.22992080353202055,0.7302152403814275,-0.7338376213729345,-0.3747216185945757
41.72465361902875,-72.5684803909809,0.05201884007923935,0.05033260814737364,0.07157117729377549,0.42993450650816295,0.19244891500787847,0.7145748109924058,-0.7903974408763179,-0.38157441745765314
41.72438635175878,-72.56457757315289,0.06114295850109664,0.07139638389777302,0.042883316555138024,0.4117885552180973,0.1479265174143144,0.8113658696857949,-0.704475954782805,-0.47142206938041875
41.72460554308465,-72.56079716801008,0.04813531795899452,0.09815208059154165,0.060820263440859036,0.5112658351093806,0.1526179073302873,0.7873737411379595,-0.6778825234284357,-0.5402270079112328
41.72497581652712,-72.55663325929521,0.04434819683061673,0.11330283288409305,0.06931737691586322,0.5157653830473816,0.23527550478160186,0.7630510359928644,-0.6397756872318747,-0.3734681863681022
41.724659690342364,-72.55264458565621,0.06389321821525504,0.07519949563460905,0.045381080551431335,0.37829759296802057,0.2423396421320697,0.7857759505596272,-0.6683573168404549,-0.21906186600941674
41.72495934007892,-72.54845247648441,0.0645553589784735,0.09971067065201948,0.03964612227615563,0.5698154134067195,0.18633734499292712,0.869897869004206,-0.702145523449773,-0.5071436480975107
41.72462074883835,-72.54373709168168,0.03214149995468448,0.09458932670460449,0.03900142782658901,0.49173624234799096,0.12183413870698613,0.853029358877956,-0.6773487915342149,-0.602868252872625
41.72485176909104,-72.54037123296656,0.0719441380982144,0.11708469692052928,0.08418574527952738,0.4698848649383986,0.17178526709767405,0.6961190731758335,-0.6010535996117993,-0.46456829289346807
41.72480926826558,-72.53636386091566,0.07864179741590185,0.10378220643899479,0.04211932979648282,0.605137616749895,0.24312839068610853,0.8698528304061551,-0.7072103133689849,-0.4267638015556079
41.724753672389284,-72.53241211011668,0.034696819829604555,0.11047745875393394,0.03333021774222836,0.4415589040988655,0.13759233353998404,0.8596294747160739,-0.5997457189848461,-0.5248483484178111
41.72455375643344,-72.5284660384647,0.07760361896669986,0.08915249335573866,0.08386384417822348,0.42507578664381074,0.1233770827930529,0.6704369669826363,-0.6532571356992781,-0.5500904829990838
41.725015855385635,-72.52429591769611,0.057274582283709685,0.10707399108104487,0.08040506235888795,0.5087338931649069,0.24557061294101182,0.7270421125440568,-0.6522487164575508,-0.3488820205814096
41.72463889386165,-72.51988321603052,0.04807108962793227,0.05015810050200054,0.04445656043365068,0.5562585368399501,0.21228326307683265,0.8519878703384658,-0.8345754472639344,-0.44756872534501424
41.72897753809163,-72.77983170959874,0.09372649473421397,0.17474080939024966,0.18610889166969513,0.2240977669737938,0.3071638143045781,0.09260911421994943,-0.12375171437402066,0.15635620993127894
41.72911774213182,-72.7756395821411,0.12325636820119226,0.1391147186936915,0.1783734173957573,0.28163356775555315,0.2702523506051704,0.2244751790580537,-0.3387271051406976,-0.020622409037339803
41.72838308146864,-72.77192264057861,0.11428796365485971,0.08835009154259282,0.25393768214486273,0.21066067266796626,0.2903366549325495,-0.09314929557667358,-0.409050762598112,0.15903474504781218
41.72912725260673,-72.76765515051362,0.040465715171034485,0.10006629809683398,0.08867991141370364,0.4983956820494839,0.2099839068237191,0.6978926993351009,-0.6655884536813222,-0.40714297779885544
41.728982942301286,-72.76380852051827,0.13327500103454765,0.1735928711380979,0.21418442431876955,0.2838847392811733,0.2670180253840142,0.13994103641876565,-0.24108692017079172,-0.030616498915938258
41.72896744896453,-72.75972887254865,0.041651961029929144,0.08808763803051806,0.0753562450170849,0.6036280950156432,0.140357486437672,0.7780324506057014,-0.7453068252688145,-0.6226876167048961
41.728838896235565,-72.75562676163513,0.15823860212546065,0.1224304367282559,0.2053776830508648,0.22087580063269882,0.2988077471781244,0.0363589229767781,-0.2867567005516906,0.1499603881510496
41.72919251180504,-72.7515472558644,0.042126376512531524,0.11849183813349529,0.08934405080464394,0.40683313423836054,0.19998433141970096,0.6398703789780245,-0.5488817613276538,-0.3408748339079907
41.72913497952685,-72.74750104469835,0.1436795371278392,0.17395749876022443,0.14767788928791722,0.2632881903470683,0.22244945966441954,0.28131348738522305,-0.20430319569125271,-0.08407569535053112
41.7291786044911,-72.74349143890583,0.15912013003803716,0.08446032673214018,0.2574349327389873,0.19394146399573886,0.3163793248458192,-0.14066634676195433,-0.3932486819763666,0.23992332573403014
41.72916493346946,-72.73923127702052,0.038984100768981754,0.10240998619974825,0.07354316838602123,0.5387790780330557,0.12339652510240949,0.7597893304837143,-0.6805622805738774,-0.6272996935612998
41.72855673081231,-72.73558702558827,0.12419754286589635,0.10959166054048117,0.16162769416911166,0.35037987984328584,0.3601061613477067,0.36865115919086744,-0.5234850380132396,0.013689616601216556
41.729258442502505,-72.73145749319424,0.10000261302613793,0.11971394463995984,0.23606472165641895,0.24772907730349503,0.3273238558060935,0.024110180147312213,-0.3483945129409349,0.1384129597812694
41.7294135981232,-72.72732189042827,0.04780863857177049,0.079356232995384,0.07191086207206923,0.5143719741346963,0.1772155788020933,0.7546888374309895,-0.7326849826489791,-0.48751079151278304
41.7290657997641,-72.72297669515483,0.07121295049773868,0.06808858859971191,0.05516420095785825,0.49953116824659594,0.1257448064909928,0.8011009140495443,-0.7600908432856118,-0.5977942170454752
41.72861826809967,-72.71891270646081,0.04296460046780732,0.06983654857940451,0.050280889929469934,0.513302630680563,0.19586349184700821,0.8215672102156395,-0.7604806843264055,-0.44762310092049445
41.729058971381356,-72.71509876102864,0.078345100390873,0.13128228412009274,0.2032897398702842,0.2833446252260919,0.39484302549956984,0.16450725862723056,-0.36674498851457243,0.16440641488262803
41.728594176500586,-72.71042449509406,0.040737012974360574,0.06688283171577108,0.05068644815491023,0.45570889207163545,0.19188936564000042,0.7998147134125102,-0.7440340951783637,-0.4073814641871832
41.72937764562067,-72.70685606791048,0.1304820801891477,0.14881256130961884,0.2761786784064464,0.2164347781059265,0.28642901340853577,-0.12127947280104254,-0.18514088810205745,0.13919124121426477
41.72882669288464,-72.70262147599016,0.056982302570067346,0.05528572660953796,0.08360242852895461,0.518886408162079,0.19431676303064443,0.7224764230052371,-0.8074245569875018,-0.4550872153143141
41.728961445099905,-72.69876714436727,0.1309567517761662,0.09373334855181423,0.15188228497038123,0.2885765821156532,0.3185178579235812,0.31034520442194113,-0.5096473252046212,0.04931897548920568
41.728627258525364,-72.69483368401932,0.10010766706228272,0.10100328386737678,0.035698529352034915,0.07547555319911893,0.0551960966205693,0.3577904394109271,0.14465037900628971,-0.15519400425825294
41.72892062756547,-72.69032104266006,0.04013516804599061,0.05153836752587137,0.08885418408762315,0.4199695592417554,0.1971040801567186,0.6507467064872998,-0.7813891788450419,-0.3611651265840606
41.72855824887053,-72.68646128192832,0.08010280387948546,0.08824398556039614,0.0780468135244303,0.04571807900037398,0.058666336202713255,-0.2612108641194608,0.3174473810884786,0.12404396937174508
41.72936952361986,-72.68269320967678,0.07259673851459145,0.09017867447609883,0.054864831745492906,0.5692311769638905,0.16037544973505144,0.8241782322596416,-0.7264867236084789,-0.5603783083477193
41.729208408933395,-72.67838378502778,0.09375541175745711,0.1667906379184353,0.12117014289842021,0.2918980880462377,0.3776665736016619,0.4133165718345725,-0.27275021827643053,0.12809589643565572
41.72857278988509,-72.67440781836876,0.09647147477099345,0.103624160400345,0.03551126024229126,0.07552353173475057,0.036002465599704415,0.3603579633015611,0.15685733000905028,-0.3543663995805978
41.7288490642162,-72.67022137108518,0.1794598329108482,0.13010015336364872,0.22270283086775736,0.16683620655385029,0.27248373442830087,-0.14341726745461264,-0.12371692439554502,0.24047970059875537
41.72903336789534,-72.66611115127314,0.0836794313767738,0.0583034257189801,0.06652638977864786,0.07000175896018448,0.0443907713898144,0.025455330740510766,-0.09117584196193496,-0.22388688747429508
41.72887756464631,-72.66242594350985,0.08200275097747259,0.05500954268096346,0.07137547549035128,0.07637917524789352,0.043295889000031874,0.033864922237923714,-0.16264434955900148,-0.2764426027741627
41.72932431351163,-72.65771723861403,0.04746524097188473,0.08412621523959382,0.039417925868930746,0.6131904455755661,0.2143978597999331,0.8791988347263081,-0.7587144550906021,-0.4818731526114184
41.72933297292468,-72.65390821651948,0.10485202344863041,0.10554183600617507,0.046072006649228586,0.04835000529682518,0.03966037864173506,0.024125716034287453,0.371636535277682,-0.09873410688852717
41.728963180200516,-72.64974100263166,0.07006046326320996,0.0740660754332087,0.07574695058852762,0.040961482744678014,0.02248964043025068,-0.29805444945470383,0.28779705674822215,-0.29111923304339665
41.729152412361465,-72.64591258194811,0.06440746657378091,0.07905425611313013,0.07041873219697291,0.4249834592738849,0.12031305869620511,0.7157108571203593,-0.6863161081014347,-0.5587242730099209
41.72929138356608,-72.64191470817912,0.07315044837919356,0.07784041184804609,0.06761742616491928,0.02716598520753836,0.04458760168233239,-0.42677764359445053,0.4825841859299633,0.2427978478836629
41.7287734531762,-72.63784011350282,0.11161614808020698,0.09342002027332273,0.14007962487686,0.17275551080656693,0.3549229019499945,0.10445081834661071,-0.2980570385691558,0.3452242629972215
41.72864150858192,-72.6335611827106,0.03182710995397832,0.08809144553544046,0.03380207880304373,0.603423664881857,0.2327013985307954,0.893908621432726,-0.7452219215216241,-0.4433813583316772
41.729292457014026,-72.62935737382313,0.1421221941264565,0.12756521067515197,0.1506835153065245,0.2951718120221097,0.2176616719391079,0.32406991205262586,-0.39647958978740144,-0.1511409502443163
41.72914077540961,-72.62546266272145,0.07140215808640543,0.057666731049745075,0.054016113128915536,0.5480508286995192,0.1412813979974516,0.8205644277200392,-0.8095920115850163,-0.5900919976586017
41.72909886123447,-72.62131751772257,0.07159911371013006,0.08574607295326997,0.06761969039643059,0.38803565511029026,0.12301082268924697,0.7031980813426749,-0.6380355430601719,-0.5185924254134118
41.729077656106,-72.6175442359703,0.14268322952456583,0.09996120912348608,0.2040733843119205,0.32330107809870723,0.34842721987627023,0.2260778674071496,-0.5276630489358434,0.03740521555115276
41.72898843449032,-72.61348709498566,0.15109077662536374,0.1284616939094516,0.1796626921530347,0.2796582136136502,0.41590741322306446,0.2177029614920442,-0.37047082711994395,0.1958825944706998
41.728971707141206,-72.60965851715986,0.08053443437628614,0.12219333553529385,0.20780046043604336,0.21707309479106643,0.28915928100125254,0.021824456337524986,-0.27966150132950723,0.14239742390510274
41.729100894823645,-72.60562194905486,0.07182022664687007,0.07863982322385615,0.05537803652773364,0.48410687630289134,0.19362593918956944,0.7947003328149792,-0.720514315623744,-0.42860686464215225
41.72908413717713,-72.60111358406931,0.10472674861097184,0.17733540725740365,0.2132369530689568,0.2572886735856983,0.32450611694921594,0.09362236193157128,-0.18395958680705854,0.11553462570834733
41.729029604469,-72.59703729736275,0.05238549021264436,0.0990980790567196,0.033651754992342076,0.49582175343785295,0.19115261558830118,0.8728859727387903,-0.6668523265019116,-0.4434941849161661
41.72902048133958,-72.593448270902,0.0697877393393404,0.08526520288553277,0.04016719077643071,0.5088304623409561,0.22845885527264917,0.8536708106187764,-0.7129580036473525,-0.3802735240702925
41.728774734592584,-72.58874257799609,0.039448430318128176,0.0998803105044532,0.08280929684915059,0.5338745809892833,0.20914776532066798,0.7314368031173146,-0.6847982971175526,-0.43703505995653563
41.728979724388616,-72.58503791915577,0.04471903596115105,0.05621670607500216,0.07966289428472402,0.6046489629957092,0.23138690359900274,0.7671737134548059,-0.8298694917711421,-0.44646656239409177
41.728704589298296,-72.58072831099219,0.04400691938157032,0.108998476306693,0.06934887045799296,0.611007445907793,0.16454853239682343,0.7961395557303584,-0.6972289450857518,-0.5756630417406352
41.729206094443626,-72.5769802112115,0.04169959713659062,0.1174862982261766,0.06554386034950889,0.35213234209630634,0.1232699258316416,0.6861498933111382,-0.49965232152837974,-0.4814079185237526
41.72895522705535,-72.57275049662232,0.0681536259531931,0.10488112006698355,0.05522758657504659,0.5656250364584214,0.24187921782562993,0.8220911548856598,-0.6871583682080339,-0.4009215021657449
41.72908229573403,-72.56870041020817,0.04538960038077825,0.07250451021376977,0.05476529106218317,0.5832042703751831,0.12286728875030639,0.828313780554686,-0.7788514890752362,-0.6519693020846651
41.72887667473361,-72.56463141488614,0.0355207729141261,0.10545775179121915,0.08651415587384118,0.3745524016907842,0.13988325791801415,0.624721617933806,-0.56060199549436,-0.45616811235679844
41.72881222753343,-72.56066669886653,0.03394698378516022,0.116653477547713,0.08355736258856813,0.5270458776379454,0.19168602054738193,0.726312089147869,-0.6375529147017172,-0.46659937862405804
41.72879440018579,-72.55651407263346,0.0629198329657535,0.1090579894941367,0.06919474063754524,0.48599275950017296,0.1706637947267982,0.7507337949057534,-0.6334497866662475,-0.480203788028258
41.72898849926511,-72.55243520753176,0.04804159405591259,0.08136828862862422,0.07811231597181127,0.4624586095424897,0.12332276966260582,0.711000676192509,-0.7007566602451435,-0.5789460913559435
41.729094443225065,-72.54774910569607,0.06967910059159843,0.08145051409302662,0.046818632582107986,0.5688903186372387,0.12249818459235956,0.8479195974351564,-0.7495143777115132,-0.6456458734267381
41.72915758187957,-72.5442732930363,0.057532586383020126,0.10415548422056362,0.08029056088572464,0.6043301419189058,0.12824519790943392,0.7654451273331211,-0.7059771422940342,-0.6498784740980091
41.729189773693776,-72.54056406041242,0.04035128003382796,0.11521915864380862,0.05425211281838352,0.5896548424127971,0.1986647816064403,0.8314908314698807,-0.6730787106033272,-0.49597910402496265
41.72887507317949,-72.53620534703977,0.07571638121436564,0.08896633351535724,0.030365544329809046,0.3549368260889764,0.22109223865234617,0.8423807032549283,-0.5991633238445248,-0.23235735074711175
41.728869661086364,-72.53190949635045,0.06405409809669901,0.06955559150639479,0.06415882850468474,0.4148698614170502,0.24302100555783357,0.7321294951449894,-0.7128326305455843,-0.26121179740556766
41.72862621353429,-72.52796797704296,0.05644072454751699,0.0850443000007734,0.08760139547700443,0.45638777064964053,0.19308958210080368,0.6779296319419342,-0.6858542202769371,-0.40540010738450916
41.72877785047973,-72.52421429177153,0.057524280163916905,0.057397104425328076,0.06704993590911004,0.44873446491449126,0.2457926895133481,0.7400078955391239,-0.7731929486232408,-0.29220135470200487
41.729153821502344,-72.52003588511167,0.07169999804642022,0.10746066839960398,0.07169157717256706,0.5521791865087415,0.1544129782996229,0.7701717043141031,-0.6741838213686004,-0.5629360584786519
41.73312073433458,-72.78019374909536,0.07661397237765433,0.10174647079578611,0.04384035245935547,0.3800734341702078,0.2433595278329052,0.7931638279192589,-0.5776576694025655,-0.21929207255586194
41.733040087400234,-72.77564586332356,0.07067174383705913,0.1114134774098044,0.27586861945580204,0.24154259504568415,0.31094707348291023,-0.06634186397214105,-0.3686836062362701,0.1256213145524802
41.732914674320654,-72.77233028639621,0.06308179340952577,0.09259941160993103,0.06897893443270471,0.5657743777611277,0.21232488132414354,0.782659079968248,-0.718702618163488,-0.45424731139378965
41.732977774643466,-72.76760295272365,0.06685109561627667,0.07099765027477842,0.08247463967059693,0.4322721328917291,0.15169817551894466,0.6795525719955405,-0.7178545080609828,-0.48045928591196874
41.73358212405082,-72.7637268184487,0.04839614150184095,0.11286432757907906,0.05731414429727785,0.5374634119899782,0.22322505760369776,0.8072753630616243,-0.6529001587603532,-0.4130973019140566
41.732919021322274,-72.7598190481865,0.05001033138374315,0.11655682902803782,0.061474489996280045,0.35609587719512187,0.15380172635487657,0.7055610511360738,-0.5067971578565074,-0.3967348530995972
41.733019176478486,-72.75539504891495,0.048079901115376494,0.08740698360407918,0.030112490872395172,0.5790737657605486,0.1670503134108187,0.9011386401300939,-0.7377059016711094,-0.5522184095805033
41.73342539670252,-72.75175875510132,0.127366243944657,0.13245624403522796,0.12696377313073,0.33687221797399763,0.30043196499313146,0.45254885103530756,-0.43554991969515683,-0.057178744396764285
41.732971222400465,-72.74768513135281,0.12844939954922996,0.12269140017355609,0.18567953001935816,0.2765409545497217,0.21113077083780274,0.19657593629817613,-0.3853634420056066,-0.13412748844510372
41.7327752955453,-72.74324487444653,0.107704074887559,0.1022363102940453,0.23923349790403736,0.22685225574711443,0.23572142284618497,-0.026564300796436364,-0.3786699336052994,0.019173523072134036
41.73324719995822,-72.73934751327695,0.07628254894341076,0.09150428153622026,0.22141549877657235,0.2828008983369886,0.35091979328179895,0.12174415570739738,-0.5110712517138226,0.10749040680809425
41.7328325256385,-72.73514866122464,0.1240945283081897,0.09961300196427839,0.22872701684545707,0.24175470303829158,0.21084330420485872,0.0276901006824527,-0.41638883523836295,-0.06829769097243561
41.73296772169011,-72.7311918930965,0.1478198804227983,0.13086593435227917,0.202716478233536,0.18093893779168096,0.34016289612357387,-0.05676328166425165,-0.16059083071762625,0.3055524812407146
41.73336165699755,-72.7271676490462,0.10531446692463833,0.13370773556668009,0.12231425833631565,0.2312250449888921,0.41771462554421024,0.3080584976782438,-0.26721992273139195,0.2873758363425639
41.73278390972582,-72.72288075431733,0.10414473288394864,0.14847809184423455,0.15963900778927434,0.2628484819444895,0.3418699847075388,0.24429001251671145,-0.2780525193079326,0.13067486296647274
41.73325308679198,-72.7187135569618,0.08077062109187601,0.11438198844008102,0.15327553116903606,0.21362212720028073,0.30801556443442146,0.16447800811663996,-0.3025576022619515,0.1809559369422322
41.7331874278474,-72.7150695650096,0.04393107871268198,0.11944897094385115,0.08542064243941502,0.3704926870671264,0.20535158475949633,0.6252768370169384,-0.5123951230079937,-0.28678083708949587
41.73309774843623,-72.71127333160923,0.07446262000412088,0.05468918200021775,0.05097587472346233,0.6160834139594078,0.14369709536878017,0.8471623869472957,-0.8369367433027644,-0.6217405063579748
41.73320148268905,-72.70677370621495,0.13050461929071944,0.15761958287599254,0.23099545153490758,0.2044387228120518,0.3338088174452716,-0.060989077769755026,-0.12931381272164336,0.2403542700285653
41.7335722137326,-72.70313434770327,0.03637153804692693,0.10467633105078057,0.04539290070213992,0.35862095914663955,0.22727776327440954,0.7752903788046763,-0.5481245702681494,-0.22417389020664527
41.7330318105751,-72.6988375341935,0.15926232705602947,0.1438676473461351,0.11946386640853983,0.1973609003598429,0.2747140809828798,0.24586788067692425,-0.1567666403451116,0.16385782699820536
41.73295796665854,-72.69474858334782,0.07260039646873362,0.07062026487708603,0.053896544197822985,0.045201784350989115,0.016431389956064482,-0.08773871339869431,0.21946149887266458,-0.46680046449647183
41.73287284765994,-72.69098704188032,0.10312812471223937,0.05787531792375624,0.06934900581822129,0.06294045855883021,0.01019717454428056,-0.04844336840857889,-0.041924496804471745,-0.7211510924914839
41.732768012275976,-72.68665504475265,0.09188058631621834,0.05237763568750495,0.07013229189976988,0.04957772413674863,0.046397718333623876,-0.17170299063990532,0.027462132011330145,-0.03313353625961576
41.7331622782738,-72.68263474337708,0.047960734300727295,0.05881048981744635,0.05179429071887201,0.4103055521938529,0.1890307367180275,0.7758307365248156,-0.749271035092721,-0.3691997624197909
41.733680079024694,-72.67848619005669,0.07644125847251113,0.08224848347838354,0.04675806246643442,0.06709765184723968,0.04197683162038481,0.17864355340803886,0.10144776493954875,-0.23030886260681885
41.73291722601424,-72.67429362029928,0.10346842741218235,0.08404032001072748,0.050074133886158737,0.0616439857524355,0.05282966429343901,0.10356289475427076,0.15373196269131004,-0.07699869319676814
41.73343301628816,-72.67050521654302,0.06945130607815644,0.10803363241359726,0.038237630212583924,0.41426846709036547,0.15509853585539057,0.830996176889152,-0.5863174491689839,-0.45518958754915095
41.73298485176788,-72.66601436121462,0.09573235865559657,0.05609692657385696,0.04349595765133782,0.0599312387567814,0.029927256156667463,0.1589067641415192,-0.03304639155499903,-0.3339025723612841
41.73331361002826,-72.66191163669882,0.09390406699525278,0.054744030287816464,0.035145148711181795,0.07811004332176497,0.043961745637423576,0.3793635756503275,-0.17587727947743823,-0.27973947113823294
41.73288223100862,-72.65839126109249,0.06990402188096828,0.11064540740594513,0.04424013088478232,0.5109096835251316,0.14042324735599893,0.8406191275347664,-0.6439723235467332,-0.5688126894918923
41.733471105493734,-72.65364414150467,0.14160539428785415,0.16251907377249222,0.14269565344911786,0.2710134184681682,0.4259278886319646,0.31016425244043294,-0.2502565474041773,0.22227764172620518
41.73288243925767,-72.64982374150065,0.13926283244920115,0.1425167593784308,0.17803394923595334,0.16170466528572,0.3258579189546656,-0.0480642566145263,-0.06307217162128516,0.3366814004497364
41.73301754460727,-72.64593189818976,0.0727497363133212,0.09691575534726296,0.05749182310888351,0.0214185871107341,0.049426224190105776,-0.4571416610020535,0.637998797883435,0.39533787394024217
41.73335170113056,-72.64215069016932,0.059320097776896646,0.11738113399604333,0.08693065395008565,0.4345744572359286,0.23224638828726318,0.6666162916317857,-0.5746718183104291,-0.3034219315533208
41.73296853730481,-72.63778859929802,0.0500027482943691,0.09480366164425455,0.07426827226886051,0.587529017717556,0.23385989168570664,0.7755558283703917,-0.7221189472181665,-0.4305745085951906
41.73301429747445,-72.63354594272957,0.03320957410168108,0.08889353168343428,0.03541181742048733,0.5033602633034968,0.17071426261924352,0.8685462046477905,-0.6998127072013246,-0.49348549439528866
41.733106475873974,-72.62931337796309,0.08567668722579833,0.14944367193087688,0.14864760786363726,0.20473136087674976,0.23241991863544406,0.1587071047635405,-0.15610272838148614,0.06333861767393492
41.733123909644775,-72.62580979613446,0.07046757265091225,0.09140341387492584,0.0778392748409092,0.6136610753059912,0.17082477503586918,0.7748684441754129,-0.7407232521918374,-0.5644923998019142
41.733028448775805,-72.62142345556106,0.11923927592698078,0.09842353785420307,0.26113679402682777,0.3522147063217539,0.2557074414827264,0.14849219777430148,-0.5631816024217755,-0.1587493812942412
41.73276225486951,-72.61746519251957,0.14679044577690517,0.1395960609941118,0.1308085490772272,0.2651362353309721,0.21987297026618038,0.3392586328786182,-0.3101807675758732,-0.09332454836411345
41.73310825490084,-72.61328689515351,0.1194508570266791,0.1674754782339086,0.12260402922647558,0.31931978797703686,0.2049848350102852,0.4451350008591431,-0.31192643043765506,-0.2180697021424439
41.73307027514961,-72.60918732500458,0.0854797010529529,0.12907845441119428,0.23550466895647776,0.34872179784111523,0.3395506638280048,0.19378979782485942,-0.4596970018214537,-0.013324859737769599
41.732348643463496,-72.60539412554922,0.12386595712134259,0.15769219025104245,0.1257696888794247,0.3210460687737935,0.3554053335585319,0.4370400473788266,-0.34121751383625387,0.05079339722893863
41.733631328567775,-72.60119188713868,0.03598754136036095,0.06672236651641265,0.048167380288645804,0.43624789267493225,0.14275518545258553,0.8011318677300772,-0.7346866328689646,-0.506893172608849
41.732986730519094,-72.5972277600702,0.06919468074078029,0.07411343924440061,0.08685861236885764,0.41450913245392745,0.17288665894850658,0.6535133611375061,-0.6966434072548016,-0.4113452582432303
41.733361856381705,-72.5934659992715,0.0417312661454073,0.07579748273350419,0.06004326434248089,0.5175739835882911,0.17272884494559804,0.7921001682080064,-0.7445192867012653,-0.4995563170081426
41.73294205113855,-72.58911650448883,0.05676736492087059,0.06536193636386825,0.08205157308648454,0.5517891089719014,0.17333626849384393,0.7410971702856826,-0.7881817203167593,-0.5219136610564087
41.73335558992803,-72.58497726849788,0.047224461132119824,0.0808210803702752,0.05818791045274184,0.5521574989817915,0.24516496558302278,0.8093279328285562,-0.7446324946635453,-0.38502932883789737
41.73307522739639,-72.58131213738183,0.06052576132901981,0.06968775299341053,0.03848102002891135,0.6096160350328936,0.22523889438517286,0.8812492057219988,-0.794825954979918,-0.4604118956519187
41.73338895907727,-72.57704058694718,0.030890460748483527,0.08060831030166746,0.08601653777949486,0.3873478414953749,0.1352341179684978,0.6365736775071222,-0.6554877631499623,-0.48243862797239623
41.73313147680366,-72.57284908743095,0.06929632669167696,0.09867632389644249,0.033197510707340165,0.545287850670105,0.17832174510001933,0.8852260993146214,-0.693534740615465,-0.5071327242137115
41.73319960961604,-72.56864195409383,0.05505734199664805,0.07307560305887767,0.08818495360449555,0.4781802702609438,0.16837956633277867,0.6885933320459412,-0.7348759202553422,-0.47915241002331854
41.733413232172275,-72.5645955741927,0.03012196402026337,0.093293158881052,0.04462613848614202,0.4513130832287388,0.21182535579552975,0.8200338407120463,-0.6573922527232274,-0.36114288260168953
41.73288656344083,-72.5604090504964,0.0383705175918562,0.08538375310734272,0.04916196141043219,0.5964905082701802,0.1894650632375766,0.847713859331317,-0.7495615894494966,-0.5178733503368091
41.73341574212833,-72.55655111054472,0.07137185818939804,0.053957583152045505,0.0478871415340809,0.3711075019220688,0.1241145234929336,0.7714188365795059,-0.7461208410347913,-0.4987520056729139
41.73309413181765,-72.55262636874549,0.06125550322342353,0.0872744966588283,0.06417324217301051,0.5224464029743424,0.2274553733162134,0.781210047417042,-0.7137231257405293,-0.39337289093689554
41.732641368556045,-72.54886917953807,0.04404890259148674,0.11837332164715304,0.031913832506221734,0.45437568072487516,0.2346664416954815,0.8687455450389057,-0.5866485278650426,-0.3188618400536012
41.73317082579064,-72.54433542411573,0.048271538344995674,0.07997362903617793,0.08600364363970366,0.5757522743713817,0.18033165289976683,0.7400744253313561,-0.7560760414661516,-0.5229850909524866
41.7327204368614,-72.54039993132483,0.07368293659909456,0.06722398863407777,0.059337844457998966,0.35802364760623695,0.12115442512463835,0.7156525190452104,-0.6838360385566573,-0.4943240017884403
41.73340638226488,-72.5359471687013,0.05739041185554088,0.09872052375470139,0.03193407517377835,0.4711601777693341,0.20893975180815916,0.8730493342471582,-0.6535396847421138,-0.3855616131648144
41.7330135651224,-72.5322753122297,0.07871082648421651,0.10911790497617882,0.06903810432491125,0.4558198869564554,0.21244434890593483,0.7369265383332948,-0.6136993965197833,-0.36419057760355256
41.73318287423923,-72.52825559158981,0.07964150324535146,0.11360335588282472,0.05913008642057536,0.5451640772593567,0.18812115630044163,0.8043003226756498,-0.6551033030246783,-0.4869086470289582
41.733039116520686,-72.52437583055726,0.031161127757852125,0.05553924207904545,0.05018804495260362,0.5977556808107344,0.17177556580864065,0.8450851734277465,-0.8299719157976199,-0.5535579183736404
41.73303611856284,-72.51980963339619,0.044442646015578666,0.11304516281437466,0.06364024613512065,0.44733075965811114,0.12577291047161618,0.7509046681178105,-0.596538115643521,-0.5610814691061172
41.7371134585219,-72.78029084777603,0.12465996601699096,0.11075901144219298,0.13048442140236802,0.22766557271712007,0.28990996319791423,0.2713420435861571,-0.3454434658325337,0.12026146168356047
41.737274310942645,-72.77643537476561,0.05905574072369667,0.11437480508384028,0.07720174193170501,0.5757789434805539,0.24067013349330296,0.7635405038574341,-0.668552680263625,-0.41044667626953707
41.73653603008166,-72.7717772867447,0.07174198380717811,0.10999074686655831,0.08500202344571789,0.4791057535616792,0.22240827007067798,0.6986319745611191,-0.6265781691569999,-0.36591924729009956
41.73678867475919,-72.76809946030704,0.12365562855957779,0.14755605071583003,0.17553098667938863,0.21892289387451694,0.27077133994905367,0.1100050204454724,-0.19473654411022528,0.10587922522530037
41.736856413433884,-72.76323814835904,0.0363268304286353,0.1072962173178123,0.07128886809245732,0.3582363707064726,0.1636277204265566,0.6680573728714964,-0.5390388553756194,-0.3729105979631543
41.73750848647601,-72.76015672899403,0.04036731422525035,0.05171929764370928,0.035584629681153765,0.4219010317856271,0.226596134532645,0.8444339017443165,-0.7816001787506642,-0.3011653826674233
41.736943238709664,-72.75574994781603,0.057075528016250265,0.059205974872893835,0.04335740182945137,0.41008103746746405,0.19799382663960446,0.8087616837395625,-0.7476769085186029,-0.34878470291532343
41.73710283715059,-72.75169969749058,0.07850578928912785,0.07199354192391137,0.06121172601801103,0.4796999042239112,0.21316359412695982,0.7736719915205589,-0.7390088918887712,-0.3846880528868263
41.7372886939094,-72.74718266867049,0.052454656818059386,0.10678222837203963,0.05289181023243862,0.6157488816682808,0.1674222764329859,0.8417930261405866,-0.7044217836763299,-0.5724503521327642
41.736786228873136,-72.74329621798987,0.07228156841598107,0.06086926662836095,0.06405988238483898,0.5170224258859644,0.2306587700490182,0.7795152890630256,-0.7893402261467807,-0.3830023509937891
41.73733795988242,-72.73976180783164,0.04743699741763657,0.11019345117035842,0.08750866884560735,0.4194432388496383,0.1993271448663731,0.6547654027244997,-0.5838904167828781,-0.355731463198615
41.73708900042799,-72.73558617637073,0.1360769219682152,0.12198198285953428,0.2139691485882299,0.18465523245422966,0.3529971201462722,-0.07353768993592459,-0.20438892105958342,0.3131054609503915
41.7371425118728,-72.73137068436108,0.03729100867107072,0.08048002593972994,0.0866387472771818,0.41150438719652743,0.20785907156458272,0.6521532014338968,-0.6728350582218927,-0.3287977563921658
41.737546294854916,-72.72692392986272,0.11063653542063992,0.1167753100594774,0.13805445493077687,0.24220475145211962,0.27702749082450084,0.27389289929898536,-0.3494050362142193,0.06706582630481073
41.73742346324518,-72.72272718450755,0.07572130778163169,0.08230903609937887,0.036452598052496364,0.4121412817245038,0.17297729788748803,0.8374806269286721,-0.6670685278892008,-0.4087444702159551
41.73746743275934,-72.71882394408615,0.12204776067268061,0.12912295512366906,0.1835632989262507,0.290194639169762,0.22741357639776383,0.2250755748221388,-0.3841281316075133,-0.12129069996148066
41.73740235446536,-72.71504502482524,0.1309388847122335,0.08247683214062453,0.14562839866668,0.3424694597097846,0.41945949260885906,0.40328196009268946,-0.6118246765656764,0.10104620997113223
41.7373939116351,-72.71102134436292,0.03180947888102875,0.07989150373306847,0.03598967290889759,0.4582501233172512,0.24789683934675372,0.8543635167232473,-0.70308372474,-0.2978888178983596
41.736850714267895,-72.70715452099557,0.060405503590329424,0.10279545830490704,0.06954550037825907,0.4752978280735153,0.1580310234206773,0.744713767255334,-0.6443637705987242,-0.5009511313187778
41.73719139120934,-72.70335100745532,0.037306770296054295,0.08957765692790286,0.04471702144872629,0.4292741880642238,0.1848736584317105,0.8113170854173634,-0.6547081491855843,-0.39795064173384065
41.73686859088314,-72.69856582278057,0.08113675377760507,0.05175179630555486,0.07216271815561165,0.057550034918383064,0.030820257742064865,-0.1126541754062746,-0.053047954896096414,-0.30247469337941546
41.736742359764555,-72.69432818938554,0.08284858233912121,0.05809256410275388,0.03545973736363687,0.020381718340033154,0.0471977720385861,-0.2700147915845388,0.4805503738146881,0.3968075750248183
41.73726384240627,-72.69078373659636,0.07888547279565608,0.07294694101013657,0.05001717656955262,0.5355809772809585,0.12637639431967868,0.8291757709935651,-0.7602511279515637,-0.6181736173914162
41.73709296041257,-72.68666366671741,0.04951568352832755,0.05461449723109599,0.0775600460540654,0.5112326834642962,0.23821402958587096,0.7365455034829987,-0.8069637913050018,-0.3642936170435237
41.737252569347014,-72.68221221361298,0.10099678251268149,0.0972647097861893,0.07805102042922102,0.037724429499449263,0.034681820428212363,-0.3483172896725267,0.4410745975700469,-0.042021359679263286
41.737151830121384,-72.67783566856963,0.09562837239152688,0.07825072961595045,0.04822375298884987,0.05744467799176049,0.05143078385585002,0.08726281745020531,0.15332907716626104,-0.05523645120631433
41.73689504606486,-72.67451608477977,0.10667643592551182,0.09952381230407883,0.04046656094485143,0.05235601767466494,0.05500055492626422,0.1280879814656829,0.310559964651101,0.024633212364460214
41.73735636515816,-72.66945351809599,0.06678315876195032,0.09233611936769816,0.0725092063520446,0.029047610998041047,0.04572266180036187,-0.4279534992139737,0.5213920199928244,0.22301711867870835
41.73702706509172,-72.66575376124656,0.03321925687895064,0.1029798693770482,0.08529165449914976,0.5177640789811513,0.19811388786220374,0.7171350846565301,-0.6682049993417776,-0.44651491723992653
41.73740558531805,-72.66235377704301,0.07881057638308044,0.10555178391723294,0.07748725713647561,0.07951403242855536,0.03382011428064431,0.012909290730635944,0.14069454858171676,-0.40317873716520364
41.73648001602289,-72.65800199845656,0.11235216653819818,0.08363223399599029,0.05022529495833776,0.024771842148848266,0.030262033840831523,-0.3393923260445446,0.5429721274364141,0.09976022210416005
41.73695843759841,-72.65413025119622,0.049615424535375235,0.057096255788014305,0.08604247151959626,0.5261188520503365,0.13232699016951285,0.7188895534339752,-0.8042017258447304,-0.5980626448383585
41.7367500155809,-72.65030174956992,0.08133721331205414,0.14119374261146805,0.20969464910237207,0.2884892153576909,0.3119364879274523,0.1581636256740616,-0.34280036015949034,0.03905108066072627
41.737031136542456,-72.64594937924305,0.1371356508627453,0.1088894329022554,0.22236023237889663,0.2819067962251667,0.3107528323842564,0.11808538030160283,-0.44273038076449217,0.04867218006188834
41.73680106721773,-72.64183121264566,0.09356417686758622,0.16460103396939751,0.16107488631652062,0.22482233627687104,0.3493112546689634,0.16519281878200817,-0.15464224006224897,0.21682918462758438
41.736924591448776,-72.63814263049834,0.09743187854132498,0.05283047339090688,0.04892196659439089,0.05677107677362564,0.04283403278765382,0.07426326207586477,-0.03595390190013895,-0.13992298233854575
41.73726042461932,-72.63400745903658,0.1112045283300319,0.09592079426857728,0.1005493704066636,0.273780066578964,0.28204868272970113,0.46277604445773673,-0.4810896893846645,0.014876193721576265
41.73693935456914,-72.6298020097156,0.07167466543503169,0.09888811169853653,0.03136448780635037,0.5597073998063049,0.1859098463402291,0.8938725103877573,-0.6997000132218193,-0.5013263244619404
41.736679871054804,-72.62549481434601,0.09795294140820543,0.17830388714978812,0.22379335787388055,0.28904034824170083,0.21537367996598986,0.127228358022776,-0.23694838345261718,-0.14604405142629973
41.73690698305042,-72.62154225548016,0.11614872676573401,0.1563032933471391,0.16201083399486432,0.30638825915084716,0.37965135031605574,0.308235919472776,-0.3243736891097904,0.10679134288199296
41.73719306267422,-72.61747225158872,0.03420892712402447,0.09880340999618721,0.08812069206698765,0.5048856754661253,0.14825112055797104,0.7028001826234451,-0.6726678935382032,-0.5460334758034315
41.737069594342,-72.61302225923649,0.038603109420858386,0.08251590081250477,0.0551325605766575,0.4826350420578547,0.24063784200720584,0.7949576720257441,-0.7079863287729374,-0.33458630260066613
41.73710804281481,-72.60932411925431,0.07088789970074161,0.0667805421857811,0.030775557313731012,0.5199648898945538,0.2298304770988776,0.8882393422537496,-0.7723696222090476,-0.3869514611154138
41.737394714045514,-72.60572943309889,0.0634769641305635,0.0895522776185987,0.08180017044125902,0.5617454352935388,0.20683377188496144,0.7457828327555437,-0.7250035556913443,-0.46177630111993156
41.736987098669125,-72.60131714447944,0.053196082232192354,0.09967203216491037,0.06662966888821387,0.4822947518211466,0.1364659760084354,0.757235545097046,-0.6574648763208508,-0.5589055029813701
41.73667700135574,-72.59726179010433,0.04711242129867518,0.07494262163505537,0.04480334304811513,0.6097171192185551,0.23182617717293394,0.8630956688719656,-0.7810806823791933,-0.44904515746962215
41.73687830786727,-72.59306081032999,0.06684126318482117,0.08694097232881981,0.08855106203490684,0.3648831057589817,0.12445714542695176,0.6094204260532994,-0.6151556477610968,-0.49132676036632816
41.73690722482605,-72.58877595265558,0.060215208177509624,0.10469961199830241,0.03828658567109237,0.46896422053117254,0.20952672084841617,0.8490427804038789,-0.6349792123493407,-0.38237430135063716
41.73744336396385,-72.58535300987822,0.04030767934530108,0.09100594789099431,0.05727102412349997,0.5584198652912111,0.19222488834638324,0.8139617619551168,-0.7197341219159044,-0.4878405866027328
41.737040515410435,-72.58094587819765,0.05588735064809798,0.06242825865948293,0.06378433938851967,0.6060464161583856,0.21171711392190568,0.8095508787546165,-0.8132217688680817,-0.48220455881391916
41.73693852921724,-72.57716249365818,0.04413031555010895,0.08798821862788833,0.06159574582725316,0.41679553730618696,0.16522455598437635,0.74248800929731,-0.6513825272959869,-0.43223762241524233
41.73726019238441,-72.57281089494036,0.07005135218154929,0.0967159406008498,0.06195774795154587,0.38712901475559414,0.14659419785182912,0.7240722590972919,-0.6002192870664524,-0.45067332883774885
41.737296277137695,-72.56921971901302,0.0786691598359239,0.11140674839424963,0.03151511297577463,0.42390618860483353,0.14044346966181287,0.8616001804641255,-0.5837696394233026,-0.5022820777701064
41.73746718308298,-72.56387912658418,0.040065659251939695,0.09346127055075815,0.06337119501448718,0.41097990062093337,0.20714743238984148,0.7328089021082672,-0.6294463025939344,-0.3297580568687436
41.73682765731855,-72.56064082023224,0.03412073953531734,0.07554077581830408,0.08850097967248904,0.49775668967852826,0.21811439339201072,0.6980816309986735,-0.736469179214533,-0.3906322002658162
41.73749692554801,-72.55691534186352,0.07830905990611788,0.07504326231974373,0.0899435660841015,0.5223706867785498,0.2173168836204141,0.7062176303634833,-0.7487729825089949,-0.4124089891000864
41.73713316822685,-72.55251843171973,0.055550312573119376,0.11694818518342052,0.08428050286737093,0.4571016017097708,0.24309306769997036,0.6886468830246982,-0.5925503750594369,-0.30564147851940665
41.73709776407973,-72.5486786618557,0.034105895439477014,0.06125531684616764,0.03461245468042801,0.37915814095524647,0.2470038086711001,0.8326973688052772,-0.7218281332638652,-0.21105455603459713
41.73669843962757,-72.54402195165542,0.06182641288413848,0.09418014053971027,0.042402239975761785,0.5064235804838446,0.2013199854460437,0.8454801563809349,-0.6863817614076466,-0.4310934210146188
41.73697133298217,-72.54026254382583,0.06615302985373545,0.05512702133415578,0.0654720007091773,0.46779001974835455,0.15253725710729957,0.7544471640676635,-0.7891557665818836,-0.5082039342829222
41.73740510195925,-72.53647999746303,0.07664908799489756,0.11191955198248309,0.051635252829724976,0.4323912913318202,0.13787326884445728,0.7866428878640525,-0.5887660392690102,-0.5164585756413179
41.73698557734432,-72.5321770002282,0.03158917910717016,0.08576995901931272,0.03514793686976321,0.5049126849372673,0.18616502338170562,0.8698370684677619,-0.7095903869976666,-0.46123273507245144
41.73694217854943,-72.52838008221691,0.043115858858313885,0.08790390549166893,0.06834233259783207,0.609822224065295,0.18419552007437998,0.7984491170281535,-0.7480274802163841,-0.5360418040179759
41.737301810458405,-72.52466168394236,0.07287186008249974,0.06650783588659917,0.07244878574612507,0.37392523831384905,0.24818654636887572,0.6753897769983543,-0.6979889123570663,-0.20211591395764944
41.73756221198286,-72.51982337806105,0.05619676089951268,0.09184424036226155,0.0465022535813802,0.5321072875053939,0.21081305305858708,0.8392620574695769,-0.705604566187576,-0.4324746771678096
41.74110671229356,-72.77978267511351,0.035752254117280766,0.0940420518097358,0.03618531579658531,0.3894471914658891,0.12266998082374776,0.8299692096859936,-0.610985960421358,-0.5209300235908918
41.74126554783075,-72.7759905845513,0.13070852361236374,0.1475018860870953,0.14242779903907818,0.1903207326159088,0.33757879089562737,0.14393131455344418,-0.1267494956175731,0.2789509210013533
41.74107166916165,-72.77147753944152,0.07053826084911269,0.055298021084738,0.06793870735928156,0.3825111146874305,0.20507820313631986,0.6983517185084547,-0.747387541435341,-0.30196755823994115
41.74091279131844,-72.76771566148801,0.11995746896323312,0.09448778988800796,0.22918106105767583,0.20159201363610282,0.2161883310494237,-0.06404543144017319,-0.3617410660007176,0.034937779143985055
41.74082450680318,-72.76356017434433,0.07123675985628361,0.10667818154657584,0.08124754546684657,0.43804697018895267,0.1886462437375272,0.6870849084002291,-0.6083229085101268,-0.3979630238675024
41.74126970735252,-72.75946813604446,0.03487431746973273,0.11392754260388073,0.06823861095069755,0.48319243442623405,0.18301480310673135,0.7525035577057403,-0.618409877457056,-0.45057695925233665
41.74144182115264,-72.75549002875319,0.11868492587689497,0.1329306204100263,0.1512393431272927,0.30426521615166313,0.28624745823349707,0.33594806002952815,-0.3918943901412499,-0.030512059604691964
41.74132087949731,-72.75157925198413,0.1175232982761129,0.1781371910214806,0.17862498194727894,0.3497437232212409,0.3528835794498056,0.3238623703487222,-0.32508569180975355,0.004468736436270638
41.74186663667569,-72.7477405922487,0.051889191914256935,0.05071196733970076,0.03426015064622301,0.5107382240374807,0.21418133829949357,0.8742743015844541,-0.8193536377098409,-0.40908936818032027
41.74138799220596,-72.74376979728295,0.13688584726535769,0.1584715219575033,0.2321140128429395,0.22045273928185521,0.27939578727428394,-0.025766969195891592,-0.1635715198642287,0.11792182003323098
41.74132789476729,-72.73952159098751,0.07843473094223387,0.0662005844358866,0.04930120003959321,0.5240964462653149,0.12316647159192094,0.8280383592178996,-0.7757041591171538,-0.6194236740777191
41.74148971867473,-72.73513492271202,0.04476966419480554,0.10068728583352432,0.03876189748079673,0.5915888367051996,0.1331189540352592,0.8770148256244933,-0.7091123540003587,-0.6326272306269897
41.741729017435105,-72.73143979584687,0.05503308802877156,0.06401444121650449,0.057461134773528814,0.5794243502926378,0.22412418148844387,0.8195558350099341,-0.8010239915241576,-0.44216392010158223
41.74097974853873,-72.72701361189468,0.07432835563115044,0.1731169422973749,0.18334161853568992,0.24497579470614186,0.36709328778533884,0.14389836664346106,-0.1718729986169612,0.19951586605568614
41.74086622860342,-72.72341067711496,0.136664008064459,0.17657894904415317,0.2793230074998678,0.3462847848115499,0.3915677291893881,0.10703475585602928,-0.32456991139154273,0.06137126799540949
41.74108339688496,-72.71926882254407,0.17278965938143528,0.14878097577277052,0.15227009507117836,0.15748276056931013,0.3640331563432762,0.01682846631826307,-0.028412716766506634,0.3960577023166618
41.741551859881035,-72.71483216075626,0.12060295606305318,0.15306425297857343,0.10361193246793104,0.29325854342187985,0.30088019849030895,0.47785517561806046,-0.31410963449314877,0.012828072857022255
41.741290079885566,-72.71090573183439,0.16568915413857133,0.1849528113379636,0.11238985858730233,0.16435860846220818,0.33405946856413127,0.18778333419136375,0.058956569148345066,0.34047894312821053
41.74103643736301,-72.70728770181567,0.08580397457057223,0.15046802656244526,0.14976290346480753,0.21439143739076025,0.3291989947160764,0.17747566532945966,-0.17520008974335768,0.21120231436073544
41.74115746387266,-72.70313834165248,0.08648076989104266,0.10268141328289783,0.22712632691445894,0.18476588986836032,0.3044753632613085,-0.10284349963435763,-0.2855635648189354,0.24468393175589442
41.74125700248397,-72.6988547674268,0.10738503222399906,0.0867569497660503,0.0706616457805288,0.0442538139759715,0.05297486775403437,-0.22980225515795769,0.32442476156976935,0.08969630795036743
41.74076751249124,-72.6946601252186,0.08862329163676955,0.18308156470225523,0.10103345895914591,0.25682616032885763,0.4475203454094091,0.43534585343737986,-0.16763650972800434,0.27073916534969356
41.74103571448172,-72.6909303146507,0.10402519937752788,0.11757715720688898,0.1789331418312901,0.2903807713366888,0.30267239490934034,0.23746926391570428,-0.4235819481354707,0.020726006152966575
41.741501124625565,-72.68648459381107,0.06461809010251825,0.08538531433283636,0.03121334942108165,0.030825993876489363,0.0411104590345234,-0.006243708008550967,0.4694837472965365,0.1429659754110504
41.74124947121007,-72.68260070616778,0.062169287651661936,0.10624374324041555,0.07756504969259084,0.5294962066890359,0.23625023581970053,0.7444572557474172,-0.6657635146188139,-0.38295440186258484
41.74109843319139,-72.67838789610627,0.11209271795079598,0.09222028604677433,0.1785168730785774,0.2101468122986221,0.3974089991430877,0.08138125688112006,-0.3900111053655028,0.3082221967395862
41.7416268982215,-72.67440426916527,0.08376896957150501,0.17103366363381156,0.1379526560336862,0.21242236848679952,0.3515111407014378,0.2125428676174355,-0.10793598583936131,0.24664037505920108
41.7410662661346,-72.67045202174995,0.0651035687802465,0.07243562455108524,0.06721886506031458,0.06329825359046791,0.037230167195261954,-0.03003905932322052,0.06731827813162616,-0.2593106127745553
41.74189998177949,-72.66636641832407,0.14933338678951288,0.17959795408531776,0.12353479411052343,0.22268346550897683,0.37877457239847234,0.28637620530881147,-0.10710291185486842,0.25952119192314194
41.741255298103454,-72.66223309023982,0.07286697068866081,0.07253380461500848,0.0408169405067854,0.07417657426571592,0.021839944096499586,0.29010013151548514,-0.011197364925647196,-0.5450794411413681
41.741383366287955,-72.65818683510999,0.07149517409800901,0.08649251067841714,0.030882493725556133,0.03720463548542883,0.012908344566164966,0.09285369838816324,0.3984560414005259,-0.48483029534962063
41.741385052833444,-72.65367714749047,0.1013054559311409,0.09388025297862582,0.04121716993231275,0.07211000971770459,0.04451440836654632,0.27259868180604735,0.13115373701618044,-0.23661941302226153
41.74136768120302,-72.64997467170157,0.07865363560321378,0.07289352643443589,0.061480191364827144,0.02332885280695387,0.05834675202539587,-0.4498498825266514,0.5151054673377057,0.42874367799688773
41.74134309715588,-72.64594482195228,0.08397326249996374,0.10305520192852266,0.07098810396089644,0.07472274789498169,0.036689115966444946,0.025630513352424618,0.15936989970729812,-0.3413786522397896
41.74121390156138,-72.64171077912219,0.11457127537830922,0.07977056553708364,0.052753371552575506,0.050910049220847034,0.04970772590571002,-0.01778180112112476,0.22084772381655127,-0.01194941265223495
41.74150272735334,-72.63756642433613,0.11097316693549097,0.0505210159078322,0.0385197771617566,0.04826281112268533,0.05252701937307392,0.11226945581519866,0.0228600657924423,0.0423079216366775
41.74171085790989,-72.63359503650491,0.06197219769931337,0.06470484029415832,0.06318524543525317,0.5753992208688535,0.1706765543000717,0.8021084170714448,-0.7978302459865809,-0.5424685803223476
41.7412381180925,-72.6295695666028,0.10540845784245549,0.1668010605581202,0.14685086186718554,0.16532782676638752,0.2622112240896687,0.05918714368388465,0.0044357291640616655,0.22660713010727962
41.741692001923035,-72.6254420096654,0.14126214787935487,0.14703731061622935,0.16504243826068812,0.16450189643005947,0.3451268871996183,-0.0016402704392897915,-0.056059030192097827,0.35442462547564846
41.741028900428915,-72.62169131006102,0.08580275540026068,0.13658832143833105,0.1000742373324124,0.26578407020531913,0.2748957395924823,0.4529344542922996,-0.3210850233517181,0.016852246416544904
41.74108281885671,-72.61737373591345,0.0628318906407794,0.06748150032201233,0.04214517655383569,0.44657304201179604,0.22769237481279614,0.8275277042974576,-0.7374539284658542,-0.32462093077501103
41.741361361504374,-72.61303327270032,0.04187456919511269,0.05858499933465285,0.06878696325173568,0.44338517627359453,0.14929992582092344,0.7313912337540034,-0.7665797603865041,-0.4961913998063884
41.740640890880194,-72.60949108391902,0.031959794559164006,0.11405913144617463,0.06448430267845412,0.48602675726482003,0.12137609498361154,0.7657293109239306,-0.6198573117885587,-0.600344007163246
41.74109386205622,-72.60544927749078,0.06277554803691468,0.10576855294576162,0.07157590491346813,0.5986602536306732,0.14931294422414146,0.786415865509428,-0.6997040667322992,-0.6007532231037941
41.740799620659224,-72.6012510464389,0.12392450533013831,0.1508542469191227,0.2075885115200004,0.3217848205799153,0.27015081830588755,0.2157197994974955,-0.3616513856234293,-0.08722908181574969
41.740882392735735,-72.59684509353275,0.06170019884805934,0.11230927552687583,0.04516164767410227,0.4382453622294565,0.15970743120405606,0.8131526984554395,-0.5920140606404907,-0.4658192654741257
41.74079774729472,-72.59304426117677,0.03539796424974512,0.1123901055229522,0.04228059774952045,0.49420160296690296,0.197324636471844,0.8423783764193536,-0.6294373828394265,-0.4293068716177838
41.74137957763722,-72.5884599163778,0.07858448552147759,0.09651586381045676,0.032013910622785614,0.5644337895763096,0.1861105652060731,0.8926514072831556,-0.707947910053661,-0.504065112154404
41.74165420101578,-72.58513270398885,0.05496759029342342,0.06434438607776463,0.08266213632532918,0.4286725617410686,0.15699236260893001,0.6766809033773205,-0.738976980964115,-0.46388333642084406
41.74131347846598,-72.58098921776826,0.06530593351902661,0.11322019798292501,0.04376035317505678,0.5623184407965582,0.19449592494865248,0.8555951681189946,-0.6648002305612496,-0.4860141832610733
41.74117007803211,-72.57671298873963,0.0709473774925555,0.06687499600593494,0.06790458217289516,0.4981943427361494,0.1205784400240819,0.7600964100618793,-0.7633033986419893,-0.6102658572466496
41.741560508535336,-72.57301795172498,0.0543235635318341,0.09762389591696681,0.05859565419544635,0.5510382932452573,0.13746271095645624,0.8077677450823204,-0.6989992709670579,-0.6006898751997082
41.7415321292899,-72.56906581315445,0.05298276217470174,0.0815330857002255,0.03858563698675166,0.6136519140914378,0.12201397856245665,0.8816822584870583,-0.7654348533853299,-0.6682896956870066
41.74119105284048,-72.56505987347558,0.06101881746734088,0.06257572587704498,0.06199164023424966,0.5451484313501394,0.13222787917521964,0.7957913070291123,-0.7940653662261696,-0.6095881207517682
41.741506099012916,-72.56092529503076,0.06212077068936245,0.0577503900730603,0.07256918332327958,0.5769232137068712,0.1336870685029809,0.77653569570604,-0.818015465810723,-0.6237401235252561
41.74122368941991,-72.5564512483597,0.030596790768766462,0.11902359060360608,0.06590304449715897,0.5140491514901573,0.24466508205471268,0.772729390618256,-0.6239813130795712,-0.35505340156441567
41.741649331770304,-72.55270076628607,0.04697511849508128,0.07344043754252519,0.0475042775887588,0.44360785567960637,0.16803613897678057,0.8065440685709943,-0.7159242627613739,-0.45054266715663266
41.741175739192045,-72.54816195859001,0.052337351762236375,0.0716543137122661,0.039920818089452866,0.45082080750819437,0.18251801051813665,0.8373041290685889,-0.725712054786887,-0.42363232657389877
41.74075365769561,-72.54409238053931,0.04013475155416621,0.0525658776617766,0.048227971308424156,0.3924268023119167,0.1714525022980402,0.7811076870349468,-0.7637449781651052,-0.391882266661174
41.740937674940106,-72.5401568768442,0.04594369717114845,0.10075800214237006,0.060550966971715296,0.3618605987648139,0.1410197023609718,0.7133081956876022,-0.5644014229225282,-0.4391520127343446
41.74106211292336,-72.53577857708355,0.06175463936048529,0.1054627954188638,0.04592634376349543,0.5457710608474463,0.14208637327392343,0.84476408581277,-0.6761139046931345,-0.5868726098587085
41.741334994270844,-72.53200350397377,0.07982174952821118,0.065020060665257,0.0377524478780151,0.5999366881199808,0.14105099019664585,0.8815960763736964,-0.8044382261431664,-0.6192892423877141
41.74122949402146,-72.52797953376638,0.058843074903525944,0.10259370980826038,0.073559937428883,0.37984207114294466,0.24993059435286957,0.6755200195932538,-0.5746844912457395,-0.2062831302590705
41.741447477441014,-72.52397542247536,0.061114456697120345,0.08659539319326198,0.06217671503290009,0.3540329749416227,0.18493103525290758,0.7012240871340306,-0.6069459006472616,-0.31375367647958635
41.740849145164546,-72.52042368962489,0.06181553033312872,0.07998138571926272,0.0877281119390115,0.54046936966004,0.12016558701261576,0.7206989378062989,-0.7421829693144064,-0.6362118419593176
41.74503785511722,-72.78011001991794,0.14555238542910398,0.0973015409486262,0.1222123062483667,0.2498548230204682,0.3619341029476387,0.34306313761964746,-0.43943680112234107,0.1831992623106312
41.74527484776877,-72.7762934330278,0.07064086415981832,0.05492313205073299,0.06433634085509299,0.599560571513907,0.1715300691737962,0.8061857506596317,-0.8321634847389031,-0.555097519998905
41.74495585951296,-72.77203802559295,0.05623811680408505,0.1135072810386857,0.04867675312468465,0.5660432862377172,0.14199564456443653,0.8416295223589163,-0.6659342615410773,-0.5989044150338841
41.74544105607829,-72.7679864744718,0.06590436247188043,0.09996292794194991,0.06092611374860642,0.41087626216352213,0.13719820599184954,0.741730364834137,-0.6086325016633483,-0.49934465492030294
41.74522724244867,-72.76389100960235,0.06484852645251207,0.10806315656346022,0.039749449184935406,0.484176560627702,0.20672622016529812,0.8482631194463879,-0.6350695388145345,-0.40157652881922634
41.745359707717824,-72.75964971069207,0.14818352238284382,0.14604161789415976,0.1257927701529721,0.3546779250762581,0.23069151819937392,0.4763769303642671,-0.41667298612793396,-0.21180881288076206
41.74562539271453,-72.75552224433311,0.1542919012340656,0.16066196928080295,0.22427751600051202,0.23121953979534107,0.27191391717389557,0.015240545919006698,-0.18004822600810316,0.08088187500725617
41.7448579307417,-72.75182311475278,0.04866337088103519,0.07083860731931194,0.04956780855750023,0.5823802158979721,0.12136589135668009,0.8431269451306187,-0.7831091058570171,-0.6550861451152197
41.74525071247377,-72.74738166502729,0.11054012111295132,0.11123698046995881,0.13182602077790462,0.22040756604495232,0.2199008501861117,0.2514852319054871,-0.3291794987199799,-0.0011508202890555589
41.74537690801385,-72.74359375101155,0.0709915011995982,0.17501438855932477,0.13981105482831593,0.24896679702472566,0.3934960631372517,0.28076635969908775,-0.17442379751716716,0.22496127803572555
41.745168830984404,-72.73970608825819,0.12012663616307262,0.101034359542276,0.23768152502601303,0.3026413913161514,0.27968089944032337,0.12022415545485018,-0.4994281458451556,-0.03942918249961008
41.74529153013766,-72.73500421126843,0.09894016254031618,0.09377698986059047,0.20296819618607714,0.3457499932305162,0.2018657901949275,0.2602097029009502,-0.5732822171641186,-0.2627466325670252
41.745414329175176,-72.73149420244091,0.11284904128903453,0.16975484384654047,0.1270535288859965,0.24122535653587385,0.2772965356655186,0.3100145899461257,-0.17390256908442436,0.06956539284484985
41.74507109472372,-72.72704515772831,0.09860943547625356,0.15444832066322026,0.14343447540465143,0.28093047401411103,0.28251936564641994,0.32400413558608687,-0.29051059651315686,0.0028199344830166055
41.744921664086036,-72.7229638087576,0.07531070584008889,0.10784774130034402,0.0835669694032831,0.38960572494900125,0.18548383049255657,0.6467802542254637,-0.5664006842148084,-0.35493931775498594
41.74550277238264,-72.71911222313423,0.09894376824994665,0.11419398906561695,0.18927287932615142,0.15422394545402693,0.3937971071524944,-0.10203568517570473,-0.1491329424766154,0.43716050790202177
41.74537695554382,-72.71502412970078,0.16730377863606605,0.15705725105584897,0.12764888532719418,0.14786648408627467,0.24936893405596383,0.07338101973084386,0.030141198963375287,0.2555221547071215
41.74556687030831,-72.71073862768544,0.11482178540406512,0.1167417675135488,0.12850985251363486,0.29177304510449587,0.2649514809373356,0.3884602336096055,-0.428457603456839,-0.04817744308456229
41.74511054094128,-72.70731586265141,0.08004495260742554,0.19130485062232971,0.11288281679881351,0.24919529610978758,0.3720617502041226,0.3764725744286655,-0.1314198097706037,0.19777072119074646
41.745245945437524,-72.70268182004511,0.15693874172159794,0.13633734696673805,0.16353158429171102,0.2522659363463071,0.35936961142156076,0.2134076026197515,-0.2983211783266923,0.1751102849828185
41.745269070927385,-72.69893949500317,0.08092843854235032,0.13590997945382607,0.10035990184930867,0.23040246974741388,0.38784604148419327,0.3931601024334709,-0.2579559894828383,0.2546606564779873
41.74530620535529,-72.69444887128834,0.06492312204377776,0.10620301035697394,0.07306209425336366,0.5290133054894589,0.2119597462955028,0.7572991878273976,-0.6656162390430503,-0.4278881106812079
41.745173989147446,-72.69045090748207,0.033163577574731234,0.07527839602606073,0.06165580287292774,0.5559071445588665,0.16351201644283161,0.8003254465659562,-0.7614698335570257,-0.545433245855831
41.745350191707914,-72.686337719129,0.0815684113723486,0.07406453656558343,0.044975522365382145,0.02020141483322076,0.021775462891062393,-0.38010542681180837,0.5713953016236778,0.03749797848664344
41.744883622006995,-72.68230757837085,0.06284206575218838,0.07333692197931445,0.031875772778972064,0.07583885396774055,0.04951047185155482,0.4081440238580246,-0.0167717042029269,-0.21004007755207993
41.74553214468895,-72.67872898923159,0.04532770437392042,0.11217478315507368,0.05464517219804048,0.45148963631414263,0.23882893675033334,0.7840687054949902,-0.6019802588898377,-0.30806168030473474
41.74523309835823,-72.67477287440897,0.045042887393352285,0.07970464426683335,0.05838780275691216,0.42869755557801925,0.2227585550088537,0.760256383166569,-0.6864504351430559,-0.31612106667269213
41.74511915774212,-72.67071735593585,0.09622189434957518,0.07124953555356925,0.03939456210983257,0.02806077166422176,0.04720873695745308,-0.16801918857260445,0.4348870233039659,0.25439205919988456
41.74584144050284,-72.66633909326414,0.1644182551426977,0.13820075384487127,0.22420702070504323,0.17192400334786037,0.27887858581715136,-0.1319841521682998,-0.1087409138446541,0.2372537004887107
41.74501092494077,-72.66219020059737,0.045260822910163596,0.10279066366241274,0.0807595144800782,0.4438667818911006,0.1279603786361928,0.6921255566536071,-0.6239302528539314,-0.5524508541420176
41.745434259456395,-72.65832512677515,0.07936857487620416,0.06714990195517616,0.06437866162795505,0.5149593116619134,0.19138393548318022,0.7777509343557443,-0.769287616878893,-0.45809934120070367
41.7453444154258,-72.6534730751925,0.06516045996467128,0.05924751530462903,0.03159419360185342,0.48190341402713477,0.1944178853792052,0.876945118604405,-0.7810314568699332,-0.4250724158773027
41.74568796895627,-72.64990179536845,0.05544573412899838,0.11819882934632989,0.05504331312856657,0.5679684146966436,0.18837858530678447,0.8232992713613593,-0.6554809913399852,-0.5018725920617636
41.74486660478398,-72.64559242356808,0.06018161939254447,0.0641537609284006,0.039657191617754516,0.04225527063196602,0.054429845190464406,0.031717750179343036,0.20579541017635714,0.12591984252113758
41.74518031818291,-72.64168073835087,0.060456882253354015,0.06132420277419291,0.07656390226040183,0.056250406771863104,0.05647734292861369,-0.1529465886360476,0.04315384096888975,0.0020131348080092903
41.74504954731145,-72.63786523518164,0.11854197616417532,0.051090588990137645,0.0776118607561623,0.043495413056249904,0.05189962028724335,-0.28170436527831266,0.08029915388709272,0.0880990019756273
41.74588213186995,-72.6340195001302,0.04320067854189167,0.08445689703250245,0.06361046992604852,0.5504806952254219,0.18131259381539983,0.7928305322211938,-0.7339678794819432,-0.5044704658249862
41.745184108482924,-72.62912517182544,0.14593206369585948,0.1641557823828963,0.1922274028688017,0.27172796701765217,0.35355173780158267,0.17135390451091675,-0.24679099595407059,0.13085947001523954
41.74510566070147,-72.62542498283676,0.08771180834921619,0.11408505247073024,0.20298047872642389,0.20961122309281055,0.3445892752067556,0.016070959103515227,-0.2951105027568621,0.24355454844969185
41.74565125799667,-72.62143004962,0.08195527495359346,0.10225098704696285,0.13178524175590786,0.25614720390343504,0.4029226267168,0.32057633626431387,-0.4294000939245013,0.22270086718313004
41.74528979576594,-72.61747009324603,0.03074787779669671,0.09772606599192574,0.06685785332455008,0.35588506563301675,0.22621151237226345,0.6836949818607796,-0.5691196305441278,-0.22276982576519636
41.74515706984481,-72.6134866072305,0.06007464817324866,0.06002261954588092,0.04159555806686195,0.534465656781595,0.2413617140151011,0.8555863266100829,-0.7980696274897866,-0.37779531091498597
41.74549796058764,-72.60932127718831,0.05202891500890644,0.053792043045094065,0.05379023080348183,0.5930680967318303,0.2246430840509013,0.833687753519582,-0.8336826162649478,-0.45055640834978467
41.74512663237883,-72.60532582508571,0.05923640774064719,0.0646947856995082,0.0420582143561382,0.5611488918135565,0.20734074921678686,0.8605513299629254,-0.793255766498791,-0.46039415979948095
41.74525280255006,-72.6012401782946,0.03115349767446639,0.05909622368202996,0.06109505176564747,0.4336115144206164,0.24553706839654715,0.7530048883861213,-0.7601165189343206,-0.27692680332766234
41.74557649093007,-72.59771360142557,0.03089211736276562,0.10076805116933699,0.04029040428301883,0.4007093396313659,0.17509493894328723,0.817276971975563,-0.5981152769083294,-0.39182480763526967
41.74528053251548,-72.5928574815974,0.054284625361188193,0.05780154210340611,0.0770844508745669,0.464981890691847,0.19940846154660907,0.7155903439722331,-0.7788700311547786,-0.39972499337245204
41.74528646138189,-72.58906478011313,0.04414249285154672,0.08460595202469955,0.04786323622927738,0.6189904010534055,0.15000950091251106,0.856450550605641,-0.7595042906218487,-0.6098582053677303
41.745114547168924,-72.58486806300199,0.05105003264671838,0.07128021808663494,0.052862132813927466,0.6171215535957855,0.2004435095538888,0.8421987463688754,-0.7929109975634444,-0.5096573506170163
41.745565321307105,-72.58107600023646,0.07239215151985129,0.055866381906503934,0.03281834202206288,0.4242116832518578,0.18185251865747737,0.8563843064691726,-0.767261260361581,-0.39989024897173586
41.74527068692543,-72.57691583415055,0.039881607225292146,0.07604556698990936,0.07681441587713296,0.49231496081665627,0.1426839524631303,0.7300634301347557,-0.7324037709536699,-0.5506009554373447
41.74518580717886,-72.57280743555016,0.07866128374044173,0.09632684383994863,0.030971709733883815,0.5403522346907826,0.15261242496943997,0.8915791643738198,-0.6974084838401076,-0.5595376392087021
41.74507045511094,-72.56876268078352,0.03998075188771501,0.08275630305571641,0.04531187845890033,0.41367180189441966,0.19452403410055408,0.8025556010008033,-0.6665929981380531,-0.3603243475604405
41.74537184949964,-72.56434172136473,0.04988349352351955,0.05467626345178575,0.059038499907933195,0.46712099879766417,0.1456072632728951,0.7755870603755192,-0.7904310068010773,-0.5247248338738206
41.74535494947024,-72.5603232317781,0.03258735940165407,0.10570224659002027,0.06874299347649232,0.42058778970479516,0.20257029537676569,0.7190326223518033,-0.5983118079369897,-0.34985904788428557
41.74529328794834,-72.556270510421,0.07967445375261303,0.0945458900921062,0.04519335747199401,0.4715091680940168,0.24351146369871926,0.8250701119663082,-0.6659480779305434,-0.31886870708003223
41.74512499740099,-72.55258925816233,0.07344045989892309,0.07409094212635903,0.07176054024462615,0.5283345960213,0.22025754318057944,0.7608361211152153,-0.7540245642501338,-0.4115419287853872
41.745805966765325,-72.54823695809213,0.03855196205562555,0.09315875813716315,0.07650601121384121,0.554133131324611,0.195878606064954,0.7573699250386242,-0.7121584260398349,-0.47766522495577335
41.74541326899041,-72.54444225679008,0.06910708786610364,0.08845635039329039,0.07696272616389047,0.39395288459943495,0.17296501220024865,0.673135804357224,-0.6332725662077164,-0.3898057790143654
41.74519790198068,-72.54044556785165,0.033076345190627215,0.09574271686472238,0.06567218043730538,0.6070482365815879,0.23784089473713385,0.8047563927721225,-0.7275357162888221,-0.43698910088734005
41.744575873620306,-72.53598887261418,0.07480509682685194,0.0803555761680134,0.08772874317677967,0.5261717547738752,0.13422942658056322,0.7141923048779436,-0.7350306504960705,-0.5934912584339486
41.74534610025881,-72.53186660034247,0.033268448611981034,0.07412546724495372,0.07302486378323918,0.3924092678228992,0.16528418677516793,0.6862075261595357,-0.6822295890393975,-0.40725792848227277
41.745555320620404,-72.52819038462785,0.055925589691271024,0.11698002693900067,0.08551985152793978,0.477828004555102,0.14083567331447192,0.6963870524952046,-0.6066629206564085,-0.5447100634727654
41.745245863588345,-72.5238969482152,0.07214106549995525,0.09110010388085688,0.05364558038386479,0.5002235068172869,0.18926513989953053,0.8062878697384964,-0.6918773333833231,-0.4509985311556135
41.745174094815134,-72.52010743308374,0.07640792262758382,0.05219387290218989,0.0761521968919846,0.5983103952921226,0.17122678482824882,0.7741840755159407,-0.8395279617547442,-0.5549876230763394
41.74913653337496,-72.78021041490777,0.10026316491896083,0.13185932856859062,0.24951505088162393,0.2145677359050215,0.3383746664060794,-0.07530405343964822,-0.23874695662737663,0.22390565451951108
41.749595644607666,-72.77564691585805,0.09922127489799341,0.17344261156550161,0.21102941917116833,0.2726117966492529,0.293127307728259,0.12733070603509206,-0.22232531112214884,0.03626320139488949
41.74959553721085,-72.77173988395398,0.13963211180110802,0.12210841596112085,0.16182995595243768,0.19563573933507275,0.3708643177964898,0.09457070658331285,-0.2314041726602696,0.3093178478192499
41.74936712566809,-72.76815637628836,0.10880240707323162,0.14838995770678498,0.21739745852137737,0.354969683755975,0.23055885968283096,0.24035660867467148,-0.41040184598207086,-0.2124761046532077
41.749143899471946,-72.76387169767919,0.06081556666255465,0.07998651711947766,0.07813413927863677,0.47285070429272613,0.14961219239074813,0.7163837075002338,-0.7106326635708252,-0.5192896052507151
41.74922933310601,-72.75974351267655,0.06654791873672306,0.10322210503505194,0.08246959824110653,0.5637245989800725,0.17614083673294717,0.7447528975167231,-0.690463707478758,-0.5238571009518845
41.74891414356506,-72.7558253481898,0.15541814421082417,0.15678708655237955,0.152708893291422,0.2150009745235489,0.39354973239375846,0.16940551963503966,-0.15657815316259072,0.293399967892029
41.749785933535485,-72.75156651190602,0.09718099071650589,0.14773820256769804,0.27353105226431007,0.31997407288325375,0.30695577048234185,0.07825209699309083,-0.3682517636499746,-0.020765166212258684
41.74945638881132,-72.74774409334755,0.11469751207595758,0.1482835869531423,0.15794461074072425,0.19147238776347833,0.3881245169067757,0.09595348012913238,-0.12711711941595252,0.33929119972643274
41.74927494586998,-72.74360604975455,0.07949667562947654,0.09440965427245587,0.06816672845802735,0.36948418906635494,0.24596892545171115,0.6884881272790675,-0.5929687120098184,-0.20068996435473904
41.74952676207073,-72.73955015971696,0.0649027614193046,0.10833620761303084,0.0771672845893952,0.6138027904529273,0.20279120182670252,0.7766407334364847,-0.699957465520687,-0.5033242866247788
41.7489951553342,-72.73557872905457,0.09388083284938398,0.10314082549439914,0.23597353285223532,0.2599969367727739,0.37964548694173894,0.04843716590365164,-0.4319465711830055,0.18705536989580124
41.749645112496054,-72.7311745813203,0.13280813332596464,0.15593292133266495,0.192960431341849,0.2660452877518084,0.22904701421360849,0.15922428276987738,-0.2609432526339309,-0.07473005213638795
41.74895830453769,-72.72726910315252,0.0411556161593814,0.09361859177159648,0.04769740863985518,0.3581476692873964,0.14337697123525836,0.764947704264606,-0.5855441194207661,-0.4282355854506344
41.74910934581313,-72.7233795566909,0.09635489206273887,0.1557039950945112,0.27181800877484336,0.2833691607121994,0.306789967242212,0.020805869753850015,-0.29076058039378105,0.039685578720425746
41.74938794852935,-72.71880736950656,0.12282120874848851,0.14487070544252667,0.2080366703517891,0.2702748256370079,0.4181357255684961,0.13012055074393722,-0.3020726728489244,0.21478592922866002
41.74914791141973,-72.7151152773944,0.16278793213433823,0.18606106567807967,0.1624629970456458,0.2977059052622034,0.42371180624562754,0.29389840890656543,-0.23078226975091556,0.17466427421092826
41.74943824021428,-72.71113536156469,0.10244920508718963,0.17540384373139134,0.11445005340982903,0.2151680106110821,0.3670189603419928,0.3055595799957841,-0.10181011877221315,0.2608284920604142
41.749383065112184,-72.70707905480666,0.1564277921059733,0.13484636668723188,0.11849240306449862,0.24714388952925564,0.27807061072257927,0.35185644606591937,-0.293980071518842,0.0588839820273328
41.749450225158625,-72.70255357477951,0.13503097758072746,0.16101125539864924,0.1880848113491026,0.2728621372280808,0.3313459424024803,0.1839199199401634,-0.2577961306921144,0.09679414616593511
41.7495621771118,-72.69867739402719,0.13076247488886994,0.17432129128608875,0.10228408760865826,0.2302264842534997,0.27642345363524484,0.38477692883064146,-0.13819181898317015,0.09118123960352591
41.749272032808186,-72.69476921349916,0.11919776359722911,0.10991136567195872,0.06599239599448237,0.05671141128627161,0.04885034765496325,-0.07563730021005206,0.319283805953033,-0.07446885794773965
41.74919080537988,-72.69086713385012,0.07923012510362112,0.06806370691803729,0.05780793392766599,0.4475440882838459,0.17076077424988223,0.771217165908675,-0.7359865093141684,-0.4476486128537689
41.749098451651285,-72.68660886999398,0.08276470250876951,0.18004037702370973,0.2004714649170256,0.22263899654099736,0.34433165331674687,0.05239183060514094,-0.10578793529995001,0.21463660739102244
41.74932442033273,-72.68266016372714,0.10652024033574893,0.16491649326165952,0.12325353550530989,0.24316358982924913,0.33785305892538997,0.3272501366153527,-0.1917444634271905,0.16297204098901444
41.74925120698926,-72.6783138896127,0.09852875791040228,0.1654782987587072,0.1279012173857008,0.2717286889968732,0.3735018624526795,0.3599016723074859,-0.24302079613047042,0.15773148563279626
41.74909230970763,-72.67411349191686,0.10804337828766786,0.0977696965423671,0.031668811277746775,0.03813723292825401,0.031142548173485878,0.09266277331829074,0.4387742688793789,-0.10096285876677616
41.749027231852715,-72.67028742598391,0.12765475134136495,0.17185575486477833,0.1630212058445242,0.21439721222407418,0.37060436026753585,0.13612479921478562,-0.11013884936580885,0.26702004813107055
41.749745103262065,-72.66647257607897,0.06822867234333199,0.051813482671086,0.03877062520985465,0.0762638578704512,0.05081448851244939,0.3259303789318759,-0.19090320813958203,-0.2002651913750919
41.7493339816742,-72.66243755105,0.03916110631993549,0.07145000233630142,0.08640810113779354,0.5844351994681445,0.1332338421319762,0.7423896130147069,-0.7821264997602296,-0.6287039445510512
41.74905622756358,-72.65798868170863,0.09300507884108625,0.08506948614764065,0.04454835906652298,0.0375873788075074,0.02145396343850354,-0.08474971357402873,0.38711332918459995,-0.2732562430877644
41.749000273892264,-72.65420495260608,0.15026640044149042,0.10115853981645068,0.10931340060230632,0.2590854016931018,0.3926002712462235,0.4065485559605531,-0.4383886685640858,0.20487617742296524
41.74982339017788,-72.65029226572001,0.06625981769971885,0.06098882399280026,0.05150191824866166,0.03692593436333151,0.04245042743161036,-0.16483476025689736,0.2457534495662864,0.0695987186027829
41.74970678311228,-72.64580683629728,0.0680193626862583,0.05294689484923888,0.04877348019935285,0.5347961111766214,0.16285386402379973,0.8328443396635802,-0.819829774896856,-0.5331358996264136
41.749716842152345,-72.64170568559241,0.06731909191519907,0.09347788185269927,0.06877278581787878,0.05811804466536194,0.02221170242790721,-0.08396777853797781,0.2332505760510956,-0.44698687020344585
41.749531873637,-72.6379815132007,0.08547199266470597,0.17792158305278294,0.16583636024678797,0.21242382341008822,0.32830735046668225,0.1231624822705639,-0.08838900057758733,0.21430894436096115
41.749443159839004,-72.63384086875098,0.06153881364552118,0.09804398280276909,0.07048782838721356,0.48311017490140185,0.17083293126648114,0.7453465223194994,-0.6625887245129988,-0.47752968215365144
41.74936025090435,-72.62975071961736,0.1008053162398243,0.15004121131361364,0.134789411496083,0.14531730604232626,0.25083090611028414,0.03758529834187083,0.015993800732668734,0.26634879782648185
41.74907642622478,-72.62585583659812,0.1254688383626075,0.10617672381432075,0.20635081736881591,0.18182974351579517,0.44908155693681495,-0.06316924731403481,-0.26267819748214255,0.42359649166102387
41.749621333721976,-72.62192902044056,0.12960047695243437,0.12689193990126135,0.2013313580015032,0.15693054172928894,0.4199705705768352,-0.12393396089726051,-0.10583587901654888,0.4559534090618427
41.74965125726206,-72.61738089312492,0.04148889114715406,0.08647040650600346,0.08099533320998265,0.4518947524713501,0.12785298498343223,0.6960148616522855,-0.6787667067079248,-0.5589358035454025
41.7498307798479,-72.6132255601276,0.11174617144682335,0.14835442374463131,0.2739390639506537,0.23385381342933667,0.367463902656027,-0.07894015908246096,-0.22369844856532745,0.22219549774203382
41.74973336683501,-72.60929528923997,0.09811765031852576,0.12029872151293784,0.1963225425171607,0.22415964233101154,0.21456737031422993,0.06620280434449863,-0.3015195208473033,-0.02186387375362732
41.749322400777295,-72.60510476333016,0.07645774125756008,0.09972582395617441,0.0657576310364899,0.5273950029187309,0.20478886606028726,0.77827753845411,-0.6819565873672787,-0.44060809111828225
41.749066381211506,-72.60101100034858,0.06085395880742091,0.10619649376139206,0.03006228943032825,0.4922942975434832,0.20487392417630068,0.8848974429345697,-0.645119038407076,-0.41226832264122726
41.7498475989936,-72.59691149402856,0.04478222103057961,0.0627499796597536,0.06346893294316107,0.5982119267080728,0.23647715959412627,0.8081584739307256,-0.8101252763428302,-0.4333766585070461
41.74889613848432,-72.59309980410205,0.06943969113353884,0.10074860127709317,0.06032038986824953,0.4550381700754915,0.13609372748687273,0.7659090405917217,-0.6374559220547571,-0.5395486927770975
41.74929258256261,-72.58856593382987,0.048844083986900835,0.11431515832467597,0.06958036238471173,0.6008944940478115,0.1816736198441537,0.7924445287778981,-0.6803310527326618,-0.535698895421047
41.74927223821561,-72.58530206855986,0.07798957141217666,0.11725371232152203,0.07913384363444656,0.47484965910257143,0.14733890825497764,0.7143097466134753,-0.6039417507807462,-0.5263850350682919
41.74938086077364,-72.58068905822373,0.048177714754015,0.10297021987764762,0.08538026106546648,0.612005883977986,0.2431976390937963,0.7551420782523672,-0.7119617863524033,-0.4312520177179315
41.749147954876996,-72.57712947863641,0.07938202543839931,0.06527254432062148,0.041251815701085756,0.6100592203913755,0.20959532683714205,0.8733268333711159,-0.8066948787801869,-0.48857643126401784
41.74952471864649,-72.57282918078474,0.055662012450816464,0.11609548074650884,0.0661734794009203,0.45924972805867437,0.19164339019046667,0.7481136026675825,-0.5964319195857951,-0.41113714427961817
41.7494275215228,-72.56861890795909,0.05000440828264477,0.09256427017040254,0.046752156760969846,0.4717930299627886,0.14858474278180858,0.8196795266528012,-0.6719657204804229,-0.5209862464141529
41.74949178188911,-72.56492881262967,0.04689183680653866,0.06904828104470537,0.03906153639788711,0.3876767898756631,0.2124899450428353,0.8169297951792234,-0.6976374390590694,-0.29189695902859036
41.74910532509346,-72.56114963044372,0.07994358448821444,0.068194155132234,0.08376289892568792,0.5144802075130177,0.21295912168488595,0.7199703664808714,-0.7659270443180543,-0.41449654112130274
41.74914319724901,-72.55652502417566,0.07235257857263014,0.10795809365407488,0.05098112792101604,0.5562396880310952,0.19059523358477562,0.8320837277586456,-0.6749218481875418,-0.489592068961106
41.74945093059474,-72.55233419590257,0.03204978849010154,0.11154931805338808,0.08811398507870938,0.550382174708778,0.13558875901011883,0.72399525438638,-0.6629581179529463,-0.6046807456547961
41.749550067052326,-72.54852197696201,0.04694131587609901,0.11188213858348667,0.06393400130719037,0.5802905413752386,0.20711478731595157,0.8015164059382732,-0.6767218879827551,-0.47393094821897197
41.7495581315985,-72.54410275924316,0.05855027739697792,0.08617286692785212,0.0542105776951953,0.38681293483097556,0.209207674404701,0.7541601472235411,-0.6356217602836584,-0.29798509929720646
41.749055347753654,-72.54017399094506,0.07825485843094492,0.10373485987449657,0.04454968582215211,0.543314513817071,0.12265482762545721,0.8484354521010375,-0.6793602958529578,-0.631650227742377
41.74954828717609,-72.53607789723652,0.07683698249425933,0.07644320289281756,0.04579041626903066,0.6186652114641307,0.18898812329656978,0.8621716353724085,-0.7800538698311228,-0.5320068272792682
41.74905393823387,-72.53206419245635,0.055923435639071165,0.08189997478634314,0.06317315728634101,0.5788896657779818,0.24540583010810396,0.8032181430943489,-0.7521148342567864,-0.40456830994981435
41.74964333635084,-72.52875926687894,0.04426872386449797,0.09276671289320537,0.07828737529309623,0.5893513076585492,0.17833310395630209,0.7654798102860486,-0.7280039227869458,-0.5353999605614705
41.74895863672353,-72.52404447629979,0.03667085852090938,0.07554422980505718,0.08231866828487083,0.4630785693768723,0.16124811155545887,0.6981331675320106,-0.7194911544041761,-0.48344955780310134
41.74912915215112,-72.51971814931822,0.04281434012438412,0.11551360538368116,0.034895381557033,0.4619504186657243,0.19497765501132458,0.8595323476966581,-0.5999279588929048,-0.40639572938337487
41.75340470536946,-72.78008980167291,0.10106670148545775,0.16985057550784483,0.1890539754514664,0.2552092229742177,0.28504779363836563,0.14891003296510436,-0.2008156211695353,0.05523032509829495
41.75399949606975,-72.77620102254753,0.04635805338639877,0.11695581141937474,0.04891363477461953,0.37237607807920653,0.18760544496582704,0.7677909842930773,-0.521977561939732,-0.3299584459655828
41.753466771556525,-72.77169843781955,0.13178222421301392,0.09934894886106366,0.2333808423816225,0.2360395848564607,0.41970828617321565,0.005663883206960954,-0.40755906136768094,0.280090427176458
41.75334989582497,-72.76808462195591,0.059465584985971355,0.08869249067428733,0.04423893616832277,0.5330902387378648,0.16870377567242997,0.8467462304308064,-0.7147154899006627,-0.5192213891587866
41.75366689052976,-72.76364425481542,0.13050701105564733,0.09567208914849151,0.18921112265133821,0.3346364985384097,0.22077230080511226,0.27761007209841954,-0.5553326524912214,-0.2050097115275844
41.7531872417172,-72.76005800986985,0.038636743566203335,0.10598512532450634,0.05700727180447969,0.46573385637317627,0.16703196560918374,0.7818910021363175,-0.6292404880111192,-0.4720575612447027
41.75340425536415,-72.75595005658627,0.10825592828856623,0.1451981215059523,0.19971077655013036,0.2098493043929321,0.27987137439415904,0.024754677798325752,-0.18209168176138843,0.14298369056959803
41.753520687659595,-72.75152774124003,0.11953379613290366,0.1476368128117364,0.13235034007030472,0.35180406528256675,0.26934591187821505,0.45327218504252836,-0.4087916336561462,-0.13275079519645186
41.753636540242475,-72.74796753865414,0.1411042111127666,0.10404900817061728,0.1652300376552501,0.21272332978912906,0.4144747616657536,0.12565913211731927,-0.3430675870199294,0.32167099139066413
41.7533410455629,-72.74304223782903,0.07531483997726308,0.08353238362944351,0.04023248624142603,0.43825769027653694,0.15801869720762146,0.8318356855967107,-0.6798237919547128,-0.4699817047113253
41.75340262012051,-72.7394337772871,0.06414425601274304,0.0586409647660309,0.032897511046224015,0.3794880944450215,0.2097876398956025,0.8404526704707088,-0.7323119134273958,-0.2879814060887931
41.75350451916682,-72.73475796465132,0.13758196337768702,0.1000352912260776,0.12566006347587313,0.3430554040036693,0.39279005334400297,0.46381089511897666,-0.5484658454666564,0.06758844380123019
41.75341845830995,-72.73102798726605,0.1347581085065557,0.1050008884189232,0.2690319611805604,0.3289753843890424,0.32944824806532813,0.10023860685421149,-0.516098482806289,0.0007181754314058732
41.75342810711427,-72.72768953695144,0.14091166568869057,0.08718252045719911,0.2333696272349668,0.32482610525234584,0.41045977835455205,0.16384302619056262,-0.5767927416225482,0.11646309960710208
41.75343768213119,-72.7228198133894,0.0650643840482322,0.11445749133002296,0.06598530292296215,0.4113665832072517,0.12228461354019297,0.7235360125718142,-0.5646548080525009,-0.5417058397488602
41.75322281396646,-72.71861865517648,0.08659752775734093,0.13373283298574806,0.22220610039051736,0.22026831933708885,0.2863382282556045,-0.004379419390213422,-0.2444497306958577,0.13041661074549557
41.75381494305016,-72.71490003107883,0.09172895144167921,0.16268714682332525,0.17698136278202192,0.2436356604584924,0.3682662294228395,0.15846790308902137,-0.19922217553252633,0.20367737218219265
41.75338847250636,-72.71106479745752,0.09655720019458605,0.10077466349277883,0.19561185051577595,0.15922195431655867,0.3803207554245723,-0.10255476142249798,-0.22480019669579243,0.4097892476651114
41.753556339925645,-72.70722870803941,0.09625300486160793,0.1459243802191822,0.18391272628150823,0.26990797760922186,0.2669980631475724,0.18949168821618895,-0.29815764708046677,-0.005419783427185496
41.753680844836055,-72.70287156965887,0.11124051715078843,0.09876871373041814,0.12027297519864681,0.1546493836096731,0.42631450551476235,0.12504042435847876,-0.22050781086980611,0.4676110288274766
41.753494133060755,-72.69873267106227,0.08228990532724342,0.08894615927765676,0.03383399266092189,0.048854338854116025,0.014825948308515382,0.1816501302902998,0.29094104133936166,-0.5343630197316231
41.75340977089577,-72.69493950373415,0.10044625117735523,0.09482480533586396,0.03308775236186676,0.07963485273038282,0.012721001435488447,0.4129349240147794,0.08706856802225951,-0.7245220338140881
41.753728974756164,-72.69032462008069,0.06785661766350914,0.10179004622881922,0.03823070012938827,0.5640107676994349,0.1302124096665455,0.8730386326029125,-0.6942327371807989,-0.6248687341134388
41.75322835824535,-72.68681293468582,0.04184290387825726,0.08434617308196246,0.045012486626227206,0.49275585299316005,0.18012606380384732,0.8325952522304105,-0.7076906014154837,-0.4646131533411765
41.75308708006012,-72.68238402917508,0.08505043651908507,0.11522746912790564,0.14598163884439996,0.21802075400974563,0.2965817093573264,0.1979083560426249,-0.3084586135644008,0.1526633876440314
41.75331135893187,-72.67836979646079,0.03309904860011574,0.05956664133238265,0.06367304211283144,0.5346013862881825,0.12645683266202917,0.7871443635556745,-0.7994956357011461,-0.6174109056147946
41.753547772650506,-72.67427047197593,0.11750442085067767,0.062226235876545355,0.033126017473955445,0.041180889758739146,0.016722098551483974,0.10840004765047745,0.20351930283830585,-0.42240982583168035
41.75342561182475,-72.67002924229531,0.06550360656932157,0.08625820576564697,0.055084988301017504,0.024625980137078323,0.05313722370070721,-0.3821181546375752,0.555825207416289,0.36664183259608873
41.753355223009756,-72.66589404528827,0.08604579757312517,0.06371401642630009,0.07174263562651112,0.04167715049734681,0.018177534733564912,-0.2650814831931693,0.20909594771750084,-0.392611132664442
41.75328381247569,-72.66182936418075,0.16761394868367535,0.17081732036261119,0.18348274488421362,0.22002834436432206,0.447386190794254,0.09056900901575671,-0.12590909518234636,0.34065462235687194
41.75352893791862,-72.65826046102234,0.042987668026310336,0.11128073189615753,0.030648968092737462,0.41140879103436195,0.1724852178609811,0.8613350067499873,-0.5741994931436574,-0.4091899720385818
41.753510893017825,-72.65378146887876,0.04111644637926398,0.07440961522275386,0.03084322127520517,0.536963071548461,0.1522045666458739,0.8913600582979673,-0.7565818138990593,-0.558294504238011
41.753200571729735,-72.65001563479895,0.11158798332567665,0.058963397210332474,0.0470363556615635,0.06152172846390701,0.012211570664021839,0.13343430771679277,-0.02123358579955834,-0.668763752376399
41.75373609076167,-72.64585111584375,0.05065309147158739,0.07905222114585958,0.03637493456480625,0.3595706724499378,0.15178556135748938,0.8162629718811265,-0.6395435701142025,-0.40634121059859557
41.75355523000654,-72.64160332629665,0.0390602937419194,0.07283477981883701,0.04174257091135965,0.5380991719973371,0.18715442606890054,0.8560208145692866,-0.7615625073633082,-0.4838924575681797
41.7532873817564,-72.6375072451849,0.08536195147063637,0.13602165586655585,0.10525176845123067,0.163464531355328,0.3371305548303408,0.2166327943113353,-0.09163319264684565,0.34691915335861034
41.75352697975989,-72.63369419051595,0.07202445349184561,0.05643119058273187,0.07126382809914761,0.04761619084482531,0.054130554942206886,-0.1989202009251632,0.0847210147623368,0.06402528205685222
41.75331362048762,-72.62968303039187,0.17233135543016642,0.10888653793926965,0.20409471270970245,0.24104267997522036,0.41071881637168123,0.08300351278660255,-0.37766535422099246,0.2603347042552976
41.75378460588137,-72.62540495990399,0.09288372284769526,0.19560903187839013,0.10814992398481749,0.15047734367910215,0.4286128003581575,0.1636618600838648,0.13040585063941834,0.4802973415157272
41.75359933869349,-72.62191613307948,0.10874755289073068,0.16136342131902848,0.12502101800510354,0.2134191132882351,0.3520333567038828,0.2611927106437435,-0.13889572528708155,0.24513862927785937
41.75348268911321,-72.61740192991759,0.13355299026771278,0.09682827159944232,0.16674022259010315,0.24064357763097313,0.2999606953355274,0.18140965595775926,-0.4261549707316124,0.1097237307782618
41.75336487503909,-72.61376710456908,0.06398928233100923,0.1086940701291126,0.07298123767985644,0.3901305859560169,0.24713054924233172,0.6848223951317697,-0.5641992880537853,-0.2243978626896432
41.75337745693324,-72.60941422065864,0.03863403242894872,0.09300318224020991,0.05497182798012068,0.5324820651390894,0.16841560423696134,0.8128471744795623,-0.7026207008722237,-0.5194288364893912
41.75311796591265,-72.6054284456562,0.033782238184924526,0.10737475134289866,0.06332317509477967,0.6057280807747989,0.21743321657671266,0.8107075518078884,-0.6988519845755529,-0.47171175983055735
41.75350226449372,-72.60155079007646,0.07710317226569084,0.10052181766348064,0.036335336453220075,0.5257753619984467,0.13565631759134195,0.8707182177698958,-0.6789964223765403,-0.589810038504735
41.75324059408251,-72.59689619590449,0.07173927159620193,0.061118904351055665,0.03444891647796268,0.5893611814318518,0.13718721380881296,0.8895531938537391,-0.812080628794365,-0.6223590480483533
41.75339247155531,-72.59285198574372,0.07238577770476715,0.08601313390249585,0.062395514645627266,0.4409523384363922,0.15100021585261023,0.7520779545851761,-0.6735530564432072,-0.48982324762842716
41.75348285299693,-72.58890496164514,0.046062237908259834,0.06916734294129559,0.046067503172703,0.36366076286603616,0.15653975322924954,0.7751314371445032,-0.6803934771644213,-0.3981561017883497
41.75339510836168,-72.5850685080657,0.042796341451547995,0.09831086325459545,0.06259130313243336,0.5761151800938437,0.2448492345824128,0.8040060504278336,-0.7084606556220914,-0.4035082880444508
41.752712956529635,-72.5810884195434,0.06748228821929614,0.05149116283394284,0.04337780006917477,0.3643776804877474,0.23675928831057602,0.7872362131838017,-0.7523682590757947,-0.21229503224910842
41.75345723213379,-72.57702384310711,0.05119995635794901,0.09569212651836977,0.04738464531415498,0.5858977581267537,0.21546494640558111,0.8503522439382719,-0.7192090766775601,-0.46225362077132415
41.753362083392034,-72.57306503941842,0.07079441237487923,0.10299422089750396,0.053940003481442844,0.4421704029047343,0.12505543865613047,0.7825483892814963,-0.6221536893602041,-0.5590629710663079
41.75366039966506,-72.56850632771543,0.03122077431740134,0.06070106674985466,0.08142850906083449,0.5655030139040835,0.22992460021766564,0.7482623549161935,-0.8061300824278719,-0.4218842893164303
41.7530858727843,-72.56424858151743,0.03619658732765083,0.09892757475496708,0.046801584652228376,0.49019839904227425,0.24411393849411145,0.8256924168591646,-0.6641547677237031,-0.3351223286997669
41.753147562205484,-72.56111665488122,0.06683253078501467,0.057286352497144775,0.031604549144641954,0.3576070541911022,0.1421320429483416,0.837597086655307,-0.7238502633511841,-0.4311750120736219
41.753090836284265,-72.55677273014172,0.030797121948334588,0.11916158419637893,0.06200270419391959,0.45634765808005573,0.1874504863563481,0.7607691295056994,-0.5858916749102634,-0.4176731077084831
41.75333161730315,-72.55274897298146,0.06064744522324854,0.11199386339078145,0.048102821524625194,0.4814815281684098,0.12047371950557993,0.8183374506723726,-0.6225829580008405,-0.5997253285153624
41.753395650206336,-72.54855275598791,0.07987685846055173,0.09090750571216316,0.03738259476845941,0.4216917418712641,0.16591945647462047,0.8371392526879722,-0.6453076896201738,-0.43527469543915814
41.75337220612572,-72.54408692687707,0.041506699414640455,0.0898811677188972,0.05428557948342062,0.364839304798305,0.2319195496190623,0.7409574973032088,-0.6046750777622093,-0.2227361256483007
41.753390006506635,-72.54036872723296,0.0695929351800901,0.05530762470996878,0.07341666466878323,0.5581542541776161,0.19829991954572898,0.767510939854916,-0.8196868408180137,-0.47571200891211574
41.753435951734524,-72.53604305326282,0.06636443249178484,0.05738956252432369,0.04451064604238865,0.48468588033230686,0.1413412775696486,0.8317802788793325,-0.7882598694311181,-0.5484500127970979
41.75363780448955,-72.53196329310651,0.0721071605630446,0.05346976845422935,0.05567238967401746,0.5786677716328706,0.16721852073987087,0.8244714963046975,-0.8308286881780128,-0.5516246311272689
41.753667839877565,-72.5280422450688,0.04736043083535893,0.06934833803632967,0.06916458552596441,0.38607851699078216,0.2318159274814086,0.696142192408417,-0.695457844565616,-0.24965848275451902
41.75342563541401,-72.52434185201095,0.06517638225966818,0.08017787849176933,0.04224488492179054,0.6094887090897139,0.21355421205187533,0.8703614933771701,-0.7674880009108854,-0.4810617853181504
41.75307626890166,-72.52029957701876,0.05719348949410763,0.08090294286330327,0.041366811591642495,0.3914154147819082,0.17615601112834026,0.8088331309801191,-0.6574219843300073,-0.3792639900931297
41.75783417723909,-72.77980034018474,0.059657960028270896,0.10827629668533723,0.0896000817306325,0.43708183509084625,0.23725408028468792,0.6597563771645388,-0.60291672434519,-0.296332658916551
41.757411309916435,-72.77621330669122,0.040952147991719166,0.09650689906960985,0.0633179481730613,0.48360978419917944,0.21926328929498506,0.768459544377366,-0.6672845244655904,-0.37609421227371725
41.75751856341295,-72.77250698239465,0.1574987658334006,0.15763573407678322,0.1547313559643562,0.20027729378949252,0.24602513250847646,0.12829529042944834,-0.11913944559917258,0.10250412281747465
41.75799337613467,-72.76776195687576,0.13036506115906962,0.12167292447830141,0.16380987725784973,0.24851898092537356,0.30473113098068066,0.2054406379431301,-0.34264945990310924,0.1016035041757973
41.75714945243343,-72.76352750324186,0.036378001556509,0.06837150573807066,0.08961539374635502,0.4013563311919478,0.13314848441222493,0.6349468240452486,-0.7088888485514353,-0.5017875217392691
41.75762062002463,-72.75990738300332,0.03018712141745225,0.05554131034670345,0.0613641347263144,0.4123410951853544,0.22108177746146349,0.7409184832611753,-0.7625843173840059,-0.30194570796708936
41.75746550766214,-72.7554907014635,0.037328706273409874,0.0700684892507363,0.044352265125034276,0.5624535232530403,0.1649123581418286,0.8538172641906299,-0.7784472702432063,-0.5465490962386734
41.75771471567961,-72.75138546186048,0.04506045451612259,0.06464544673928134,0.08870720242535204,0.43643983705482414,0.20723885289351382,0.6621624202122132,-0.7419782666543288,-0.35607980773715864
41.7575752575534,-72.74786910744947,0.03707287104770881,0.08409113014401018,0.06065577220268262,0.5588090243291953,0.21227834771378515,0.8041671696526786,-0.7384006534796536,-0.4494052025482976
41.75731748119261,-72.74376598117506,0.03382556244151267,0.07835828164519718,0.06652814219044098,0.5093526692914885,0.14358769215797776,0.7689516967261251,-0.7333441498059179,-0.5601812948452856
41.7579254563777,-72.73958916551373,0.0717003502650618,0.0795353211067754,0.061643757243867156,0.5019756724793092,0.1931895813807101,0.7812575152913245,-0.7264529063628052,-0.44419091630948704
41.75734986754408,-72.73506858087153,0.12895182651365528,0.09456975989657271,0.27905849514138714,0.3189677924616112,0.2917953153665477,0.0667350217666652,-0.5426303640030181,-0.04448938835170877
41.7575743198031,-72.73113433752594,0.12898670196261086,0.15020925120005874,0.2622398712722463,0.2621331407358737,0.34729465265848625,-0.00020353933922701492,-0.2714343509779249,0.13974011826451876
41.75759468495503,-72.72726903377743,0.13989972646041038,0.08052601232837331,0.1545137529263651,0.23335877252938403,0.4079867913752455,0.2032755981114575,-0.4869071951680286,0.27228381807569396
41.757130628457574,-72.72303697198332,0.05259111417162682,0.11074812730797796,0.08774015194080827,0.5779244527298623,0.2294153792444633,0.7363833037683695,-0.6783721887057192,-0.4316758069933579
41.75734163738956,-72.71903246830853,0.1396049180558099,0.1621751154785442,0.12635169854799058,0.2594050996394428,0.2819923461131132,0.3449152463848572,-0.2306322276857489,0.041720267893531615
41.7576173544495,-72.71487805383856,0.1645991416490317,0.17052922865579717,0.16898910664414357,0.2711598877015832,0.410714931940544,0.23212771668219895,-0.22783142105852472,0.2046637303782597
41.75763476443072,-72.71104052666817,0.10062427720016576,0.14535517349510602,0.11537142495052716,0.2082871176946013,0.34927681165111,0.28707937687883134,-0.1779536717392665,0.25286731536230644
41.757747937735566,-72.70667648538387,0.1451670542960133,0.15754970582192118,0.10706600542583741,0.1552543497453122,0.3137848116505796,0.18370036243674087,0.007337999734199856,0.33798982036696085
41.75777163569568,-72.7026358868358,0.1109612869707926,0.1690781293765602,0.1750607770057136,0.2973475614015092,0.25987522158083526,0.2588582259324615,-0.2750050748940865,-0.06724839860300767
41.757854716527305,-72.69881072892791,0.0326052267843913,0.08175326379404467,0.07154842736663514,0.5390474621668444,0.14352608046383714,0.7656439272092018,-0.7366199478342904,-0.579456068834199
41.7571637544032,-72.69513327892173,0.16364546986354817,0.18991719685699926,0.2069478183986851,0.2694145825919494,0.3158751032350384,0.1311328603251633,-0.17307181713035746,0.07938038507793353
41.75743535008607,-72.69020177248872,0.04452273590725599,0.0789200815531449,0.08417166224028705,0.428032235355994,0.1398485484767099,0.6713353309676252,-0.6886488968654235,-0.5074721580369274
41.757581667549566,-72.68587088347888,0.06686669925734166,0.0873027608644896,0.05836434527973715,0.0601278671308019,0.043552818556339794,0.01488301902031072,0.18432325835684282,-0.15986630937682653
41.75763699729879,-72.68225058272161,0.12294184592386617,0.1421129699543836,0.10900600915558407,0.16371874831257488,0.436428736684501,0.2006152271063202,-0.07064596988377685,0.45440495076515214
41.75780724021637,-72.67845327892283,0.060711811706449646,0.0633648888760031,0.048853601542469344,0.050409046824120105,0.02707976473778302,0.01566999578639395,0.11387355084587238,-0.30106645870675314
41.757645511802046,-72.6743846887525,0.11455120119496343,0.12978290791136718,0.22331853526025072,0.1471649140032378,0.35131366262838803,-0.20555201968780074,-0.06276274704637415,0.40954367588803225
41.757598189445254,-72.67033727341227,0.061592883670450585,0.07256715577898125,0.07637213768086812,0.40085865425663875,0.21310673475703332,0.6799362531876653,-0.6934381090311853,-0.30580212314773414
41.75774834400265,-72.6664485510954,0.06684892043209575,0.08425871828664638,0.05042194097925271,0.39496980930780745,0.15769486826439627,0.7735838575961266,-0.6483568342244009,-0.4293289415305758
41.757410984996866,-72.66185422092776,0.14741702241242896,0.16408922660512434,0.1794050665623867,0.22294751659419415,0.28154150424275665,0.10821963584824888,-0.15207416614385527,0.11614521868355958
41.75800726663722,-72.65787262873663,0.07989972688616417,0.08403371388100744,0.07346132242499809,0.5238233913276411,0.15084442608009713,0.7540157290701349,-0.7235083273324159,-0.5528334917183882
41.75736562090653,-72.65387951031767,0.07950807976138181,0.09706632327159107,0.06274008409814777,0.06173248110905523,0.0242870444188695,-0.008094980507674411,0.2225069785654014,-0.43531322057838745
41.75743828259316,-72.64999538785533,0.10105134792958365,0.15382576325134206,0.15735744554119319,0.18271032201048992,0.4208336138485147,0.07455242421775135,-0.08582900920320352,0.39454176852777345
41.75759817933419,-72.64591022548889,0.07567378455078476,0.11002243349765783,0.06811627336685394,0.49438886004732085,0.17888038953141605,0.7578110160402761,-0.6359352160600544,-0.468621536945758
41.757601918660136,-72.6417333836188,0.03290887835864963,0.058833039340055876,0.04508646653024317,0.4492882127887208,0.23601408158277715,0.8176020398441403,-0.7684291334260295,-0.3112117571436717
41.75798919751877,-72.63761425727876,0.09274450912236801,0.0870252017776692,0.05660637659485804,0.07711139907301641,0.059768900882706213,0.1533455247497411,0.06039970764151099,-0.12669827722411525
41.75784969352443,-72.63349076414742,0.04757362094744426,0.10490490923216175,0.04030986834551016,0.40850136285955363,0.12503022921314014,0.8203705008126573,-0.5913376406378554,-0.5313108686688427
41.75723263807681,-72.62944356933838,0.08033622862313788,0.14618643403936757,0.14899369000367063,0.2667809250910028,0.2481670566597151,0.2832958790918767,-0.2920194257134123,-0.03614708493080089
41.757395913856605,-72.6259763178618,0.1391638854579764,0.18141990252978113,0.17699469559045694,0.2918993325746402,0.30602077486922863,0.24505459673656887,-0.23341419881337727,0.023617607300343436
41.7574768624671,-72.62109848502966,0.09075242433717781,0.17754953385159078,0.10150393290585724,0.21784211990453636,0.27221449084742166,0.36430131506198066,-0.10190550475756266,0.11095120390163628
41.757652976627256,-72.61760782386948,0.03818863632958726,0.07398272668133317,0.045347937951340435,0.45346937024768885,0.24374287897626873,0.8181781698190532,-0.7194712956415117,-0.3008072384053196
41.75781762880513,-72.61369854725672,0.09523078466462465,0.10785065576875696,0.23436034587989132,0.29121189167717687,0.37882304434129366,0.10817075510217078,-0.45947994138252785,0.1307560963682372
41.757190712074824,-72.60933075555897,0.14661956245447472,0.1720023392499959,0.16303600360451598,0.3573758132157816,0.37960578140371165,0.3734346594946224,-0.3501721276224551,0.030163532373433933
41.75765710818547,-72.60482847429992,0.05207816140232402,0.10190775133336874,0.07192867727931129,0.5476640047407078,0.21769042584200338,0.7678194744172679,-0.686230965615607,-0.4311382618474885
41.75719609106237,-72.60133865225394,0.1373199832581966,0.15162479757193043,0.2533385928377151,0.3219334484202605,0.33112745346567035,0.1192389872321027,-0.35963612140572565,0.01407832718029681
41.75761680108981,-72.59717684769406,0.07435296418187395,0.09502220543728118,0.0837375857146645,0.6197443148969628,0.16669629029305927,0.7619339299508328,-0.7341167983278059,-0.5760740501114343
41.7572927377623,-72.59330759503169,0.05274859003540828,0.06679069550847228,0.04475487575975586,0.39994251742519216,0.2020928558448624,0.7987176158635927,-0.7137949746980399,-0.3286346124575316
41.757475187219846,-72.58879400761464,0.056166661963609706,0.08067641340322788,0.08129577080843499,0.4696557271443423,0.13076817208535935,0.7048895552130691,-0.7068082800944303,-0.5644138341157805
41.75751685693714,-72.58501237855293,0.0364095349877422,0.10361403558722224,0.0424649365027257,0.4820235549849734,0.14313776261215685,0.8380710456304774,-0.646149641842538,-0.5420773532107807
41.75753980636096,-72.58125528634413,0.042660420924584636,0.057645564453820936,0.0732363874178323,0.42987805031083703,0.18737640171625575,0.7088678760702596,-0.763516831972752,-0.3928714451523102
41.7580209829144,-72.57673202313359,0.04132418282470006,0.11585841500324741,0.04928039849338246,0.37803993774850264,0.1512396802659412,0.7693514943529988,-0.5308410552181706,-0.42850744627837173
41.75735174429963,-72.57264529727487,0.042512561036173444,0.11202322311114134,0.06102771721320878,0.4130094811569073,0.17866514288764238,0.7425192899500689,-0.5732714469003846,-0.3960696111442835
41.75727605512971,-72.56857840193518,0.0450328235066722,0.05758110253382628,0.04131885221465344,0.603272655708764,0.20668434251067005,0.8717983352037505,-0.8257372321315026,-0.4896411958535236
41.75745926163168,-72.56470889745164,0.07285066679004619,0.07535909647977887,0.038651698867349135,0.5672709170011332,0.12775451714215752,0.8724203459151338,-0.7654666140736757,-0.6323745553293842
41.7573878635764,-72.56014682883627,0.06085924627232546,0.08626459867797852,0.05121803529021485,0.37026507420476545,0.24882635818466683,0.7569628099613096,-0.622085468691386,-0.1961563505270882
41.75730452598731,-72.55655363956757,0.041795788124730886,0.11355589846799921,0.07582130356341182,0.4734790458486209,0.2442049944137417,0.7239349887740999,-0.6131204809274445,-0.3194637731543589
41.75740240581447,-72.55255937106061,0.03302136678440796,0.07737914871541945,0.03324029270258938,0.619721627774575,0.23887063532507824,0.8981861218544002,-0.7779972384910117,-0.44357608240559343
41.757823018849905,-72.54800839312962,0.043838886259873464,0.08146803562399843,0.04936681094954074,0.355754754467434,0.2053132810552275,0.7562864326971606,-0.6273385675666096,-0.2681341011916017
41.757095666167324,-72.54430197018489,0.053842702005272525,0.07412962732588715,0.060691030975066014,0.4025676475418767,0.20132024573722224,0.7379821089618449,-0.6889865697409294,-0.3332529167158579
41.757585629038005,-72.5402667375998,0.04591916088176646,0.1107460685556479,0.06033190491802931,0.4935958946029376,0.2139130656169357,0.7821668998371125,-0.6334986636478626,-0.3953064126553035
41.757506438518966,-72.53597567637918,0.0701980855931518,0.11459852260739274,0.033196633979448734,0.38273743424353873,0.21125677628697245,0.8403754993127824,-0.5391504634693373,-0.2886907901062076
41.757201253522986,-72.53222204396809,0.05696243244701857,0.09923369976007411,0.06026858771285576,0.38785084765162525,0.13162668378732773,0.7310155152550529,-0.5925401440575834,-0.4932343525129113
41.75739812244896,-72.52826880402692,0.05788895873542469,0.07507540483124944,0.08452237017126213,0.4549306821683133,0.18618904252146878,0.6866367895975611,-0.7166998392178413,-0.4191754352541255
41.75786968069721,-72.52372947981851,0.06501514785718579,0.10559707950015303,0.0495114788056658,0.4677343691478718,0.14188442249853578,0.8085572692306532,-0.6316368838682688,-0.5345142753380481
41.75711942459936,-72.5196343394143,0.062450665183740366,0.09936801761956304,0.03946418841905878,0.4486372655742322,0.12560645367912282,0.838295140913056,-0.637346497681765,-0.5625325990767849
41.76130137546445,-72.77980582444157,0.07950041101864683,0.058835779666627376,0.053547260596067736,0.5935305419130874,0.23397041261547136,0.8344951398782988,-0.8196234915249591,-0.4345132502021868
41.76146948356458,-72.77601160900169,0.13901897195379048,0.14284761969329174,0.1444120983296036,0.19314048466270142,0.3352168795596434,0.14435791277653662,-0.14968644519665,0.2689020812760982
41.762270830324766,-72.77197190859253,0.0496043588600705,0.0846864596485754,0.05341553814530475,0.45456875146321096,0.13504526547047588,0.7896961018756304,-0.6859132451442548,-0.541919759055985
41.76134287766468,-72.76770571977079,0.05119372014389679,0.07917011384206818,0.06603725270934736,0.5143947968193195,0.2038788778073691,0.7724548368306949,-0.7332385644095712,-0.4323086449929216
41.761945825710484,-72.76387603420326,0.03086739095863362,0.08182490584562681,0.05576580466981723,0.5482682711484592,0.14172520305902195,0.8153554347268501,-0.7402768071986445,-0.589198424747985
41.76155039588703,-72.75971476873724,0.06596434311857272,0.05500836340015028,0.05056697333586975,0.455657272137706,0.21304741054071694,0.8002190776596879,-0.7845621104219674,-0.36280568669751495
41.761901162333224,-72.75582990328996,0.143701912673805,0.10997125014635281,0.22621866465165674,0.19496664570562794,0.3916814494554323,-0.07420016362754489,-0.2787301831469729,0.3353199394533066
41.76144833202384,-72.75126266079869,0.07003713722439875,0.11091587371989325,0.06118280321606541,0.4796841050838817,0.2175955170519237,0.7737602272308536,-0.6243959441226301,-0.37587300662704926
41.76166196039414,-72.74746975888483,0.06209628808046597,0.11001519357896494,0.03910563804284517,0.45479690498104003,0.12736045490378442,0.8416463385532558,-0.6104361296103609,-0.5624535093776647
41.76158216590333,-72.74317940177713,0.11876984360119454,0.08365857334218271,0.2636239985170653,0.3276008450820812,0.31537002219315446,0.10821068711448217,-0.5931591127433888,-0.01902235935005607
41.762136993745536,-72.73915651543645,0.06576307655358857,0.058397717770755635,0.08884135710712665,0.3560832199357406,0.20170641213706056,0.6006453152235417,-0.7182127694755003,-0.27676528734498096
41.76122211924882,-72.73502460207342,0.07729907945588045,0.12662917405631322,0.2790415144643061,0.22977292315871722,0.33475619536643497,-0.09683017552676362,-0.2894027557873028,0.18596608883876428
41.76215905007044,-72.73133799702813,0.05774721903557431,0.11654364605736266,0.04995514850016345,0.4686395069537489,0.23554573088547728,0.8073441445074707,-0.6016848897386159,-0.3310120172122803
41.761650075405996,-72.72691157833226,0.14285782377925657,0.17303869704377797,0.22097582090670492,0.29225342362673745,0.28580079633689853,0.1388806337114097,-0.25621479773000133,-0.011162667907250704
41.76177633174301,-72.72320928655947,0.08042938025317331,0.1454047316053395,0.1418158323798076,0.19541411145660945,0.2841679314436088,0.1589368917452989,-0.14673302509327507,0.18506493581425745
41.76111587550508,-72.71914942170879,0.0946127875558568,0.11818262774610423,0.16979046923888538,0.2612952960146002,0.4190830950829493,0.21226594369662954,-0.3771304186821198,0.23191183190549944
41.76163535719108,-72.71498547839836,0.17076245775194832,0.14717104830076758,0.1823363893109799,0.20585928805309894,0.30875068218495666,0.06059546799141073,-0.16624135013004696,0.19994053765468392
41.761597477464555,-72.71100730856135,0.08553680843335439,0.1642153768140972,0.21237982506881464,0.21958853551765875,0.2547421641867255,0.016688051965326835,-0.14427460722624838,0.07411206715267525
41.761498092671346,-72.70712123587896,0.17855393192994307,0.1660391721780839,0.1937767746277596,0.22253230703395696,0.38897699343284026,0.06907255611964636,-0.14538672516683898,0.27218668018920944
41.76182039213747,-72.70268150879743,0.10226065244772703,0.09142643109717746,0.16627496277071435,0.2801279767737642,0.36800645228601897,0.25504539490539313,-0.5078705612937626,0.13558680355823055
41.761779571945716,-72.69895406495277,0.07586528682048588,0.11319472284431693,0.07097834917277697,0.41641437376593404,0.24606932321156819,0.7087426798462791,-0.5725348240095695,-0.25713093217469885
41.762348218955545,-72.6946485437326,0.07112881206485,0.11021821573126002,0.06368580694807607,0.4911543378042013,0.21069889767999328,0.7704354756935974,-0.633444476029747,-0.39959271532135543
41.76179114129453,-72.69062006239423,0.15602754682006675,0.09271304710866948,0.10679965335368913,0.2847429724938268,0.3878393938254838,0.45446729779412753,-0.5087478154074386,0.15328445480343098
41.76142845224477,-72.68659857292577,0.08505604799863534,0.0781278693714867,0.05293995305230277,0.03212806419554244,0.04606957189491304,-0.24464998162734888,0.41720933910535596,0.17828553900585556
41.76165776787894,-72.68259988627824,0.06279196857462936,0.058594633066830104,0.0734667468155871,0.03056885988682767,0.023918460450617525,-0.4123385087902191,0.31431892416517004,-0.12205407414098518
41.761351164284804,-72.67824008808131,0.11661810231870426,0.08985947493487415,0.05656946102433859,0.059397855897690074,0.012021269160483208,0.024389586207751748,0.2040879256467188,-0.6633599431331179
41.76155520617028,-72.67435994095676,0.04009576220699373,0.08832302562203212,0.0762473543474636,0.6037518656974559,0.16409820002453734,0.7757428182272715,-0.7447587631632229,-0.5725774930546128
41.76192010596219,-72.67030538230222,0.06277106445938883,0.1034853274442224,0.08999683544727202,0.3608627397451497,0.14629965567808254,0.6007766479890667,-0.5542769109792864,-0.423065838483573
41.76172383534555,-72.6666974185056,0.11271219339677624,0.0769233961440653,0.06342401989172067,0.042589948551813146,0.025983165765555753,-0.19652194560572805,0.2872771043235324,-0.24217629535386373
41.76184775145847,-72.66227508561899,0.054925578255882235,0.0631792323109502,0.05899331174806087,0.5321688482420385,0.1677246366033011,0.8004158055412448,-0.7877569967059733,-0.5207138222172066
41.76180148272572,-72.65864588928865,0.053145890323307646,0.07900870992955715,0.03622298372000976,0.44787280729138057,0.17161627907320062,0.8503478675394743,-0.7000892711276249,-0.4459425263475871
41.761775683099124,-72.65398323238688,0.07342138731623346,0.08366551914350845,0.043449178236236854,0.0583800986077012,0.04452565664603522,0.14662699013710212,0.17800915604516718,-0.1346323335123954
41.76167027204173,-72.6503190430721,0.09091414089143209,0.09357307052773761,0.06101648957354017,0.046896058472721054,0.057292927394877374,-0.13085068749155845,0.33229373875354595,0.09978856052374369
41.76164848884965,-72.64570447011869,0.08518431482187507,0.05917203031404287,0.03779333928888206,0.07530834564456784,0.021685233213913004,0.3316927274581273,-0.11999011168359078,-0.5528521894103322
41.7613988969927,-72.64159391245965,0.040751954144661644,0.07998594718417858,0.08630906632829578,0.41432937082426247,0.2398058626543677,0.6552039958450292,-0.6763768215541615,-0.26680034836496275
41.761746540648076,-72.63761647886335,0.14217142559566773,0.19884969075363634,0.21659451640436678,0.28797575385701657,0.28480346079554086,0.14146936841061217,-0.18307601644499158,-0.00553842210108827
41.76152838461069,-72.63406307205972,0.09539589124091997,0.09133788948854206,0.12365322181126082,0.17036205549672526,0.25627293938037843,0.1588653287445881,-0.3019647788333771,0.20136858184453582
41.761231710022415,-72.62963510756312,0.10544814973472567,0.1761583473642323,0.15488139108358379,0.2640832494957095,0.30783160688538647,0.26064695641411334,-0.19971966020159965,0.076494528689993
41.76143761691519,-72.62560277429094,0.09876758170234691,0.15441961724022008,0.19760800399712064,0.2604971399350638,0.31482077784704116,0.13728100801953216,-0.2556597699668965,0.09442368511900201
41.76167477775992,-72.62155461383034,0.08544975945225909,0.09790771666309463,0.14890895619637007,0.1757554561646347,0.31867566410554626,0.0826899991071801,-0.284465530005914,0.28905989546696226
41.76195268537847,-72.6177942678764,0.14126564571045158,0.1450522938075327,0.18342102320097214,0.34828708046721435,0.35979304352615793,0.3100687315631495,-0.4119573609109448,0.01624952130283391
41.76181330373538,-72.61336550006114,0.059586026254297805,0.09783309992562825,0.07686748591849807,0.5970633971241205,0.24337735687655895,0.7718831771843968,-0.718423965753207,-0.4208339952149389
41.76206846765494,-72.60933949224275,0.030130717850761053,0.09463322263722054,0.04070816459004381,0.42970201670379454,0.15867502596562655,0.8269248149430857,-0.6390354279595791,-0.46063488389781415
41.76159627432886,-72.60551012867663,0.03145604784799183,0.09553909960034665,0.08335725472156999,0.6194029381546217,0.17831239593167267,0.7627718372026363,-0.7327360973195683,-0.5529422882765259
41.76138434519872,-72.6010566824394,0.15768150829505267,0.15148374547182022,0.20062954645878628,0.197397096718362,0.20400310585614972,-0.008121189362154384,-0.13160181269429938,0.01645741356236972
41.7615311049692,-72.59732671232295,0.07213322471810184,0.09496138357854059,0.0559137807897417,0.4110219062273223,0.1824548871455608,0.7605075716232487,-0.6246461672085034,-0.3851321932619398
41.76157156364724,-72.59330798375397,0.060286453623288,0.10670499576883419,0.05697175633453657,0.4252351039174328,0.2287313967006482,0.763704082083084,-0.5988082273482758,-0.3004797753876747
41.76150129814609,-72.58933838988274,0.05640422857031728,0.1113185030420811,0.04366701044829215,0.45845684684528853,0.22351023431642708,0.8260707599768119,-0.6092547595676576,-0.3445131283003209
41.76160991946062,-72.58477788639225,0.04762976103654201,0.05878525893212569,0.03474896913211374,0.5776177540635082,0.22122002093133264,0.8865092833562965,-0.815257760470317,-0.44614531797081997
41.76149634019406,-72.58124170078155,0.0423617213018859,0.0649091344985573,0.07398333910153189,0.4082020327763677,0.14809280782979126,0.6931332080299352,-0.7256072610907593,-0.467574397531985
41.76156143460297,-72.57649985633891,0.06444897741280536,0.09574433282636588,0.06411594936936471,0.6108402361870255,0.18145600658302147,0.8100144846690703,-0.7289939887590404,-0.541949092302621
41.76195896419458,-72.57270696535274,0.0342080970343918,0.10670619226832624,0.0650633125013891,0.5264519280178673,0.14342956663110074,0.7800113740289301,-0.6629398286162894,-0.5717762984145104
41.7615246957313,-72.56872866194558,0.04077155965431577,0.05000874345760356,0.0454505227270485,0.4816364612776312,0.2267661456292498,0.8275407129892437,-0.8118717407316464,-0.3597817302807921
41.76156243219645,-72.56436547069553,0.052778221581394676,0.07735706560699261,0.043885092995742794,0.4088768708255581,0.21569428661104784,0.8061449657769236,-0.6818113265620512,-0.3093043633448897
41.76147534924932,-72.56087233876379,0.07429476297700649,0.09038445726697569,0.032795256544099934,0.5401488630490421,0.18586870780790513,0.8855202264144416,-0.7133079113989542,-0.4879773843806096
41.76150052249712,-72.55682794652249,0.03022232939888943,0.06440173610224445,0.0454778220338967,0.5396027180736455,0.18621084309711225,0.8445416693382503,-0.7867507908029756,-0.48689070290516784
41.761119994868636,-72.55253485068738,0.04636923053483005,0.05725624526960826,0.042157325920124174,0.45821062169333404,0.19168906006363123,0.8314946985665382,-0.7778470394927459,-0.4100964642868843
41.76190566816542,-72.54866953129039,0.0633042469723342,0.06067821380453112,0.07282518731534005,0.3530620368288743,0.20526959349085006,0.6580071756710885,-0.7066845021163045,-0.26470369098270874
41.76176671871458,-72.5445241033521,0.057945381665728865,0.07627880821360987,0.058278309033050174,0.4333999982901896,0.24395071643868227,0.762941304649681,-0.7006789089903378,-0.2796915655833324
41.76152636752723,-72.54007511055023,0.07271777777704226,0.09649265685825748,0.04936661681890324,0.4991579045090412,0.13078884641025457,0.8200021515924588,-0.6760091801583755,-0.584762216109881
41.761720559560985,-72.5364683984836,0.06789668535367221,0.1093531990193882,0.04197699129884634,0.372014694474406,0.17077240756182863,0.7972085298261878,-0.5456564490593806,-0.37075731195090766
41.761766097129694,-72.53218138983958,0.061428058549904005,0.08539558958033525,0.08619756207990538,0.4605356032962901,0.1307242424833157,0.6846814221683637,-0.6871562178729225,-0.557811194464088
41.761406453040294,-72.52787145668444,0.042801254930354304,0.06882919162639436,0.050374349041341054,0.5514582805754449,0.24221732045821498,0.8325968165819899,-0.7780732492240385,-0.3896314309202444
41.76141260607394,-72.52400961686514,0.05103184760835515,0.07462877850857383,0.08940149484739054,0.4752444297998579,0.20830683586554233,0.6833360839246563,-0.728560048458613,-0.390515835962159
41.76171652173677,-72.51998575218708,0.04246892374599269,0.09251870667332962,0.054112580163906965,0.46403446474847787,0.24731219557815265,0.7911304109702796,-0.6675296757829078,-0.3046647735308301
41.76617629791202,-72.7801640122976,0.08606897788169399,0.14034844240858338,0.24016251330443436,0.29456277725103214,0.2724424795386536,0.10173497477571597,-0.35458808113330587,-0.03901250905083486
41.76594103762037,-72.77592233022574,0.13935864471638368,0.14402895622919548,0.2594013804161579,0.3209369181651165,0.2804931124384083,0.10603390797986556,-0.3804751524321441,-0.0672460696485733
41.76613783545793,-72.77218124452232,0.051117608131112297,0.09537973946177952,0.05355983011689805,0.5492136082948424,0.23855911227037244,0.8222886852545332,-0.7040622904541923,-0.3943453332600553
41.76554673044097,-72.7680182086144,0.06774647253948993,0.09417069201596813,0.08430643721129728,0.43472615104219453,0.23024270544901418,0.6751401005667774,-0.6438976966795312,-0.30750830448235245
41.766070805244844,-72.7637468141587,0.06513618010043037,0.061092305890698764,0.07765974238458889,0.5004156608343756,0.18199271812016266,0.7313162194684392,-0.7823991483254918,-0.46661640233967017
41.76593960489918,-72.75951418203886,0.14002572824483894,0.15687109276653383,0.21344249234825546,0.349145791552598,0.3284407307441889,0.241212451605654,-0.37997684414182803,-0.030557072974571615
41.7656682662441,-72.75572288171091,0.06684419529910218,0.07343371951477239,0.07372264470880066,0.6072308248800027,0.17710996678123864,0.7834722987656753,-0.7842293384619665,-0.5483851696502536
41.76594135263679,-72.75152281943737,0.1408303169145067,0.13256531170387184,0.19835715264138482,0.2824995889039837,0.31360987966563747,0.1749844163402669,-0.3612309231171695,0.05218888878967762
41.76579104894105,-72.74761561448452,0.150541835372401,0.0935370459787843,0.17196233546985334,0.21461407703089277,0.293970134882224,0.11033198141895713,-0.392914456613245,0.1560332703856877
41.76577328774639,-72.74404472257727,0.12987358842555435,0.10677103248690234,0.19555039949722605,0.21599783310915743,0.3606492094846582,0.04968417306140613,-0.3384056278803258,0.25084907350750385
41.765900436058345,-72.73972627913551,0.046263690050571696,0.08904930169363312,0.07209539706513457,0.4038025263376023,0.1778193118662416,0.6970131890904572,-0.6386366180304014,-0.38853976867381523
41.765894803512424,-72.73510032258152,0.15024800793756318,0.1073991888573138,0.2677762118918283,0.2053871720429121,0.3335326225230543,-0.1318551730062042,-0.31327447559919336,0.23778204432692554
41.76586426082279,-72.73095386518862,0.1290078302945821,0.10331679332592454,0.21165030593136763,0.35629537011035,0.2695116004614969,0.2546811610347707,-0.5504174974244368,-0.1386749808324318
41.76564586265385,-72.72762994912753,0.11169551744847123,0.15446505696606272,0.16743110172509734,0.20625169875189178,0.34096868859236396,0.10388649672193025,-0.14356594465027067,0.24618415716248135
41.76588351228051,-72.72353054240905,0.09622122594338736,0.13124916144862686,0.24908990618099464,0.30450926024957303,0.36532519845142086,0.1001073654534288,-0.39760585263213494,0.09079248971423153
41.76576542382131,-72.71923547169776,0.1336062107902265,0.16907785384932922,0.19069427511476225,0.2472092262447496,0.32024828534995936,0.12905800240128584,-0.18768627740683927,0.12871282450724858
41.7654316441001,-72.71543069578037,0.09557319663527122,0.12796784410272716,0.1329980612526443,0.24610920195250502,0.28851374874149177,0.29836184024427936,-0.31582092270995527,0.079316734782787
41.7658238170874,-72.71091415853468,0.09524500680752596,0.11842358905331252,0.16782448195941896,0.2572968486277917,0.32363284527668196,0.21046313188939855,-0.3696185930996625,0.11418937152797422
41.76601356956992,-72.70693198536887,0.08951171892733968,0.09276644511992563,0.22650681055959104,0.15542558949854648,0.2662263424732365,-0.18610942944412312,-0.2524623502722087,0.26277776662032426
41.766166709034145,-72.7026678604353,0.12360725312453263,0.16139257462984347,0.22154802705895332,0.15590036982971295,0.29117931570681976,-0.1739248537558475,0.01730957115824105,0.30258352202865324
41.76614711681702,-72.69857861951839,0.07724431985692726,0.0740582181906503,0.07290559147112959,0.5883405958578283,0.14220167238358702,0.7794903233676856,-0.7763938684068048,-0.6106955652931638
41.76549609634968,-72.69489037062175,0.0647369721133267,0.10105284858535421,0.04715602647725482,0.04437359683835011,0.0269930547843778,-0.03039922527934551,0.38974514973440627,-0.24353870692788934
41.765490229077244,-72.69071569889594,0.17285946300948413,0.17777244448891816,0.13039650565394012,0.18764452289410458,0.3201182188721623,0.18000198748419124,-0.02701592779308111,0.26089684232687943
41.76537843569382,-72.68637907756714,0.08567695889350369,0.09316667941618118,0.05289324381719033,0.027694401013087427,0.015374459213476417,-0.31268866160778275,0.5417151507379584,-0.2860521902553707
41.76567000174432,-72.68273872115283,0.07617657868852401,0.09172480493649751,0.03141313505881853,0.04814140588883438,0.012613207450711629,0.21027424243479825,0.3116077771070174,-0.5847819035496513
41.76579252104841,-72.6787380276897,0.10602095210868069,0.05601320226475667,0.06676113459970136,0.05505171602553986,0.035230263656801,-0.0961262995986004,0.008656975163874165,-0.21955048436555202
41.76583810421418,-72.6743099661481,0.15782238655868774,0.11964057683330573,0.18500791125968083,0.16369531611924423,0.34403811885521607,-0.061119580970430354,-0.15548591047487342,0.3551918985698535
41.76593905909095,-72.6702981435563,0.11246169031218775,0.05294169791516146,0.057927639608716504,0.05820650120630183,0.05661954905913731,0.002401202571683939,-0.04736741875041057,-0.01382048884809693
41.765647515991766,-72.66621350031036,0.10156196767632326,0.1921136022365017,0.21968933610216518,0.2917849376251541,0.3015200476405606,0.14095645710115431,-0.2059756894847171,0.01640827273859258
41.76584978175804,-72.66223278136232,0.04033833648397342,0.0759566021216838,0.0871832229927135,0.5783124425187514,0.15814519687787598,0.7379901101964079,-0.7678123311995388,-0.5705246617919727
41.76558113916808,-72.65818527547648,0.14426065009168365,0.1622612851945962,0.20900521070444766,0.27944829014836065,0.27361247383068177,0.144216551464825,-0.2653032931486189,-0.010551853788528775
41.76598364580485,-72.65395532008176,0.08494699140870761,0.10724400826999997,0.13524509299870496,0.1604067727414703,0.43616021716333,0.08510577019283189,-0.19862734668871385,0.46223382970932436
41.76570844242879,-72.65073597191717,0.09399856061587464,0.07468974649952509,0.07648962029621426,0.03334986532199651,0.018975037041935396,-0.392752703924402,0.3826363356971413,-0.27472250554966793
41.765543754146826,-72.64580506429398,0.14177258244112198,0.16817470571876642,0.2263491789071157,0.16332211203837368,0.2917110759289882,-0.1617441888413555,0.014638432167236726,0.2821529666091596
41.76582090631535,-72.64203988947341,0.06927202803138341,0.0897232148919491,0.06392492889713243,0.5875637236940471,0.15134272951825967,0.8037573528168681,-0.7350510993781498,-0.5903602442222141
41.76535395293066,-72.63779369939753,0.07591503868005708,0.09087766188748111,0.03761895159291371,0.030314521749748934,0.05507550289313687,-0.1075232795226083,0.4997281039098901,0.2899751024424944
41.76565096963291,-72.63364753925542,0.08175057291151082,0.07379951313212785,0.06999287724540978,0.03079614749464089,0.04251634707605178,-0.3888987898420772,0.4111390986948963,0.1598663317902723
41.76600138765116,-72.62938695654215,0.14874960489700878,0.12505305480060297,0.2126585335564092,0.2870457040371041,0.4183008700034001,0.14886239676279367,-0.39309181540218413,0.18608606151500032
41.765906360586456,-72.62528990316675,0.16928006424077996,0.13982416822641075,0.19200616406254206,0.2723462722257015,0.29831419752224275,0.17301536911349139,-0.321522581420265,0.04550503613472832
41.76517897254223,-72.62160708324421,0.1384706721385342,0.17693929799261773,0.14550142770473656,0.17877083502809155,0.3922502548580068,0.10259714180600779,-0.005148959406695286,0.37385557838590167
41.76591401848605,-72.61758447427167,0.07446320509440973,0.10355691678329317,0.07211399447585326,0.4345244798814021,0.12288508365446003,0.7153236553250703,-0.61508828431835,-0.55908512629402
41.76553714503543,-72.61363609403497,0.07635692885963268,0.06070782244372464,0.08605394277543323,0.48602781170289977,0.22897630588792178,0.6991550871818883,-0.7779262274042891,-0.3595105251716634
41.76576256316465,-72.60946357385727,0.15317494804760506,0.0979298426842421,0.15273118235879674,0.350813591901638,0.2215522165729431,0.3933759611223619,-0.563537490973585,-0.22583699692542947
41.765852391859724,-72.60497886877423,0.059857437145086095,0.08859575735078411,0.06438157192521557,0.4778860660684846,0.21650671427560864,0.7625468775403356,-0.6872070605336548,-0.3764142704124233
41.76581071133578,-72.60135830694297,0.04615247711716074,0.10342882624140967,0.05088093006742368,0.5327190082473157,0.17796538241155074,0.8256307901116219,-0.6748277031406202,-0.4991718271831992
41.76544568230201,-72.59700053870128,0.05570293437771029,0.08326212405926939,0.04601847501631818,0.4892942370913416,0.1541135954782485,0.8280688129555827,-0.7091565836699619,-0.5209458521424519
41.76553904194227,-72.5930935866315,0.036455381591747694,0.0667977269548452,0.06207488804803537,0.5973976292740332,0.15907299481472134,0.8117438212585295,-0.7988612045284248,-0.5794337816981567
41.76565679463119,-72.5888933068013,0.07838772391460733,0.10916537721229477,0.03898007706448149,0.5157133875170713,0.2229423464347245,0.8594536278018451,-0.6506030181404096,-0.39635655370334244
41.76564544426187,-72.5846139654997,0.0665915692837021,0.09085106274150886,0.04208669897113216,0.3651344829718573,0.16803495840654384,0.793298085476191,-0.6015177954846047,-0.3696752087961994
41.76567269522057,-72.5809997710652,0.07144395007853799,0.10910059038825069,0.032044435280401073,0.3687745762275634,0.2070827213868618,0.8401052127749966,-0.5433929276514939,-0.28078458936013184
41.765569868368104,-72.57661861041107,0.03390746273478554,0.1024654996670006,0.06648755847791785,0.45649953945745736,0.2100544064918595,0.7457392018258406,-0.6333742094943944,-0.3697302138307902
41.76562065647104,-72.57270846211068,0.06138397188376677,0.06527171079108919,0.05844826559648303,0.4644749047985098,0.17069735681848885,0.7764556290273624,-0.7535738450412075,-0.46251633727224273
41.76594550676277,-72.56895482052651,0.048976029246385014,0.11210373826555359,0.051280096376789444,0.5767226030633714,0.19078062309820942,0.8366882931474544,-0.6745079810703047,-0.5028538862244606
41.765746768496534,-72.56487672805606,0.06933273123017111,0.08378835531921372,0.0555252257030122,0.505903122000527,0.19607123920574338,0.8022001349588704,-0.7158230751441496,-0.44137207840806264
41.76569255523003,-72.56056408681874,0.05264991714412463,0.09237227569956587,0.08921093411583988,0.4203852499738078,0.15015386398849823,0.6498759727755496,-0.6397038714224276,-0.4736421734674672
41.76554424012141,-72.55687526981002,0.05245473187092038,0.07720244380519924,0.04224542244893212,0.5906073618989014,0.17761249457891015,0.8664921021325146,-0.7687891278451613,-0.5375998340026241
41.76548967099939,-72.55221499447198,0.03539861083424505,0.05471481791647971,0.05204076485029761,0.4776793825918161,0.15179515942840077,0.8035160070781167,-0.7944574983565129,-0.5177083446735308
41.76588648768543,-72.5484211346561,0.047554423263069745,0.05834199343815933,0.037703068702433375,0.35121664634120087,0.2105294735884639,0.806113872637167,-0.7150982166090323,-0.25044618513849665
41.765643134892414,-72.54474658124396,0.034810102596395484,0.11927546145747528,0.0885351102525908,0.4764233246275219,0.13402299839281848,0.6865783222747053,-0.5995443863790031,-0.5609016113662371
41.76553169124149,-72.53987816252331,0.06893498020693464,0.09369419981996867,0.06664991414226462,0.6140378908355197,0.12950551378657002,0.8041689195696994,-0.7352269282202796,-0.6516531167339398
41.76563137264764,-72.53647644898413,0.037255654015987946,0.07683075408503207,0.046889955363285024,0.41573007343890617,0.12334385364409546,0.79728523434365,-0.6880354677360203,-0.5423861275891234
41.765890165405175,-72.53223972488564,0.05757951063185056,0.07131557445482525,0.08648765130325575,0.5096637419052124,0.24495691604919467,0.7098466856286892,-0.7544987491064813,-0.35078131385055566
41.76589449148846,-72.52811323619478,0.06906327824812203,0.10791651981924495,0.03352220383202016,0.5188496916848261,0.2059323227152156,0.878624513288628,-0.6556402759482703,-0.43173997526502705
41.7657971437403,-72.52394814024596,0.042159944033997185,0.05115161922431614,0.08201466542256707,0.4827576962311453,0.22162088311839245,0.709565584327039,-0.8083883620547797,-0.3707336094091633
41.766217267055026,-72.51963226888687,0.051897670195059656,0.07992854247300243,0.04690533402307021,0.518789747618868,0.18319462507218695,0.8341674320839885,-0.7330011666731018,-0.4780663724182037
41.770019719824575,-72.77998125259202,0.07312177260597272,0.10796328593752792,0.051060011226944646,0.5363949637282398,0.18401237781582952,0.826165362780901,-0.6648967061614278,-0.4891435242138688
41.76983568274186,-72.77607313096998,0.03289080520323736,0.062243698711165696,0.07690593646650618,0.4530226801866769,0.12456370514984672,0.7097498264871474,-0.7584018625693945,-0.5686750646753171
41.76968944868394,-72.77223968265632,0.10271365376265079,0.15451857543788688,0.25728969396721335,0.24140459055702826,0.37608262558797356,-0.031853389748269546,-0.21945170826467186,0.21810659639521907
41.76959207766925,-72.7681405205238,0.07472751899152982,0.08645273774854469,0.13676032433306184,0.33043066621495176,0.3196089671994118,0.41454211617975595,-0.5852426029599647,-0.016647752628095147
41.769653175518556,-72.76373010343879,0.03922419805702465,0.08784067144435959,0.0531181529281996,0.6014875423778999,0.24140975805163295,0.8377094690465196,-0.7451412268263577,-0.42719057724206094
41.76940558421897,-72.75971618718542,0.1206281571512216,0.09243297079951493,0.2246424510145379,0.323835351286356,0.27594972744768864,0.18085125752710238,-0.5558971658648232,-0.07983797119417951
41.77020747091746,-72.75548701474555,0.035476892658616,0.0645863974667773,0.047908708548002096,0.5729633645791459,0.21108526966530614,0.8456728507478193,-0.7973918231589737,-0.4615505711103793
41.76966153267521,-72.75156171056932,0.10634510419007312,0.082621353246726,0.274226700531204,0.20722192432930117,0.31230266081030206,-0.13917326323513082,-0.4298894634528548,0.2022632604629563
41.7700441475324,-72.74754407198992,0.10574983631724039,0.1458449621459032,0.2654517735274377,0.32666564132866915,0.29127749788188123,0.10338129949464045,-0.38268068029185853,-0.05726763710330669
41.769826649521804,-72.74331059164388,0.07205304150824438,0.10057953415650221,0.252419463149655,0.20757837377109614,0.2627614426886376,-0.09748108747364424,-0.34722081394624893,0.1173259566517387
41.76960589300708,-72.73963804805032,0.05334563635615961,0.06596764986375567,0.08954482103867598,0.3941304246767423,0.2304918236396329,0.6297316357126046,-0.7132452687195534,-0.26198010313943443
41.76978347886194,-72.7356876512792,0.05501480280254277,0.07474641200284471,0.04407613794677962,0.6089135670347522,0.1802393662823148,0.865002043338413,-0.7813345396989103,-0.5432080179320629
41.7695827704065,-72.73093046126816,0.05980138454712258,0.06889129498317759,0.04109627133667562,0.37556505406159396,0.1299151871399313,0.8027353688399402,-0.6899974761020325,-0.4859732327771182
41.76991165986724,-72.7274032001518,0.039156056373956236,0.07481126550166936,0.052494517168940005,0.48504125403894405,0.23318266296732895,0.8046845624767229,-0.7327465255919337,-0.35066862173209334
41.76982461649991,-72.72319205464676,0.07139683655202911,0.050013846547869716,0.06201837433309463,0.4200584177599645,0.17365991140147308,0.7427033395910801,-0.7872078386861925,-0.4150090948118486
41.76969459013165,-72.71910989701566,0.1691950122211263,0.14901099698664882,0.217487074097638,0.25627878517141617,0.3137352149045412,0.08187949873304005,-0.2646693622859023,0.10079827815714819
41.7701894883321,-72.7149661176342,0.16285742782003215,0.110635759316806,0.22173359669400172,0.23286791908030657,0.3684691703332976,0.024492488476067033,-0.3558394493295418,0.225499563622831
41.76973415135989,-72.71076269882711,0.14676754164228273,0.16205387806109456,0.12783912155309535,0.23319042573969184,0.31447155254457293,0.2918079835198609,-0.1799812090763286,0.14841477047488588
41.76975317554509,-72.70708228590904,0.09796799337124926,0.17082073092929398,0.15941174817233372,0.22823064836578194,0.3812550016342107,0.17753192325721645,-0.14386597920774652,0.25107129801732103
41.76967978227685,-72.70339545304675,0.10067517286431174,0.10214303571110926,0.18699334470766477,0.17775759146650916,0.2640670223954636,-0.0253207115464274,-0.27014786111006694,0.19534771993467467
41.76949688643431,-72.69925103597089,0.0694356196012251,0.06791219373790808,0.07603670759410715,0.07779848378844816,0.0214421680575759,0.011452361312827614,-0.06784876865836986,-0.567875307976729
41.76977411319598,-72.69474044540841,0.120661962924096,0.1172068727389127,0.19152104184068597,0.14256898101682958,0.33762935827082197,-0.1465235639339452,-0.09763073785050068,0.4062079380435884
41.769691175288244,-72.69081710365037,0.09652658322422425,0.11480109456335069,0.14405777074146023,0.17174001629156674,0.3472215383221926,0.08765813658856142,-0.19871117815637135,0.3381397339948027
41.76962902169214,-72.68667953829315,0.11010167129578852,0.15850457172979662,0.21607980605565144,0.17544229841536196,0.370179153305136,-0.10379364836934284,-0.05071982461821824,0.35690835518969044
41.76939417870521,-72.6825258488488,0.045551787560047644,0.05026035975471805,0.0898384860267395,0.41481621837006466,0.2465032580807751,0.6439605724705559,-0.783862004156946,-0.2545108170601435
41.769568732536676,-72.6787085634794,0.07998456721506292,0.10371309364927589,0.0614288733656144,0.5268346867315392,0.1452552764524579,0.7911518661619318,-0.6710381136013546,-0.5677504964831871
41.76981059849041,-72.674722125867,0.07368315521170524,0.08084215387917187,0.06289720711123332,0.05934763094600226,0.05468822152665642,-0.029036613910594214,0.15332445912499754,-0.04085916243282333
41.77008196493822,-72.67015709940561,0.07717255795849634,0.06224022763371146,0.03908564295062791,0.4357437185344675,0.19456872297397748,0.8353697301768279,-0.7500311883038426,-0.3826276933124106
41.77001509501169,-72.66639083286925,0.10964848515130211,0.12542953983752167,0.14321797985683654,0.2616588163535154,0.2485983160624577,0.29253550118279303,-0.3519332843191011,-0.025595919118697387
41.76984550893344,-72.66211237238079,0.11902334030190741,0.08957282955599385,0.05950695904594056,0.07448397280331016,0.022747699318174136,0.11177632359643414,0.09197336858752915,-0.5320928084060419
41.769816556877004,-72.6581083607524,0.08706489688085411,0.07737799103490856,0.04594159120340347,0.049179474894983206,0.02900759402749508,0.034039606833576604,0.22281195291588965,-0.25799510258516467
41.77033853136281,-72.65435532353624,0.06247853189999043,0.056947185516278385,0.0348257235356012,0.02370461282052966,0.012952838792027384,-0.19000592525907528,0.4121739797657729,-0.2933039138165089
41.76995927324513,-72.6497661084936,0.10698878851670311,0.08688239039231437,0.06617467766068172,0.06430887265041837,0.05446564351538336,-0.014299158827414445,0.14930437968175322,-0.0828732412708336
41.7701180910842,-72.64613603098519,0.04065143950213046,0.05591797342983408,0.05514261362291393,0.37475513135523686,0.14200952410206305,0.7434617219231214,-0.7403228908025722,-0.45038994984517766
41.76998951506408,-72.6422908819935,0.08273587635986464,0.06445355636306488,0.05017247385691158,0.038080311212400644,0.043693841146418035,-0.13701734891441622,0.2572149649115047,0.0686467517191209
41.769740963220045,-72.63771982891424,0.1477363266414275,0.19293891636899843,0.21797342423456448,0.17291393793454826,0.3959554810214926,-0.11527486089591653,0.054735061374799394,0.3920786311492335
41.76978008992482,-72.63403610088403,0.04107522145182952,0.0517016620047834,0.06954075767189744,0.46649517683114927,0.15225519447326374,0.7405369558428281,-0.8004555098370534,-0.5078622929880807
41.76964822842819,-72.62933803550536,0.17946576772125905,0.17726936096328638,0.2129974559656696,0.26373315980762746,0.26224422877963055,0.10642426175977872,-0.19606191523167313,-0.002830789042084268
41.76972863325504,-72.62556073928675,0.14099110115559307,0.11330881848921952,0.129287055682011,0.21459861476662023,0.3157879692065847,0.2480811688760171,-0.30889753023187017,0.19078415159361672
41.769597041323046,-72.62135915682762,0.12887586694778197,0.10916859094870687,0.17887425117009725,0.1585941266816549,0.2815026919711769,-0.06009488834936496,-0.1845870708601728,0.27927619578290525
41.77013570160114,-72.61736527401472,0.04365313498440955,0.06645192536636818,0.04794928697287604,0.5878516357941421,0.17163153571377465,0.8491688663671647,-0.796877384410058,-0.5480307078483159
41.76974102828362,-72.61343035455762,0.1411177767794497,0.17904456183130277,0.20425191082653338,0.26131480157751286,0.2754677876290548,0.12256651781722946,-0.18682523089632366,0.026366328446796067
41.76957864652748,-72.60915829075572,0.0784607952692338,0.11726174881995498,0.05614350314010459,0.4440102235188984,0.2084568680695226,0.7754950122429763,-0.5821571195464531,-0.3610195188173013
41.769582505356155,-72.60563254512644,0.04506970054315067,0.07286191090500926,0.037081976407344605,0.5602275178159064,0.13364478225748774,0.8758366415870672,-0.7698211102585669,-0.6147856536617717
41.769832485097226,-72.60134124842168,0.15534283514229405,0.09265437535330107,0.2615766244455159,0.19117382377262482,0.2909764708275654,-0.15550023406927724,-0.34710944410288735,0.20699488971109964
41.76981738372214,-72.59691377290886,0.05673032104807292,0.06428011666110275,0.0641420710480102,0.3863308535627943,0.2234925210916449,0.7152234128014372,-0.7146979505218719,-0.26702540315615625
41.76947980553028,-72.59267730097785,0.03273333979165406,0.08498420351417055,0.06381416582167442,0.4217302286199344,0.20808674431806884,0.7371438469799957,-0.6645676612910092,-0.3392151902563855
41.770065206719956,-72.58933794244551,0.06687742586621176,0.060305555324821694,0.04473292917735697,0.5257309439341837,0.2147494214954446,0.843169983987363,-0.7941918109159649,-0.4199726784900055
41.76961220124064,-72.58499529090535,0.05230590029216313,0.09149564613825374,0.05722687406073665,0.5247088980591746,0.21827907784785466,0.8033223706036592,-0.7030348217979416,-0.41242904346767495
41.77010801551135,-72.58111381387542,0.0381552384252233,0.06848588030017427,0.03888986670310746,0.4564463233326873,0.2334337445672035,0.8429758718001318,-0.7390677126447611,-0.3232628237026343
41.76973074506932,-72.57683876693699,0.056131644101148466,0.1194360671662098,0.04129087312012557,0.5600262369743149,0.22703666266465933,0.8626652312832389,-0.6484394603250622,-0.42307873292261383
41.76958991259438,-72.57231904724118,0.05161867253755943,0.06836288555779803,0.05556712800434162,0.3757283368901193,0.21190429477591605,0.7423245430232427,-0.6921223293675184,-0.2787864956541557
41.7695996942076,-72.56888662625057,0.058323841218999126,0.06625039724276055,0.0376476270103687,0.5291770125802832,0.1374339875460286,0.8671630540353468,-0.777469440775494,-0.5876636073512524
41.769962907343675,-72.56477365492651,0.07092566965013303,0.07579532020732989,0.05213055555857909,0.5526546453815707,0.18633455070261123,0.827606378338818,-0.758786460792294,-0.4957042628228494
41.76962266478623,-72.56093196253263,0.047007660461787976,0.057194373258688105,0.05496006269537265,0.5049696760558133,0.19928509341208267,0.8036894313991952,-0.7965207012848634,-0.4340539757717119
41.76956865203964,-72.55665870832938,0.0411855241533675,0.06831664315151356,0.03605043529766416,0.5486995580937907,0.13377240104496854,0.8766979539800334,-0.7785580248504587,-0.6079768574996642
41.76938969153817,-72.55271397098008,0.06927517784876788,0.05522407897797948,0.04217468061067028,0.5955818417962474,0.19439078783006158,0.8677404961645819,-0.8302901764867705,-0.5078543723166288
41.770056597395836,-72.54817224584335,0.07512652255445793,0.06841067458646843,0.0840885377286806,0.3793475490310035,0.24709879620488415,0.6371083731669567,-0.6944302930551515,-0.21110946505134648
41.769982265194564,-72.54446125678102,0.034829697004582064,0.10625735548206203,0.08905392372250073,0.43018365731383734,0.1623295548522332,0.6569819790595302,-0.6038432821224653,-0.45206435394478517
41.76974697450095,-72.5402609692398,0.06937221083693462,0.05425038880063857,0.08806644782845696,0.600375191617443,0.13539708108695203,0.7441571143217361,-0.834255212679006,-0.6319592729710015
41.76986947925667,-72.5366263874925,0.07263096245242132,0.10005936081709915,0.031347656726454114,0.36846191024942515,0.22322222279755,0.8431870604619857,-0.5728716410705206,-0.2454682817062195
41.76979927547121,-72.53231968952463,0.0669590813521579,0.07955289242675623,0.03860290504204677,0.45440751583138717,0.2332362975014186,0.8433992329263281,-0.7020269997685059,-0.32163630944051863
41.77002313608817,-72.5284096927235,0.07795657085923909,0.0976473836281708,0.06245140511625395,0.5738589836039343,0.17345088815262247,0.8037077306191323,-0.7091691504559653,-0.5357992856566313
41.7695731998323,-72.52373654330654,0.044027237082799535,0.07597335910243479,0.04654457785190674,0.5280220275690244,0.2031131510387626,0.8379836996693957,-0.7484306642767119,-0.4443896095232988
41.76974492414285,-72.52028637222834,0.05361376440888449,0.10486056759375957,0.06948570703060018,0.48990993383906045,0.1254723639374818,0.7515686503292206,-0.6473914985993847,-0.5922132814322737
41.77392354910985,-72.77936537360875,0.046207300720240436,0.10767715700921761,0.05060225756986942,0.5178997136466331,0.200328924189344,0.8219803619621977,-0.6557508371550579,-0.4421583500403575
41.773741594028095,-72.77629542692071,0.08796135957109504,0.14549618886272098,0.12182559924572059,0.35443421607860937,0.28698602132106066,0.4884069773438344,-0.41793422674583763,-0.10515445385849531
41.77396994480551,-72.77166780115495,0.125289272633675,0.14958507486369615,0.2594258037575142,0.2033535581670701,0.2179636994002452,-0.12116410152184305,-0.15234513388815346,0.034677291211696444
41.773836492074814,-72.76796539501598,0.06055326809793105,0.08867857151964167,0.0771496775508056,0.6179676958615739,0.12609515679421054,0.7780240273032669,-0.7490156656504291,-0.6610631579196865
41.77406464286631,-72.76400706609984,0.07464306924604655,0.08198949890147983,0.0398687077171168,0.580690110325481,0.2425803306552037,0.8715070785945063,-0.7525516169205101,-0.4106910230707651
41.7738734326784,-72.75998123502232,0.07060499959021196,0.10606138228853883,0.2567855736353195,0.2054130978210718,0.22874715425966133,-0.11114803868295998,-0.31897224933988244,0.05374526186301019
41.77379429942274,-72.7557029615867,0.04150001882410859,0.1056221347489923,0.06739612740348117,0.5554507685929546,0.1327105210684449,0.7835868562990581,-0.6804523851604363,-0.6143040212745958
41.77371300433801,-72.7516464000325,0.03845944841880143,0.07672487256720345,0.050002798430326845,0.400077650298195,0.2440128402963136,0.7778050631988799,-0.678169183727818,-0.24230261474258127
41.77336608246285,-72.74779840514023,0.06050175440657564,0.08887258852459246,0.08591575966638196,0.4613255362894518,0.22166807306190822,0.6860041071413735,-0.6769433245355768,-0.3508926876419043
41.773506220758414,-72.74375221586565,0.12625641796830067,0.15111586837665084,0.2601575240324145,0.3465763853955839,0.24582047254467476,0.14243288535602244,-0.392733693436957,-0.17008178132685173
41.773693568108065,-72.73966185922893,0.1141137090979702,0.11309049631034272,0.20596180398929417,0.19159123934082634,0.2389854894681811,-0.03614754028315862,-0.257648338725362,0.11007155509413889
41.77381593908543,-72.7347570019277,0.09929270912756413,0.09685363112420897,0.20195900328409977,0.23821999307497166,0.2864639095755774,0.0823778283171248,-0.4218964184024496,0.09194853559808415
41.773901673891054,-72.7309038842788,0.07996214308606538,0.10191423970629694,0.15045072697021306,0.23964611318976733,0.23524348948919835,0.22864934302716955,-0.40324315253703275,-0.009270836160094335
41.77339841155074,-72.72698859733431,0.14835066794528462,0.11055811070987115,0.1352451434202209,0.27387474821138214,0.22712061404113673,0.33884836114493294,-0.42482486528282054,-0.09332248897481753
41.773697586012915,-72.72283375118151,0.07719131650578892,0.06112783375608895,0.04208212061432988,0.5121255260767082,0.24738102930739414,0.8481359076671492,-0.786733622376262,-0.34857434065914794
41.77383953975027,-72.71893327080231,0.0952317062781634,0.16055368465907327,0.13284606844413613,0.2381260171986129,0.258618853697558,0.28379479974097765,-0.19457306749775302,0.041254248809804994
41.773937334736,-72.71549722498733,0.14817087033294135,0.17224367657751471,0.21025852897272168,0.2987832590270531,0.33646450372717873,0.17390464229308142,-0.26864617049367584,0.05931739851668545
41.77398413981394,-72.71099307704127,0.1705087033306211,0.15773174600814371,0.15477484730552082,0.2094900388417041,0.39917908573568306,0.15020715313764568,-0.14094559464854103,0.31164558745391324
41.774083219535676,-72.70663372699697,0.13105846530470236,0.13082613013248348,0.22292011698401965,0.24147192396323358,0.3541672158887844,0.03994858943183545,-0.29719680942061355,0.18920061558337004
41.77361389496758,-72.70279506192894,0.1513072884106904,0.15085031645452823,0.21379619607947223,0.2775542742837946,0.33287412637709585,0.12976089787231612,-0.29575770327507855,0.09062463678526148
41.77407898455528,-72.69841005104718,0.09140277443722411,0.10343466879643798,0.03465101285121829,0.03724511029011203,0.05328949231613093,0.03608118665584196,0.47049802705195,0.1772182299821851
41.77410209397657,-72.69458545238264,0.12561664454241359,0.14715263159788053,0.13566590042378365,0.1900203851386916,0.37767340258267934,0.1668921508961768,-0.12713874305755302,0.3305532339841096
41.773883275635534,-72.69033800811145,0.047576933648646944,0.11658235398427678,0.05371470618865937,0.51365574701124,0.18796961433165,0.8106538474616891,-0.6300371120053686,-0.46418808472977147
41.773690287676835,-72.68627377354294,0.09609576140299059,0.15537240026628302,0.15198806699369452,0.2977266494280364,0.3914906645281302,0.32406896441803784,-0.31417909452202963,0.13604419564256198
41.7736220443045,-72.68213224802163,0.09365765493495859,0.06416770855305903,0.03746583252038451,0.057703973771505074,0.031997013640688195,0.21265296252731014,0.05303721634316971,-0.28658502957931176
41.77383363154558,-72.6788027585793,0.14363170790932883,0.09531791064372847,0.15092196548587,0.16762969853852022,0.36724613920692967,0.05244905282105503,-0.27500454603742963,0.3732014545839476
41.77379341146663,-72.67456627067409,0.09337278401515453,0.08562067177649929,0.031105204986003297,0.022159142651029917,0.025412008616400916,-0.16795591670315385,0.5888071849310957,0.06837896243217567
41.77411365409703,-72.67053779641265,0.06463580610613884,0.09686319704524338,0.0609688404919321,0.6110430066647388,0.18523076800352858,0.8185483165218128,-0.7263388947925461,-0.5347560753694371
41.77379319450734,-72.6667564566898,0.171008598777376,0.12344788906271399,0.21000047186029192,0.1552411396845952,0.38231858751874104,-0.14992632395875563,-0.11408145761887359,0.4224227306154801
41.77392876143587,-72.66214658928816,0.060541988989519346,0.06387659324287706,0.0321193116429158,0.04563619536799108,0.05200356433640915,0.17383828161752252,0.16655952337858548,0.06521287012273466
41.773760042124984,-72.65825423415804,0.05542255850427005,0.05792459618552507,0.06588852732769646,0.5444485403300906,0.19942581648472824,0.7840913461784372,-0.8076786872648879,-0.4638185476949474
41.77383649506943,-72.65373762676332,0.16768268228395328,0.11694244435858751,0.16395900987975723,0.21796260746506146,0.29645856728232284,0.1413996881369168,-0.30163821822451387,0.15259084126116737
41.7740112930969,-72.65012883080713,0.11478168152000881,0.06899645434169903,0.055403130488572885,0.07171283671451897,0.032624952347273625,0.12830572417301628,-0.019304925441879034,-0.3746282599882972
41.773702594164234,-72.64604361006684,0.0924978824426614,0.15726464187239364,0.20755335820823367,0.16166503789603098,0.4311197286824674,-0.12428503237212524,-0.01379738639198609,0.4545573806521804
41.7740415506842,-72.64180317578898,0.11377778701928437,0.08149153261469433,0.04383824722266704,0.03031636834029055,0.023579002371527324,-0.1823470970717441,0.4577061534766445,-0.12500824986970344
41.774105518702626,-72.63805461723099,0.12785036326888996,0.12873168376647043,0.16546960203163,0.23119124654722825,0.4480963425732335,0.16568724831569165,-0.2846708396474127,0.3193126144213129
41.7739288210403,-72.63365748757917,0.07462930353539998,0.11206924010519671,0.058741011861183356,0.3960908119864853,0.2180724179459598,0.7417022785949262,-0.5589214868665937,-0.2898551807800455
41.77391451866828,-72.62922852775063,0.11907820125592773,0.15149776132123938,0.14335744799674066,0.2503872977596989,0.3760219971061691,0.2718254679369466,-0.2460642270817625,0.20056327448552969
41.77385045680943,-72.6257639053649,0.17365426823711722,0.13528659114324293,0.15842891525716535,0.2129652019589065,0.31665587123007854,0.14684208546580912,-0.22305301036276023,0.19578274830875553
41.773600759120974,-72.62150157103407,0.16735083293106787,0.10126829277965163,0.22996277776362628,0.24049322066827536,0.25391175956198364,0.02238348100512817,-0.40737450652072016,0.027140784236151648
41.773682874512986,-72.61770402511868,0.06777355023909423,0.08549102680539054,0.05578664397044847,0.6188845937631748,0.20675993104489893,0.8346256936701536,-0.7572572806072334,-0.4991550847067955
41.77377710613599,-72.61332750710946,0.06527097119008146,0.09115198604342191,0.08089109011823595,0.499461395291911,0.19570308071713538,0.721234621538431,-0.6913311180409288,-0.4369589141244075
41.77385458120224,-72.60942176019331,0.07259698023649575,0.07289313328083599,0.07155750278285793,0.5911021427569061,0.21997960228049573,0.7840293934767333,-0.7804408076039001,-0.45756490359587193
41.77347473588591,-72.6054110629013,0.07523485715066285,0.1591381739644851,0.2492814584370665,0.18412756900480753,0.40851490305139415,-0.15032887020563268,-0.07279897732922887,0.3786217570064864
41.77372549133316,-72.60113689697049,0.1510588175027841,0.16333756331170685,0.2758392591338919,0.2932381802296416,0.24999694635155045,0.030573907683300476,-0.28451055220407406,-0.07959948052370339
41.77381961579875,-72.59719248891113,0.03784846394015308,0.11508896353253137,0.04231673481773589,0.5865131793084948,0.1828841128290164,0.8654111903167466,-0.6719252792857874,-0.5246042202177902
41.773762994060725,-72.59264286433651,0.05110737260378624,0.09876231786425324,0.043603056204561105,0.5662121435032054,0.22659033440680396,0.8569958366880446,-0.702959065040911,-0.4283813668086841
41.77392364945481,-72.58910600045778,0.051560262588991226,0.06190003739716484,0.07911306481613238,0.42049626506463217,0.24268006303104853,0.683300290508933,-0.7433643787016093,-0.2681280897709138
41.773499266182526,-72.58491338014159,0.059980723885308715,0.06871996027901411,0.07843550488998215,0.5394307529261638,0.2470318851165341,0.7461084695991874,-0.7740035198944858,-0.37178990287108227
41.773871878137925,-72.58119746102508,0.07991931644194732,0.10867845476072127,0.043289381297912946,0.5459195237929065,0.12008972275842116,0.8530593108016913,-0.6679535888550936,-0.6393752087369372
41.774156308426505,-72.57641143614833,0.04906665206188135,0.0671163864320453,0.04649071293800064,0.4727605392411608,0.1522588546121108,0.8209317252759957,-0.7513641230421036,-0.5127867835478565
41.774284174102185,-72.57307477554731,0.0655555711426255,0.09740019554779725,0.0445193563862714,0.36058118941559053,0.22824864259210698,0.7802058928449521,-0.5746543473351708,-0.2247381834787094
41.774261464165626,-72.56887817826403,0.07798557786180939,0.09436698186850888,0.0836563022364947,0.4709622732167749,0.22235363316425558,0.6983285236412233,-0.6661521369373571,-0.3585791668190716
41.77345449062003,-72.56457283118614,0.05078826829759002,0.07644314729467355,0.04749256525123935,0.4491071515647334,0.2266749660329864,0.8087289877821703,-0.709092935688261,-0.3291477826055123
41.77369011533524,-72.56063965299192,0.05788862535183227,0.07592584909385423,0.0612977611731504,0.547047051674987,0.21504698458066485,0.7984769167795885,-0.7562467035078076,-0.4356418647828777
41.773871535572,-72.55657653453635,0.06452477214566771,0.06670981420129579,0.05864570522519193,0.5074388675368846,0.2092426843453633,0.792802319487196,-0.7676218153132801,-0.4160790554861603
41.773631879526825,-72.5526248905479,0.07226429573224799,0.07177869764065314,0.06311456514211962,0.5735869588046958,0.21400944868505975,0.8017452047204721,-0.7775565001831437,-0.4565504701395087
41.77354465693115,-72.54861583811191,0.043817363096726854,0.11950556701982677,0.08621990593242436,0.4661471477343382,0.12613723183955391,0.6878166235293246,-0.5918893091104659,-0.574065309875972
41.77403246557725,-72.54420493649893,0.07754352097494169,0.10821703679819178,0.053804594196275764,0.3652648549153094,0.18728576972124028,0.7432187227661673,-0.542888382039021,-0.3221045769537192
41.77387197554539,-72.54056898210928,0.035292667319455275,0.060712581855926706,0.04234942040307838,0.5535223305286774,0.16962145116509203,0.8578572642960259,-0.8023147801214158,-0.5308776609603156
41.7735024737977,-72.53678769046742,0.07800667387160082,0.10295283342302369,0.06874275683287207,0.5508346760741109,0.21350802774541638,0.7780979319716688,-0.6850572030591082,-0.4413290617455051
41.7741431265207,-72.53175246405728,0.05834235400699893,0.08230440265142627,0.05369750982281988,0.4231073793741883,0.16617771616411073,0.7747610771640685,-0.6743075425683092,-0.43600231052064536
41.773764250608906,-72.52781482184075,0.05499375486015069,0.057556426799408145,0.05039841932743562,0.4515722365224401,0.211900375464702,0.7991977469595024,-0.7739022335773559,-0.3612385149402111
41.773950084645016,-72.52408660688248,0.03421683116650208,0.08478988925791608,0.041309730256342235,0.4835480510453928,0.19464669837119591,0.8425869569699922,-0.7016215767236456,-0.42598582917771305
41.77376609797098,-72.51988995584357,0.03155203613167164,0.07665113627993911,0.07760741824689231,0.42035186311728057,0.24024649929503133,0.688298135404627,-0.6915465847372996,-0.2726397370477231
41.778333728831015,-72.77980526395206,0.07531495995443313,0.11940218258223669,0.0817809535540412,0.4365827048560187,0.2199464716263128,0.6844649418329899,-0.5704840714919727,-0.3299719814288192
41.77800269673349,-72.77545826830212,0.15720112052661056,0.1239198276781407,0.19933382736533387,0.2196303352111898,0.28870900340486033,0.048444496352713175,-0.27859252555173664,0.13589085665047418
41.77842972874689,-72.77181179848367,0.13151721261340166,0.1073221701454167,0.19617750912530588,0.23068051921795635,0.28801554696591897,0.08083017725252792,-0.36496262590361245,0.11053684707845388
41.778026699626366,-72.76771469395915,0.046610045088782394,0.09094002590816264,0.08410332883249465,0.42836258814659245,0.23245649754631253,0.6717700590576963,-0.6497609546075809,-0.2964594922298009
41.77835236286741,-72.76350073302827,0.06610577699966474,0.08367461079857305,0.06583534826698409,0.6131079980841334,0.15264567230022086,0.8060652670924411,-0.7598257771308453,-0.6013191233582896
41.77794021242122,-72.75951160488849,0.0621767690352222,0.10546988345745537,0.06412534915940216,0.5761068562677479,0.16756291983130836,0.79968096382587,-0.6905120808554046,-0.5493620281026748
41.77788694149775,-72.75548244578899,0.043649256242915394,0.08122898183320416,0.08457704470440872,0.363741798635508,0.17251762276321347,0.6226924388262569,-0.6349019513252478,-0.3565889348359156
41.77774294379995,-72.75122660114967,0.06696951673393717,0.11629645044183044,0.059895573321002746,0.5185582559503885,0.23020174861282944,0.7929114812968012,-0.6336281379948329,-0.38511205937845083
41.777744742980694,-72.74725598182951,0.0576295399165936,0.10283022807030981,0.06261405412911439,0.5599382951736238,0.22888923194017802,0.7988472641722663,-0.6896948950834139,-0.41967230079394313
41.778486759079456,-72.74353395314027,0.0904585527389381,0.12898780892368314,0.2077709255309948,0.3271211775370556,0.30141766242130164,0.22312958318413748,-0.4343991775974963,-0.040894076040642
41.777437162881064,-72.73970253241367,0.12141299070947911,0.11188652277022179,0.26735535167748137,0.2080172492326911,0.2719130835485265,-0.12482440580542195,-0.300498883963125,0.1331356448040202
41.777676802900366,-72.73519808275552,0.1348475573725597,0.16946523048118162,0.2640708785320868,0.3199546005588807,0.24184459053801116,0.09568713014674743,-0.3074852315605914,-0.13903546188516697
41.778112809168604,-72.73099334966763,0.11848846609503591,0.17157094400439984,0.25987177185594634,0.31094930759694855,0.39409550691509954,0.08948081558227951,-0.2888549509165497,0.11793037493041536
41.77797549545547,-72.72747448532061,0.0744079113053264,0.10230456517906342,0.24703494221846703,0.2736084895975174,0.2190560379990775,0.05103982064339664,-0.45570091871447854,-0.11072940823356517
41.77778186162577,-72.72299694849646,0.14899054745219487,0.14620364573580413,0.23758676453904193,0.18244261599993927,0.294052640651295,-0.13128640779447798,-0.11026740445103261,0.23423113471420665
41.778313330855845,-72.71871245536606,0.17538696539198517,0.1365674934545706,0.22649787989426884,0.1422974726470029,0.3084010748838072,-0.22831200736956983,-0.02054750466699081,0.3685470102950561
41.77804776237832,-72.71586114601244,0.17209623303779162,0.11403113817479435,0.2034366745526544,0.1722723603844039,0.2813920327112959,-0.08294800302971522,-0.203424766035708,0.2405295059245996
41.777787806975404,-72.71061967472095,0.13854549619023482,0.15985361843609383,0.10126524742092011,0.14905843274108244,0.25405614538881494,0.1909255460339665,0.03494582245617807,0.2604661759811093
41.778286775898366,-72.70656306453203,0.11288381846387423,0.15709480564918787,0.1759140612949315,0.20568471961095047,0.24090304326731607,0.07801560121692748,-0.13393786192018478,0.07886092406424851
41.7778346637166,-72.70233616920063,0.08151528198172782,0.1898808584745985,0.2235050969952528,0.1403938373479295,0.3361418668993676,-0.2283910498318292,0.1498359449046641,0.4107730602487135
41.777807665776,-72.69898570642957,0.09668192819616306,0.06215036018518535,0.03385323339985404,0.06153986583095751,0.041033799598471414,0.2902372672064397,0.004935671749424743,-0.19991550605739394
41.77794414633578,-72.69455961616939,0.07570041345059256,0.10608848950966221,0.08294549969805468,0.618877042533978,0.1724557524096466,0.7636282829153366,-0.7073281836983222,-0.5641384926504087
41.778125819896765,-72.69065705253412,0.051404463793945185,0.08154449130795978,0.040808279391243416,0.5510796234567116,0.21073232865817326,0.8621080809562471,-0.7422023934756475,-0.4467602455615088
41.77815282496935,-72.68684978544688,0.11393720261422564,0.13095936270719843,0.21484530103028382,0.2064899320711016,0.3656786724114174,-0.01983069134209259,-0.22382790698533186,0.27821998462199676
41.7779965232304,-72.68252390472918,0.11648431571599599,0.1004199973973111,0.17292085180656702,0.2931651296652484,0.3779598854174657,0.2579873298891583,-0.48971650353368373,0.12634718397699218
41.77774378339318,-72.67855355500981,0.10670020530458191,0.19864699784763085,0.15500611139331608,0.19943983718552707,0.24734186613275522,0.12536107683094913,-0.001991624108418934,0.10721573554032332
41.7778826260821,-72.67463436574546,0.11729248361551162,0.05503314819341488,0.06079717211992159,0.06319904885259892,0.04105915632323017,0.019370563988475257,-0.06906664058696313,-0.2123563559532827
41.77805880362901,-72.67080085113143,0.04681723221423429,0.08217578563091674,0.06815457519703025,0.4348383071281408,0.1432417725730704,0.7290038185750304,-0.6821139431910501,-0.504422388513692
41.77760460614977,-72.66565809270521,0.08773683099215028,0.09374524191967272,0.10832176849469533,0.15972218332572294,0.3301313410481793,0.19176114395397514,-0.2602975168985692,0.3478777823233218
41.77786264163046,-72.66244003588855,0.11021444256237611,0.13757916666447784,0.1502205192923669,0.19470136666400317,0.32156256559122787,0.1289591910014743,-0.1719095591527064,0.24572934695059606
41.77791377089132,-72.65785743906824,0.11174977148496829,0.050344536443254505,0.06754427733473109,0.05438601035520281,0.014708745550387516,-0.10791631208965462,-0.03858925629143986,-0.5742442285928255
41.77785406612146,-72.65383698329524,0.036309937640532,0.08182759149564985,0.03953854395955038,0.3905515146656342,0.24581474598869932,0.8161383032849524,-0.6535511819707305,-0.22744255568815291
41.77784116193937,-72.6499995640625,0.17176039367877788,0.19262834680635593,0.21772563786818838,0.24222918334825128,0.311917996459482,0.053273809404276964,-0.11406226890968289,0.12575867143348074
41.77814995126851,-72.6462193713508,0.10836649422131817,0.15773060956462587,0.217689249985401,0.21856501221959163,0.35631282461789177,0.0020074582876604638,-0.16166651731560822,0.2396123203428368
41.77752052955533,-72.64223733614295,0.06291539315559369,0.08848030846598977,0.05674392725770759,0.044441481741162664,0.0266996320939586,-0.12158319700701398,0.33131382489052125,-0.24938953989844886
41.77775754778472,-72.63794643804614,0.086716082371177,0.10360669108471351,0.06687739412617394,0.03316658892159749,0.04285832482608913,-0.33695984683536034,0.5150136207881084,0.1274810509704334
41.777829836809055,-72.63400934977636,0.06755342509499385,0.06681163708225868,0.07490301339917696,0.06429892869689274,0.05647297588205099,-0.07617770659381927,0.019164804685523635,-0.06479944853172571
41.777932362901055,-72.62950293031098,0.14323774344810364,0.13165652459339505,0.19062356311139428,0.19575312346414608,0.24027664809481242,0.013276060722542914,-0.1957688151556434,0.1021112032590784
41.778256611174136,-72.62554775236046,0.0884005244772261,0.15593649515642666,0.211511206606695,0.258576197894738,0.32682214691210354,0.10011966038094418,-0.24761534317030479,0.11658035869555457
41.7778131653887,-72.62147513577771,0.136639968178506,0.13459620651937615,0.2224675008730262,0.17440283901950576,0.3328791932152605,-0.12110923145966464,-0.12882445132058076,0.3124028530985168
41.77821450561446,-72.61774672049029,0.1320638175342702,0.16051904692523927,0.26041246634453386,0.18804951072967263,0.3702209640940801,-0.16135806225304003,-0.07898148929338868,0.3263139671176761
41.778260160988985,-72.61296836653146,0.13370139679253756,0.10138242445079969,0.22319851502415927,0.2025925356711493,0.23734402048449754,-0.048394580673691505,-0.3329554223142131,0.07899203720877741
41.777523322758384,-72.6090483025626,0.06425797177013437,0.09351437931785549,0.07383243247405907,0.5643625149791892,0.23848502672133712,0.768621068628978,-0.7157085767002729,-0.405902081443265
41.77771450183279,-72.60574855003185,0.08952473110028897,0.1063621142976946,0.16271429509366733,0.28301993486541327,0.28055752506244513,0.26990442215485727,-0.4536876338994216,-0.004369248201096154
41.77824588693138,-72.60139592316936,0.04261588084046132,0.10371599630760978,0.06984213304612163,0.3852753954104917,0.14602247081317862,0.6930808915096324,-0.5757962284644841,-0.45031787215307645
41.77805894847285,-72.59751784854096,0.046317493180211666,0.05139153578657235,0.03849754425953099,0.3586863923857194,0.17236910173861816,0.8061475265858219,-0.7493572208793422,-0.3508433538651579
41.77779165098814,-72.5929890684613,0.07194970673965734,0.05332705249525162,0.058183371848685835,0.5625103504749436,0.20771388829501358,0.812521474743226,-0.8268145057833309,-0.4606404788643597
41.778340463450945,-72.58898338107144,0.055042539814402436,0.09738150048395597,0.040109397369527254,0.5702678129628,0.16049110660282645,0.8685750493610691,-0.7082854770531506,-0.5607549841520246
41.77815233733924,-72.58490316931974,0.06525089898659901,0.11185758272991074,0.08352448472622745,0.4252019618370259,0.20337716077831658,0.6716330149907301,-0.5834443913659212,-0.35289877292735744
41.77750676167275,-72.58164525514982,0.0536438334279309,0.11371164552483559,0.03618477849159578,0.6006274723401726,0.1834602272930309,0.8863565251945664,-0.6816311953776436,-0.5320415627515808
41.77789852763034,-72.57638552518551,0.06357177735115391,0.10410900259995952,0.03402816551905008,0.5194974515407027,0.24011184182034165,0.8770493560901382,-0.6661067187207899,-0.36780172670632183
41.77819084515451,-72.57269452821237,0.06229164396339685,0.09433007936874055,0.06314790400663761,0.5140394069709561,0.1995753309498109,0.781187483488912,-0.6898921412502623,-0.440663651282466
41.77784660086734,-72.56844218678016,0.06097082858821247,0.07199515010269397,0.04808552910059404,0.4022289726150418,0.22413909602643153,0.7864357957942956,-0.6963665631765156,-0.2843214485292466
41.77779660794889,-72.5646791429864,0.0772709947803211,0.11187189095572712,0.04307561870598187,0.39145199331775526,0.14750628211871972,0.801735873559958,-0.5554675847850636,-0.4526244837811912
41.77769215956306,-72.56055730609744,0.044132502141878145,0.11390416863260008,0.06680446639363413,0.44709485005755745,0.2480032821553696,0.7400095144902611,-0.5939238221893934,-0.28642224554446194
41.77777861984452,-72.55661945330343,0.06958418377198175,0.11840890920671428,0.06602737335839762,0.5876053593196007,0.1284276038989988,0.7979679717449986,-0.6645707757326978,-0.6412801910076568
41.77816492748006,-72.55248543481792,0.031886193111042446,0.05608663897268932,0.03131033544101239,0.4293840512113405,0.12695645983711593,0.8640732930629796,-0.7689391343010706,-0.5436015989637031
41.77788703500805,-72.54861416606975,0.06069149042182413,0.09716529386076442,0.03189040122657815,0.5766721172690842,0.1390047493197888,0.8951943300569686,-0.7116061166807472,-0.6115432653780569
41.77791311221916,-72.54432951389288,0.07649967155065793,0.11987044178614238,0.07695964101728459,0.5469148404064167,0.18859870299256412,0.7532848567818955,-0.6404526464892027,-0.4871645677086918
41.77787766437704,-72.54034332107956,0.04345980602874246,0.11892500044479591,0.0887769013887323,0.4372025465589595,0.1513363144343027,0.6624320522973701,-0.5723103410880208,-0.48572193116051426
41.778307611460676,-72.53676071733513,0.04118832898955528,0.0953947642785486,0.03448918868123611,0.3779928500531912,0.15600145574165408,0.8327724097414982,-0.5969697499871722,-0.41571865449221435
41.77786924636893,-72.53239678974077,0.05354083911419258,0.09596354322064271,0.07731239531837843,0.4329194357306562,0.21502602345134886,0.6969518927918532,-0.6371085966467477,-0.3362835701547868
41.77787693810053,-72.52809822353379,0.05254400703973458,0.11486394735454217,0.08892560317326763,0.5590132390763789,0.23901036363364614,0.7255123558744602,-0.6590953079658326,-0.4009942492377773
41.777915402388956,-72.52394888625288,0.03991839707862041,0.06938779534807138,0.06136939447293769,0.5503365626418797,0.21379422964541211,0.7993500185533795,-0.776068845920055,-0.44042503769425
41.77832438706366,-72.52020014073318,0.0763171326694787,0.11215220169808951,0.08094344936882941,0.4119704291071743,0.18908823911433556,0.6715716359251591,-0.5720383165833597,-0.3708160314072691
41.78183471548393,-72.7800280505214,0.046355726697254934,0.0739645176810094,0.047312074186911406,0.5707045609359952,0.12585928676364252,0.8468906126531616,-0.7705349298288543,-0.6386281396047594
41.781676138677454,-72.77579164181263,0.08296572253230244,0.14108524727590874,0.20361763782297904,0.3567309905008563,0.36467576820666603,0.27324659138701485,-0.43318342565123247,0.011012896136492572
41.78217254708116,-72.77184080206098,0.057581910984995835,0.09987566494408523,0.05805308775047336,0.4073455213224876,0.1259457662504662,0.7505231574881122,-0.6061849636872423,-0.5276661397426753
41.781734112494505,-72.76794142352725,0.06225904497719203,0.1016413590372513,0.06345749972287143,0.4356518038359484,0.23452296728415323,0.7457170232235792,-0.6216540017233069,-0.3001140078962343
41.78172067968213,-72.76364945861638,0.0660644335792544,0.060154700145411084,0.0853556638986788,0.4271689154487954,0.22875165899389452,0.6669207006331279,-0.7531221626841832,-0.30250195555077425
41.78211851131574,-72.75991165814621,0.03545241055857905,0.08053548582557399,0.0666986630788885,0.37210470357034864,0.1344900614920807,0.6959974870374916,-0.6441522970682131,-0.4690428296253434
41.782263546754166,-72.7552190719511,0.0425764575299946,0.09522138386459938,0.05838455320840781,0.5634163584908461,0.1866243281412523,0.8122082097021862,-0.7108535459141317,-0.5023621212357159
41.78244532903679,-72.75159408640071,0.14441077424332846,0.09136580849847006,0.15471264239453053,0.2627937437030692,0.2429404921880912,0.25887292963052483,-0.48404154042708336,-0.03925629333753595
41.78191647714394,-72.74729524247749,0.03441867816623068,0.09037124337879852,0.07322397657863902,0.3844592924450812,0.20274007660846222,0.6800233631662682,-0.6193536996436206,-0.30946766194506764
41.781867242536244,-72.74308921747604,0.06602928483704724,0.07757907807706223,0.08522708307544866,0.4108463272559962,0.19588129620825184,0.6563932623661273,-0.6823298819840836,-0.354302363588381
41.782319657702004,-72.73932505766633,0.03424878247411815,0.10082414186179366,0.042246257606460925,0.5603622492014496,0.21108966515136915,0.8597887114795494,-0.6950205169841442,-0.452747057271988
41.78242363887101,-72.73558968153358,0.11894705367109393,0.17714037535434668,0.22506009400308785,0.2859413661044599,0.20368780992002888,0.11914109225550687,-0.2349498609195146,-0.16799153361791724
41.781915854327146,-72.73151723029673,0.10100575177245916,0.1330330070391844,0.23036295151880276,0.21228213094133636,0.3323639725781433,-0.040847218898212,-0.22949797210055248,0.22047682129890087
41.78185979643606,-72.7270699330082,0.03227945706259537,0.0871803344003787,0.07449235542634677,0.35919128092133856,0.16337650084852945,0.6564668381141037,-0.6093822662198426,-0.3747165188975301
41.78176597422571,-72.72350575483311,0.06061191369637474,0.06145813661716465,0.07450245083890988,0.4936618681186934,0.1345633540944168,0.7377432958986313,-0.7785771145235231,-0.5716079223295832
41.78219593191644,-72.71975926696726,0.15450808348030032,0.11394702920783091,0.11783381722256578,0.258609084180787,0.3815030774972602,0.37396180518591493,-0.3882960170943627,0.19198821811838088
41.78211191874777,-72.7155177558772,0.13049922610185025,0.1283456982312147,0.20229593627235587,0.23868523960675325,0.34652635685411926,0.08251894939019613,-0.3006273586240565,0.1842771365084805
41.781956230954016,-72.71108630691758,0.17385344329335886,0.17998612620662252,0.1465643844562256,0.21438708008740137,0.44103994442603156,0.18789976573977377,-0.08722943985989584,0.34580945835562654
41.78207493932503,-72.70711624291452,0.10743038328233488,0.13008625712981692,0.21438037469870752,0.2883867699032423,0.40849145056854586,0.1471981532586562,-0.3782812811037393,0.17234672735789103
41.78199640264415,-72.70285003925936,0.08328811259406985,0.136508382897957,0.1490917222031259,0.2256383369447318,0.3577345170193141,0.20427134912975534,-0.24611559117666879,0.226435253503797
41.78234095482625,-72.69854161347048,0.06457180787039062,0.07959716263172273,0.039582320329883944,0.03917403350725866,0.023864720958600406,-0.005184176294773151,0.3403445484977899,-0.24285556842576211
41.78179927068497,-72.69442316773926,0.0885795141290802,0.17429967100210042,0.13228065852703874,0.2868830756202852,0.24116740792760524,0.36883538459676996,-0.24411885622938875,-0.08657442634182129
41.781687584602366,-72.69081066133488,0.03560820040419056,0.0790889203004809,0.08182420638119842,0.5899585279028275,0.18478477242103952,0.7563968163950949,-0.763577544424181,-0.522978069397196
41.78202806953171,-72.68628945341779,0.050721165643214716,0.09548273285301596,0.05899411547170404,0.38184959593343554,0.22681851960065813,0.7323581398783394,-0.5999318416342467,-0.25470543367749904
41.78216573244877,-72.6826868803321,0.08692652087166808,0.1567247806152009,0.19518712503680166,0.22276548709143873,0.2411861374497194,0.06598442324407629,-0.1740247697927521,0.039703816915176104
41.781872340404384,-72.67845713575605,0.16710066034970242,0.09133202174785576,0.11263814636398214,0.21222532873642513,0.3993075496010605,0.3065508744609195,-0.3982552449996746,0.3059234057426928
41.781635940553244,-72.67420243746635,0.059185473586935586,0.07660306351489736,0.08454800908050245,0.4796159901668002,0.21950810780687086,0.7002715196527787,-0.7245579308804682,-0.37204822879632016
41.782397167807105,-72.6703646995516,0.12244552983196916,0.1521669704664124,0.2135035131488502,0.17721497387036683,0.4278621491929273,-0.0928764327363362,-0.0760454658630101,0.41424004605168574
41.78232523181443,-72.66591352218782,0.0916271432255754,0.05295714818135015,0.03326299876193817,0.04488336571625513,0.026747596171678927,0.14870003271309726,0.08251982888749557,-0.2531833869961071
41.781904543365435,-72.66179653517153,0.12404917685298003,0.1171518238616848,0.11789614915500499,0.23561178780519004,0.3962131153386766,0.3329929156963733,-0.33580550835093076,0.2541864474387734
41.78179963618522,-72.65851726668596,0.14146667010074238,0.1134133296888103,0.13148767535369996,0.21596003479009676,0.28994241651852276,0.2431225101510572,-0.31133879105107026,0.1462384329964315
41.782156868975235,-72.65415909248993,0.09272277787111606,0.1383725086863012,0.10039520472519094,0.22677956612840494,0.30264361381310556,0.3862900585930829,-0.24211024266249973,0.14329566698058424
41.782301794075636,-72.64980747065201,0.05090351563193625,0.09888538697577545,0.08538835995747127,0.4821777083436784,0.1329100041310914,0.6991068891307847,-0.6596397610782327,-0.5678339806323371
41.78201365578302,-72.64605205246856,0.09066165743662868,0.17598775570126787,0.1896378216364027,0.22990450069386206,0.41232289046914067,0.0959776330402284,-0.13283511607599396,0.2840401893244371
41.78262201731643,-72.64157066467965,0.09715077666207983,0.1830574087431881,0.15402413634271295,0.2799199441965783,0.25284493234298483,0.29011988756110285,-0.2092165736365771,-0.050819813853818986
41.782180304096876,-72.63798276758618,0.10991185086698997,0.07415964701652031,0.034534772483551184,0.042408129645857204,0.027402306616986498,0.10232727053970507,0.27238674597549367,-0.21495099919404875
41.78252837340149,-72.63384562084956,0.06212572634093827,0.06812028464330243,0.05442481719170865,0.515697631544155,0.17237319116183725,0.8090767437332623,-0.7666385948271249,-0.4989667183272177
41.781898996376654,-72.62921977430113,0.15760809144655236,0.11733544866250337,0.20630248798839984,0.21470525211229183,0.3393134388114284,0.01995869273539321,-0.2932465906215184,0.22491693645096383
41.78195006257543,-72.62564255399131,0.1038480592152371,0.10155356143891764,0.18734828390193986,0.21519080636686133,0.40997544494702665,0.06916725142477276,-0.35876642642505857,0.31157254277689156
41.78238862453563,-72.6214638572771,0.10988520840747373,0.11193706602343936,0.2079568028043004,0.15523381935148262,0.42944682190384564,-0.1451661475725091,-0.16205640546231206,0.46899620614019105
41.78200031761253,-72.61760510517874,0.14016464091786696,0.10114965240591134,0.21054761219784568,0.34496029846637,0.3428369658347338,0.24196358627514108,-0.5465259082065628,-0.0030871489926523883
41.781915643320566,-72.6135782102682,0.0711859064508481,0.12867649701078349,0.24999754836213448,0.25739237355005035,0.3668541711055983,0.014574245306345898,-0.3334013342031025,0.1753502658407666
41.78209581840296,-72.6095725018241,0.06632700007810782,0.07582428924168558,0.040205226403719097,0.43663302661255443,0.23398909508064628,0.8313674452525646,-0.7040756882735085,-0.3021730494369445
41.78229630849872,-72.60532767255023,0.07496600601109517,0.17766923541996316,0.2058842923616977,0.3113360029117256,0.3700541583111151,0.20388161778199734,-0.27334424462974205,0.08617405818424553
41.78197105573464,-72.60099608598436,0.13675856652164808,0.1511733126662779,0.1891574058531232,0.3314376226455831,0.21954422252713693,0.2733030647694966,-0.37351890889670625,-0.20308001270599066
41.78237852099329,-72.59746240007198,0.07464818849485136,0.09235136919681326,0.031534891821747964,0.545103308291236,0.2407731858064731,0.8906250338060533,-0.710249614731097,-0.3872493003295313
41.7820685222076,-72.5928790866012,0.07126478776709672,0.11029045980887736,0.05064602416153649,0.4780241523193439,0.23024435565386508,0.8084021894381699,-0.6250629933874908,-0.34983878836365173
41.78215932674339,-72.58897715347923,0.03907661897957419,0.0742780720038454,0.07621786969076147,0.5862449124596316,0.19543121838243488,0.769895391124151,-0.775093149667822,-0.49996882168602197
41.78179934020362,-72.58479545227372,0.07285115032388159,0.07432884847890105,0.03616843458536374,0.43155848585053114,0.22487182579897508,0.8453437978226406,-0.706144655400689,-0.3148645886448859
41.782483947059326,-72.58119203748375,0.0456316186289969,0.11675068957715244,0.05591744928591759,0.4692317987976451,0.13989904826574773,0.7870416858065465,-0.6015215748137577,-0.540660109596491
41.782169126699344,-72.57707892157254,0.06930994872016316,0.08048491592601337,0.08361913572942747,0.452669907606962,0.23236284537685142,0.6881564642484145,-0.6980805110505188,-0.3216007720368317
41.78197596919791,-72.57334389958113,0.07275342390099176,0.11309166930320297,0.07538544247322294,0.5308637705618392,0.2260156382300989,0.7513054339623099,-0.6487593323944765,-0.4027697527381688
41.7825253283508,-72.56873703877783,0.053311845034743205,0.09624934985203117,0.06526816542709826,0.5889763539232263,0.1815998032504177,0.8004777617643306,-0.7190725644944594,-0.5286648787149135
41.78179304775502,-72.56491682973193,0.07230282794296454,0.05061046679561784,0.08214782171981003,0.3650087831130759,0.17091560085162272,0.632576950303526,-0.7564575422974932,-0.3621652383598917
41.781928592459806,-72.56088010168902,0.07111740935270264,0.057020918416804824,0.06069253358611118,0.5072679848597325,0.23581291764084134,0.7862790401269826,-0.7979016844537843,-0.365310245903785
41.78212273850276,-72.55667959866585,0.06296740474484193,0.11859510573020544,0.08089645943747141,0.5785536666578901,0.18723372882522246,0.754654806371898,-0.6597710261356244,-0.5110033674369835
41.78225063766628,-72.55202948006693,0.07348127931283799,0.10615921958304782,0.07911427651107453,0.5875000619302382,0.13479165104195087,0.7626385394107764,-0.6939153777299684,-0.6267667242441674
41.782237885996736,-72.54875349101063,0.05723880799819976,0.06235247020291844,0.06018333799197163,0.5243617273319696,0.22766885791189545,0.7940848650954929,-0.7874519809989403,-0.39452234422601834
41.78221172070567,-72.54432281290805,0.05267624934862042,0.05143983393309057,0.08328936741997504,0.3969546403900287,0.201233710371793,0.6531372966014128,-0.7705599115121016,-0.327189470956724
41.78225384393079,-72.54031183071812,0.0581708311415704,0.10009120741566252,0.06756659796139,0.3743810666281198,0.16767983363096722,0.6942325828369417,-0.5780945994478636,-0.381324742106203
41.78229810006179,-72.53611047711182,0.0680165442403442,0.07225284005384944,0.07972105045818237,0.3896181046650006,0.22002103344816373,0.66028382849388,-0.687129745310863,-0.27819255788225883
41.78193653092688,-72.53208226449402,0.04602621864819613,0.09461341051839277,0.04276442459049584,0.564760628005011,0.19456590262763723,0.8592175765993681,-0.71302051645749,-0.4875303449083211
41.78264209369336,-72.52771183044595,0.06036977697516255,0.10804110833124389,0.0431809540657066,0.5208404644334035,0.1707525004473307,0.8468818642362436,-0.6564023720514476,-0.5062052128399626
41.78150100422317,-72.52398092729386,0.0513856048263457,0.09561913312830433,0.05763836018652961,0.41425233084271273,0.18036540271832666,0.7557130866014143,-0.6249284775280552,-0.39333998117359686
41.782610784220466,-72.52025575600787,0.04835860818148216,0.11932348650500893,0.08476903013342696,0.359171452374197,0.18894315578826187,0.6181063296836364,-0.5012549692395738,-0.3105706252869659
41.78589376993325,-72.78031492207667,0.10765933035352016,0.10729460318393107,0.21101103686274464,0.2060997701388107,0.37577010011782036,-0.01177448927597703,-0.31527422112689774,0.29159497449864064
41.78601420662816,-72.77575974877021,0.03925743869424745,0.0622628151339481,0.055248100372190766,0.5622546251225422,0.127610921957619,0.8210595740191207,-0.800605039601851,-0.6300411797697998
41.78612399132092,-72.77200572808376,0.05821929691395866,0.05393171722704042,0.04498624786308869,0.5539303119089684,0.17359485553360687,0.8497745733388634,-0.8225527680888479,-0.5227797929140121
41.786183586595335,-72.76757285147981,0.05248401828369099,0.07528918929935287,0.03638696557168447,0.6067144741651455,0.24498974666731066,0.8868391102138574,-0.7792117745617592,-0.4247069800174113
41.786367703961304,-72.7635073528833,0.1582806391302582,0.16359320164086644,0.1542928353297942,0.2879184877082259,0.3756258597212466,0.302176008204437,-0.27535341609115177,0.13218012082055003
41.78643263229188,-72.75970223115566,0.08323846458400941,0.09182106097224085,0.1599688444991079,0.3134267541624656,0.2806518298105425,0.32416420874471097,-0.5468399456183666,-0.05516934162604365
41.785944981647724,-72.7558938371559,0.0625225629617405,0.05758626763079176,0.07007044363298437,0.4581895001342047,0.2072652187702913,0.7347122587668115,-0.7767003755126787,-0.3770719092307245
41.78582489370605,-72.75137491534916,0.15039675806309594,0.10686611772380952,0.12680675359447707,0.28123279593879286,0.2493579306838412,0.37845851589865187,-0.44928411824046155,-0.06007429767543156
41.78629462858299,-72.74763383970082,0.06001928081417074,0.1184510336060353,0.0578250657147598,0.3606348653957996,0.22652526947536156,0.7236291390609529,-0.5055123356674639,-0.22840378281108153
41.78604451747635,-72.74307192071667,0.0995109949274775,0.11261589670541879,0.16844344511463238,0.28677472915836194,0.3653392772521833,0.25994411192547484,-0.4360613924682928,0.12047670701978483
41.786393538968674,-72.73941120526949,0.05949212552622836,0.05686949157140823,0.052245857077155775,0.51862910224743,0.22147085416505202,0.8169621693024722,-0.8023644464740074,-0.401510965522557
41.78601952797738,-72.73541126515339,0.1473654513632483,0.11137474957639903,0.24001469838210826,0.31535997559946904,0.2526227992380766,0.13566566994709614,-0.4780141244399611,-0.11045612497550916
41.7860575697653,-72.7312335969307,0.05258999976823196,0.08050444090795451,0.07641057410226217,0.3501866390967108,0.1851334594893701,0.641767120186869,-0.6261615591988463,-0.30832613989889207
41.786179253963866,-72.7270114292449,0.11510138578242249,0.13420295417844103,0.170409310248827,0.23639808227406683,0.3639257531670793,0.1622113394154365,-0.2757551060133692,0.21243146342723365
41.78608293026596,-72.72317197753364,0.14960272161899485,0.10601446921997976,0.20098864829059265,0.18701811207526173,0.40075144651205274,-0.036005909284049606,-0.2764322059248003,0.36363457636440427
41.78632946797773,-72.71861653579053,0.15326892009866033,0.1212761742435301,0.17850183493779048,0.26814750566483925,0.2589618333878535,0.20070704818705593,-0.37715048929707534,-0.017426502618022283
41.785876366203695,-72.71491694366775,0.17630188339062142,0.1789183359934765,0.13826044201711163,0.23304887482154468,0.2652341086700637,0.2552815900539903,-0.1313952601251402,0.0645922797182197
41.786108910263536,-72.71103216407114,0.1666823934924232,0.11646126477640924,0.12085354794678059,0.15134469819055563,0.3893866768906704,0.11201817306490242,-0.13025637303845033,0.44022224281762323
41.78638372633428,-72.70702768897661,0.09696966038627783,0.12363746347153437,0.22235748643669118,0.21785946846789153,0.29478436725421103,-0.010217729959480077,-0.27590878916906375,0.15005524971926018
41.78600748705018,-72.70287054030867,0.11649926470683475,0.10210676216486904,0.10351155943699114,0.1564767529497333,0.3068895184424053,0.20372144050059485,-0.21026085425734842,0.3246087917464765
41.78583470150241,-72.69847164766453,0.1681990205466788,0.11023857093192649,0.20325480173826665,0.278378434727692,0.4450616676468647,0.15597684566093067,-0.4326621361058906,0.2304036400139641
41.78617656324045,-72.69488531020457,0.1012325184454677,0.10817171406009246,0.2217338395520496,0.16491178017694058,0.4031917109359082,-0.14696160120716498,-0.2077755240219625,0.419430498996239
41.785794466714286,-72.69029305377971,0.10350349726430816,0.08071468263914483,0.07501891926694239,0.03130390503463738,0.015467803898750073,-0.4111536212423157,0.44109445254211116,-0.3385829061418555
41.78568856460125,-72.68664138842207,0.06737139755467675,0.062051056735681634,0.07048428736381945,0.0348052637421072,0.02111466700952689,-0.3388657587286828,0.2813011361485951,-0.24482499439039887
41.785935060445546,-72.68254878211103,0.10882147170844769,0.1557715603181666,0.21264001080122602,0.1983172736883939,0.39465885152008906,-0.03485213099609596,-0.12015547875039466,0.3311121130933626
41.78595852608234,-72.67839070639985,0.08729697134050146,0.05571281095955717,0.06625027722360466,0.05646837591110834,0.02634648301946392,-0.07970997939293178,-0.006735219804923865,-0.36372570430744894
41.786294713183835,-72.67462238234627,0.07652260664380442,0.05606029825505502,0.058867660454829024,0.03593920732337681,0.052142654110588896,-0.24184379959784932,0.21870868549966807,0.18395895049697245
41.78597847622533,-72.67061901152447,0.08153671200278,0.15813038792861905,0.1266388668267055,0.2839417295925167,0.3604099556002007,0.3831229827655994,-0.28459460951613286,0.11867467373009723
41.78592563589726,-72.6663624957529,0.06992833032758251,0.08103453021014445,0.07796745291115496,0.045452613850533126,0.031267275594736896,-0.26344856159740027,0.28130856004260957,-0.1848977932367288
41.78619565991958,-72.66238306673051,0.16942001967175513,0.17093027160915614,0.11250436299288169,0.2041358361688685,0.24111213478015542,0.2893867342762074,-0.08853256498282272,0.0830465291789512
41.78604011171478,-72.65827946402811,0.11043349914570999,0.0786430528124427,0.06345840814199713,0.073031913396889,0.044140515432471134,0.07014054291142081,0.0369944991964566,-0.24657164021489061
41.78631754987896,-72.65420307614389,0.04490712023256781,0.11127317629008493,0.03323305378431011,0.6041879489861425,0.16251777402498307,0.8957265178277223,-0.6889469676018407,-0.5760621861886772
41.78630992720917,-72.64988997232419,0.11533188766403164,0.18542071517299685,0.13562735008780658,0.18409911625492414,0.4287378813744094,0.15160385914113933,0.0035765304204802904,0.3991905940173863
41.785924887193104,-72.64619473040612,0.1015138271764858,0.15769443855939186,0.11610260134145164,0.21516464016047615,0.2937225641952048,0.2990396465702089,-0.1541338400513029,0.15437197744870296
41.78648254774299,-72.64182256439166,0.07114482652033759,0.06857045612561395,0.08766305446824671,0.42228950762835243,0.15804360586610694,0.6561913362771148,-0.7206109229149374,-0.4553348682295523
41.78597357164981,-72.63808399459582,0.09344023954966763,0.10366774889311539,0.04204376128232666,0.030213853195951962,0.02793116963397648,-0.16371849765301746,0.5486481678662374,-0.03925845155572862
41.786421777663165,-72.63404652909543,0.1077714992789498,0.09488261740232529,0.04214095873863434,0.028439398281214192,0.03147167915047244,-0.1941271061234078,0.538778244523777,0.05061302515742262
41.78578002827898,-72.63008085366336,0.08095629422283143,0.16260667723336175,0.12600819921091133,0.2268536259826624,0.24312481050537996,0.2857929636237331,-0.16496404952898225,0.0346211299486536
41.786162226868726,-72.62565784852639,0.16804119869827003,0.1693995179388433,0.10468366013737643,0.2663235834622123,0.4061577654188887,0.43567861844575334,-0.2224441743201412,0.2079376360241628
41.7862888925461,-72.62130554210289,0.1603253527666136,0.11407885310621498,0.14960096505316195,0.1959877155898197,0.34603064145227475,0.13422531794257073,-0.26416541076346045,0.27682259080904587
41.78644173981393,-72.61730416713274,0.07707588691927193,0.09901900309807879,0.0459648314089202,0.5947584475766019,0.16474767671435953,0.856522049638347,-0.7145511056844371,-0.5661715647963732
41.78578380381897,-72.61318563331659,0.04328316797004922,0.07333147228064188,0.0696096110002386,0.5893862397866956,0.13493493178695096,0.7887403663706989,-0.7786946962624992,-0.627416850197009
41.78573783239333,-72.60952134057615,0.10114627907390947,0.11576348080796282,0.1951254193066137,0.30128390995548493,0.32342904302330056,0.2138527307830283,-0.44484256047713916,0.035448493523661015
41.78627423459625,-72.6054263498702,0.032902567587623284,0.11166817475152387,0.03259526612084993,0.3845147564722767,0.14342396833621623,0.8437090246922919,-0.549891107797271,-0.45666433774774695
41.78617348973342,-72.60138851688373,0.15033430437170003,0.1324502810136475,0.2051983585355533,0.23747491763094314,0.37614969334728676,0.0729128249504949,-0.28390776568372983,0.22599285171315187
41.78661376871575,-72.59699800807134,0.034849070686957154,0.06499265731783498,0.06519587469334703,0.3840093047548463,0.1330803133842578,0.7097278585548186,-0.7105016779088621,-0.48527176444506614
41.78629773940913,-72.59282215460692,0.06040266749560766,0.07464078280259191,0.08378202730657477,0.541038509938219,0.12772593009669783,0.7318205074499641,-0.7575335611164878,-0.6180241578334243
41.7861648196238,-72.58896719267536,0.044911372449204914,0.09709474150940059,0.07307843527396368,0.43187770975513234,0.1657153509796159,0.7105553185425525,-0.632893012566945,-0.44539064501228715
41.78628471444973,-72.58465050743959,0.07784545266658109,0.07916371236403753,0.08977237089566606,0.39763194321387657,0.22349292967543202,0.6316307907135593,-0.6679344224809061,-0.28036071511417004
41.786011681699065,-72.58077436745681,0.03546631446554328,0.07285789476869187,0.0351399487906375,0.5124719926472662,0.24975934519066106,0.8716611303312048,-0.751053563690944,-0.34466261673495446
41.7865106189624,-72.57691445370493,0.05854009846050945,0.08982732507839887,0.04378924997617836,0.5526902799452127,0.13144159789413684,0.8531743411816687,-0.7203895290150133,-0.6157419288536575
41.78644908858984,-72.57293388927908,0.036358750992162334,0.09440693264669578,0.07038296509169578,0.46880547982042164,0.22373906653050393,0.7389299946768425,-0.6647554970134555,-0.3538637544417798
41.78615790477337,-72.5686604236402,0.07768006389690785,0.11608308264249095,0.035737283683100696,0.6054419462880636,0.22081270949598114,0.8885263838483729,-0.6782285354271091,-0.4655093125340424
41.786013794930845,-72.56462894257713,0.03174756550387995,0.09121999493926138,0.08599125851209122,0.44941662912107366,0.18612127262665054,0.6787822499506835,-0.6625460026952179,-0.4142874182174863
41.785995910666905,-72.56075918952497,0.0701287334371682,0.06506807917560609,0.06320920571787103,0.44575368482183686,0.21722337014958853,0.7516156604233226,-0.7452415548373863,-0.3447032034647083
41.785884842000605,-72.55637460420272,0.048890156686219745,0.09194955120793347,0.06906511102118834,0.5338197725398268,0.1947833260248844,0.7708845821004945,-0.7061231744079639,-0.4653239152877838
41.78552692662402,-72.55278587108641,0.03279033946806882,0.11737524177116598,0.03364402359743211,0.5937980270638278,0.19959704180404905,0.8927581485430415,-0.6699109853680416,-0.4968533341432005
41.78596369734729,-72.54810633608085,0.07105043627464036,0.10049031842641734,0.06150672801964024,0.4480973692874772,0.1203716726894845,0.7586097586551677,-0.6336399059731498,-0.5765057943318476
41.78612615073415,-72.54398360879497,0.043773092393249564,0.10262967098635402,0.06050985687188015,0.4332988838567958,0.24884214836510946,0.7549259384004002,-0.6170024154940181,-0.2704085031959803
41.785941314621084,-72.54057690509866,0.05307591080048557,0.05535684867914431,0.0428457723489213,0.5374453328930306,0.13408272187314635,0.8523300737788949,-0.8132366904172587,-0.6006638265624409
41.786365412472236,-72.53624991452773,0.03504287974418034,0.07007702401342732,0.038230671740811864,0.5653523498005971,0.1892847512663367,0.8733209173340241,-0.7794341058147645,-0.49834231314967437
41.78611379747971,-72.53233298040298,0.05414018421324755,0.09501534820947535,0.032090643329219765,0.35956496382192277,0.16541785366239636,0.836128257871024,-0.5819645255427929,-0.3698161229159189
41.78571268226012,-72.52803514189453,0.043913178960512736,0.06512472811940272,0.07098753584286377,0.3573204387561267,0.19238183312027912,0.6685210640342297,-0.6916772484293031,-0.3000507985401452
41.78618733996164,-72.52363021169283,0.056014904466623244,0.06520173596359621,0.06385929633295453,0.3902229357811127,0.17274007857187632,0.7187324593801202,-0.7136662108628783,-0.3863181979355936
41.78616045244087,-72.51992188926448,0.06053586202348071,0.10252207054482523,0.08736441376866236,0.4048441151653906,0.14713039774244524,0.6450105651039313,-0.5958655762550911,-0.4668942340567385
41.79014248303385,-72.77984436339936,0.09716144317683595,0.1541180781879376,0.12607842841242278,0.27878661203549515,0.29904179803677733,0.3771829334884666,-0.2879814810581356,0.03505398081542709
41.79006685322425,-72.77612018961074,0.06182085930116212,0.08670300920726962,0.0380380686234166,0.5880660761626084,0.21809672181801115,0.8784928388026679,-0.7430142812196474,-0.4589263549140994
41.79038925189115,-72.77156992811885,0.05152631125679947,0.07708078978114083,0.032149315957929366,0.46084800130429937,0.1649240290197118,0.8695761018073496,-0.7134163812812244,-0.4728942137784019
41.79032391172504,-72.76785127493798,0.11508569506467377,0.15846778231340453,0.21671701905596946,0.21048322056887717,0.33600644764632454,-0.014592216737908703,-0.14098196738624613,0.2296900277866144
41.7906749719485,-72.76404022513961,0.031696070026800964,0.09255637445100348,0.0435461106086344,0.5608416699650397,0.20838462221759618,0.8559000959043174,-0.7166922207925392,-0.4581968288517111
41.79004247199238,-72.75983516558813,0.0752156775205055,0.09493253677318311,0.04090466077192104,0.5658132084674189,0.21018082114778297,0.8651608503860142,-0.7126503274308194,-0.4582926849269524
41.78976681702684,-72.75532330372319,0.0710745513301186,0.05440227186235063,0.06799198587689645,0.49457853423787623,0.1419468433947824,0.7582810209712905,-0.8018062880966427,-0.5539947081993627
41.7899635159892,-72.75163795654447,0.1372157296278948,0.1532667227004487,0.22394879621898472,0.2537131793546279,0.20623055037532556,0.06231264923254535,-0.24680937841639605,-0.10323573496084137
41.790202137750505,-72.74740294315181,0.07733914633956016,0.07113027185613198,0.045308349023695293,0.6128100499521691,0.13117118627243696,0.8623094291416189,-0.7919986010824237,-0.6473803911021307
41.79002496128512,-72.74350538510963,0.14959230450489489,0.1555635722682766,0.27618800505645663,0.18303230566925255,0.3362914420981167,-0.2028562265462289,-0.08112542175142462,0.2951128984332842
41.79011067937143,-72.73923487682372,0.09727253959334178,0.16277085351829984,0.22084409206196773,0.19808798120731047,0.3326089950522577,-0.05431933314886169,-0.09786964954277773,0.2534798950487179
41.7899032037241,-72.73530821483301,0.07883958386015896,0.07897883922153522,0.05585596607060297,0.5424052716153094,0.19857010032877515,0.8132723213469251,-0.7457970429428231,-0.4640304985905533
41.78970547534721,-72.73133778143446,0.11350394587117624,0.1472474293646721,0.25768075201906326,0.18319002827134,0.38906476092739206,-0.1689627144231603,-0.10877277401843428,0.35976061108080315
41.78997963069639,-72.72697137020008,0.04612111685989587,0.09630351198287637,0.085547579319674,0.6180207275913354,0.17417589457613852,0.7568179848939828,-0.730364709336253,-0.5602710496301083
41.79013084206999,-72.72326339999582,0.07186852114464573,0.10590545187110939,0.0507505826853662,0.6100812842427636,0.13564505631494408,0.8464039486434581,-0.7041692351846424,-0.6362068792863105
41.78991258970243,-72.71883056884501,0.13365138570536544,0.17336798576468385,0.17924894022204274,0.15234070932706795,0.2777688472217167,-0.08114918825591841,0.06455853575444935,0.2916190444618084
41.790037110845205,-72.71485603084082,0.1314174532210578,0.1291058561784511,0.10664749302696239,0.2657409438936178,0.3444107903785986,0.42722446535198266,-0.3460458276228338,0.1289348895792577
41.790241896687924,-72.71075049379807,0.10653454157457466,0.12040108112184529,0.10825510234249879,0.2532158425923092,0.29709330335803963,0.4010301305847815,-0.3554837938017963,0.07973238513046485
41.79004081054183,-72.70661877562326,0.11858125558241989,0.146176692852941,0.15024150309895362,0.18643057811910008,0.24122865503182073,0.10749057328786267,-0.12102527148164124,0.1281349089764243
41.79050500334936,-72.70249766538095,0.1519890303709417,0.19545223607925277,0.10036807419398586,0.24800633709508113,0.2649145478471271,0.42379192649310576,-0.11850960652229428,0.032964558957179216
41.79036187893117,-72.6982607179711,0.059041791405918156,0.07764954212420086,0.03117061592012426,0.508442231103574,0.1843357603209757,0.8844704454608534,-0.7350259953434848,-0.46783598034940843
41.78994757151789,-72.69464504627281,0.11996865684172763,0.0699268664699377,0.05401110740305949,0.0670866900830244,0.04563891717967087,0.10797539634416145,0.020729163291337865,-0.19026531259549334
41.79006054185863,-72.6905820525962,0.06434084959811956,0.05315169928012903,0.07301669437075786,0.35131852880033687,0.2388315019147794,0.6558537194951782,-0.7371786816924634,-0.19060750831318427
41.790124589857335,-72.68626855349372,0.06682558666797361,0.10651050702597245,0.07952309941408785,0.35590623198770643,0.12710897005809377,0.6347370575240023,-0.5393310923252641,-0.4736854263810889
41.79026519928424,-72.68211264501157,0.0795098132882146,0.1083799257904676,0.03465533210640624,0.06660320736629458,0.03404385598426217,0.31550796037801276,0.2387471161963165,-0.3235002621847714
41.7901297088706,-72.67825795609433,0.10629453064601846,0.06913744980732074,0.05584814352979228,0.05638652739409174,0.028382262143180993,0.004796947858158547,0.10158156790052317,-0.3303605655309883
41.79018997427535,-72.6747573845547,0.09104999831435681,0.1779563502024621,0.14387573208135115,0.28969094752512137,0.3667079687533912,0.33631554799395474,-0.238929205547869,0.1173326453141053
41.79062578692129,-72.67034151676981,0.1126360489774367,0.10689981845344414,0.06476279265146709,0.051972366602956635,0.040103150391649,-0.10956789822536482,0.34573359604129483,-0.12890740773144946
41.78986388560882,-72.66640591888735,0.07975119208526653,0.06877086642202418,0.03956623879164118,0.07954449493006772,0.057128221864014575,0.33563940787932683,-0.07264000444611794,-0.16401424945570217
41.79016115687482,-72.66250010278763,0.08535660301176837,0.10806728300528856,0.07506083648046677,0.06556708053561155,0.014496214505718343,-0.06750975301561048,0.24476838341775561,-0.6378811414585129
41.78978423434564,-72.65810624118444,0.050407091967309664,0.11799268004965671,0.0692154822952534,0.376055130386724,0.18227594604330102,0.6891082396911349,-0.5223430706212965,-0.34706859876482105
41.790160371506666,-72.65387797393903,0.07393213166888174,0.10703406668490342,0.03499615223175702,0.05988869282445028,0.058284277807525056,0.2623447461809899,0.28243826066038225,-0.013576835788632525
41.78992626806923,-72.65007120350867,0.06911319236453035,0.052238963564581596,0.05563862271114264,0.42783164544632624,0.22714409341963038,0.7698364247994632,-0.7823696656947619,-0.30640455839505126
41.79031098419086,-72.64570277684783,0.07769206361072864,0.057053529501845474,0.050821052812951045,0.5201738894952392,0.16439190650277188,0.8219912330308498,-0.8023187131305222,-0.5197191929137823
41.79033193727458,-72.6420500640613,0.03910383480944233,0.053661981955023676,0.05945111033440957,0.3871340770884157,0.16141760888032447,0.7337524306281055,-0.7565224059785188,-0.41147712053692226
41.79001371017538,-72.63780996641718,0.0584012120669386,0.06166620906968565,0.05254481467240546,0.46553811491919733,0.2425822985155649,0.7971567420149289,-0.7660633410473091,-0.314855795954501
41.79015828487833,-72.63362968784497,0.08591591240920866,0.17975864346268866,0.1281966822428381,0.16449727233023312,0.42876205292142455,0.1240223432026252,0.04433147095614654,0.4454456412953839
41.79019751064327,-72.62992229325803,0.0887228409889388,0.1579794824544678,0.18071659718077387,0.27804416791863384,0.41274736441820525,0.2121532139235366,-0.2753627821826356,0.19499833190469443
41.790318827357765,-72.62565396852436,0.09664057470475701,0.15992512187092134,0.16460607383202863,0.15247076196502202,0.44066799699845904,-0.038272464264068745,0.023861901809865155,0.48588501540021767
41.79004714030192,-72.6215691609217,0.17016903038374415,0.15347559678577333,0.19529788756154126,0.16442659844726157,0.32496719154546877,-0.08581925978073186,-0.03444770695421189,0.32803970213964495
41.79020645865538,-72.61782338967495,0.04168074613369378,0.06463894789979109,0.030697479015622968,0.4261148212453928,0.1520757829638764,0.8656013465570743,-0.7365727908218331,-0.4739596878373542
41.789985277550585,-72.61370479983589,0.05840637354744186,0.06578105134023396,0.055530136803251716,0.5898161766642775,0.21350330853714417,0.8279059300582936,-0.7993248033081028,-0.46844733018367896
41.79010266011718,-72.60890665433979,0.06113800849121186,0.11825793235654056,0.05089925521003227,0.5662018328851215,0.19266438931338986,0.8350375450895855,-0.6544488416648208,-0.49223095276207746
41.79012364129268,-72.60548894639642,0.09678545227398161,0.14954783464808746,0.23211634587814434,0.26198288420747895,0.31800736570471155,0.0604464377007003,-0.27321180268647804,0.09659555743517173
41.7898431386603,-72.60124229732956,0.03379672876248807,0.11858727116015358,0.032007054684496876,0.4061860160920237,0.21208002110506688,0.8539134604398135,-0.5480437970419517,-0.3139522200943407
41.79033136172919,-72.597219979295,0.03769883395244387,0.1006500094671349,0.0647360034786087,0.36740922518385694,0.1798174506022089,0.7003969999670094,-0.5699261887560682,-0.34280451389212907
41.78999373493691,-72.59329861137391,0.035395897365452594,0.09186386227548246,0.05891083415080908,0.5060828141895628,0.2443440705917991,0.7914637294636658,-0.69273560372117,-0.34878646928277596
41.79053538065982,-72.58917086111448,0.04828287731522888,0.0658985543676621,0.035016981562651046,0.377472837856637,0.24472594143925716,0.8302165051639399,-0.7027388075849313,-0.21335126463539786
41.79003215643925,-72.58466545520828,0.056457361841873145,0.0999962907045047,0.051152274120149555,0.4687967757031418,0.21338964954445183,0.8032412055083703,-0.648391316244215,-0.3743949112824873
41.78986975200439,-72.58087780846527,0.04050440858431161,0.05021543207108682,0.07141582413390024,0.5409615120977355,0.24944395081759962,0.7667587616048327,-0.8301170823172468,-0.3688202763742309
41.78990649588307,-72.57649949593863,0.0773983712181319,0.0951206235767774,0.08778843362820511,0.6184990660250018,0.22421117223030007,0.7514087855970552,-0.7334136796874046,-0.46788074464481694
41.79070761703023,-72.57280822999995,0.05485278463068387,0.11423453780591533,0.07985735048603909,0.3797302598028086,0.15935394408383943,0.6524825791720135,-0.5374790334901476,-0.408797575833454
41.79018106444647,-72.56822504262256,0.041662267715340186,0.07128313407318665,0.0611273192577443,0.3705522614127153,0.2449598535429293,0.7167930937905153,-0.6773317176420686,-0.20404538727696128
41.78986176989668,-72.56445990132003,0.043541036891187074,0.10586586229610132,0.06804038881070534,0.47544902654031673,0.16310817776044195,0.7496165081089563,-0.635771027616353,-0.48913526724970297
41.790279489815894,-72.56067965825412,0.06590560186749309,0.08122003532320632,0.08886960904558873,0.5417189801323026,0.17507121424826566,0.7181375921773355,-0.7392359980412652,-0.5115133671727814
41.790400404495834,-72.55641952743845,0.06699825967721668,0.10368972851340572,0.0554176499816343,0.48698463598014663,0.1449011540747896,0.7956584940147572,-0.6489106866782346,-0.5413691639997416
41.78990203771123,-72.55218326898358,0.04737191627851765,0.11637597407966462,0.03988700599103984,0.5740928677052576,0.15659091423105223,0.8700706400979856,-0.6629073839774651,-0.5713852747187388
41.79000639915403,-72.54834290704046,0.05145887462929358,0.08181226343039316,0.04921506770666091,0.5305704935023788,0.18309456120405748,0.8302301023018522,-0.7328067699353116,-0.48688937479397026
41.790143547690604,-72.54406178535771,0.035098136692495195,0.05440409857231694,0.042498397499846526,0.539155374513623,0.21048021394434457,0.8538704654051057,-0.816685265624798,-0.4384465807518254
41.79070206084615,-72.54028134497834,0.0567747843630573,0.07188284616064826,0.03034868971006504,0.5247271199477045,0.1576627143899301,0.8906502889081892,-0.7590290131104068,-0.5379101315512232
41.790203730480734,-72.53659429060414,0.03871200962031256,0.05227043178945779,0.08696342371152699,0.43262181495523727,0.17114460658068456,0.6652582974271101,-0.7844039283351166,-0.4330767645364918
41.7903132627894,-72.53224193503918,0.0786110645384275,0.09858138024866533,0.05842949068999198,0.4330173444233353,0.16758571470653544,0.7622143983223814,-0.6291135562468078,-0.44194185441104206
41.79077557975382,-72.52811241111742,0.03759737627476,0.09873600717605538,0.08216818662713096,0.5934155052736196,0.22938440914414132,0.7567490523758758,-0.7146982838291949,-0.442429671844434
41.790319025082766,-72.52393194401452,0.07631778658836932,0.0516353812724994,0.05472589306249152,0.4051138794839526,0.249579942105188,0.7619784267052969,-0.7739005370825004,-0.23756744336037347
41.790098174758,-72.5200659705816,0.04479399025630828,0.11664715851815914,0.03175502640372865,0.4007707207597454,0.2001935880500204,0.8531646885209506,-0.5491181762758218,-0.3337588102477768
41.79426025873139,-72.78010844744875,0.04954023005347846,0.08183791813676225,0.03161842911203489,0.5832716983240676,0.1639332940002036,0.8971574669969941,-0.7539114873357664,-0.5612093182346939
41.794387492302846,-72.77555081564817,0.14838240214544296,0.10153764662156226,0.14761807472566332,0.34988093420766175,0.3211964642159849,0.4065593214259161,-0.5501397109749236,-0.04274390712465707
41.794121685053206,-72.77224261388109,0.13472658583823965,0.10178853081771652,0.13460151117234445,0.21587082191428425,0.2545033728596672,0.2318850963960453,-0.35913405387064234,0.0821315271428711
41.79441800873757,-72.76750090882264,0.10399585307979065,0.1286195259169842,0.1928455956129469,0.32925781230283163,0.25587898499363654,0.26127432731082584,-0.4381922179549447,-0.1254045680398675
41.794223108271105,-72.76416428480698,0.03904916169424424,0.06720258023647599,0.06742993664144442,0.388040740965374,0.13113077294373518,0.7039109652645837,-0.7047619279331324,-0.49484604054492815
41.79350994029812,-72.75990021071898,0.09329970963932699,0.17335338871257883,0.24670968126384815,0.19394287296571283,0.28960668827545927,-0.11974697024142539,-0.05605688486742066,0.19783662932957097
41.794562995958124,-72.75587971519177,0.13178906173192453,0.14827018466141983,0.16562920030331899,0.34803704793612755,0.4030108648084868,0.3551096616879114,-0.4025064519595617,0.07319615158966895
41.79401371313995,-72.7517291890869,0.03141556750685178,0.05966940330467074,0.06574588162158346,0.5654868323852673,0.24330054883557048,0.7916905123492383,-0.8091056286471554,-0.3983572086193621
41.79408604755969,-72.74765087597888,0.15901424501927916,0.15809150792110732,0.1969142606704044,0.28360176395444014,0.3236783704932802,0.18040502052291735,-0.2841570474922174,0.06599360701183972
41.79384436062611,-72.7436611817139,0.0922438194816535,0.1357528089864361,0.1693124489343771,0.3112100624908217,0.32494674122854783,0.2952985764092205,-0.392554426108105,0.021593227734754875
41.79406171907249,-72.73969199486537,0.06176349316199639,0.05000354389192001,0.07421541883663615,0.4856868608345255,0.14709004444697976,0.7348986723889608,-0.8133117806451855,-0.5350966723997507
41.79460308840901,-72.73519673300974,0.12988664048316104,0.1237454823120461,0.2222875721231918,0.28284026221909087,0.2525569098144791,0.11987597194033775,-0.39129453515520646,-0.056562406352630074
41.7943400583667,-72.73157914045501,0.0516744511335368,0.08052598050363939,0.08906426827648897,0.5915052456719119,0.1514971787056864,0.738265477806161,-0.760350479658801,-0.5922027338400859
41.794227432406245,-72.72749243818826,0.03916616883650086,0.07979223442288548,0.08903529787610037,0.3762032128691022,0.2291724165958407,0.6172488054203131,-0.650030565450834,-0.24287531429571035
41.79356991430757,-72.72289540946574,0.057461568406961296,0.11164487153470348,0.08214641651920504,0.3539513373939884,0.15442929146355866,0.6232660416978139,-0.5204219046731869,-0.39246587026496965
41.794481395702434,-72.71899425327139,0.08718660098410808,0.13278635881626588,0.2059029560710026,0.16771057840116266,0.3872680596610404,-0.10222428832455832,-0.11622154923870953,0.39561429251853353
41.79463301937763,-72.71469360711933,0.09773740656289548,0.105513380490724,0.18056332002143793,0.15397190382125148,0.4128398239632735,-0.079487642271986,-0.1867486376308973,0.4567088284391168
41.79416666261107,-72.7106637056384,0.16881971977301835,0.19550769082438188,0.10565085276356187,0.2920527309018931,0.298687055571834,0.46869549532430405,-0.19801656528165304,0.01123053639156902
41.794130342932036,-72.70703204301445,0.16174558496046032,0.18261046757164665,0.2271843826755444,0.2988053539473332,0.2559301186329659,0.13616419919451658,-0.24136075546720595,-0.07728951443277506
41.794430770319536,-72.70292156543678,0.09255777856311452,0.10636749605866078,0.2217368410606927,0.2493838781352552,0.25059679970349863,0.058683551684475144,-0.4020121704396786,0.002425936885174197
41.794193085058374,-72.69899017678738,0.0663287989601021,0.09732224600876124,0.057784853928854144,0.48834527318874804,0.12561699845413624,0.7883843023499383,-0.6676535992908957,-0.5907989651611611
41.79442452817865,-72.6946288354836,0.14489468973564484,0.13721833827934504,0.1553543130956302,0.1654699186162366,0.4419913493311596,0.03153005453057946,-0.09333556784344467,0.45520833229299595
41.79425538629562,-72.69035200334962,0.10218857114334887,0.07616772478765126,0.05068249695090508,0.07250569312334403,0.047973992489672664,0.17715331444747642,0.024631381424886186,-0.20361690445032954
41.79446541598715,-72.6865013836084,0.15047708679098876,0.17361627191350765,0.21688207805999607,0.294289400939318,0.2572777009168729,0.15143122427498698,-0.25790054711255167,-0.06710280562036688
41.79468559630445,-72.68269313139695,0.04681949468430187,0.10629471459667841,0.06926610339279675,0.40419039558180336,0.19928843482742076,0.7074024602352634,-0.583554103822874,-0.3395346289370861
41.79401492352248,-72.67860495886524,0.09814104424464193,0.05871573138340611,0.034779926432538515,0.03552248995852147,0.040351491607730675,0.010562418251065712,0.24611289447762238,0.06364502757763658
41.7945412093343,-72.67407621192382,0.03558536898875793,0.11243575842841763,0.06005121030099772,0.37713792847514804,0.1895459349152333,0.7252849854911617,-0.5406789154068046,-0.331034648556218
41.79426409250546,-72.66988771513927,0.0840095518429485,0.1376072619958306,0.20722077965649013,0.2998156211747968,0.3177636119366752,0.18261971204926766,-0.3708273284726463,0.02906184307955637
41.79443820914731,-72.66635359278798,0.11356650081535155,0.09269018901966164,0.050216163440297626,0.06572169385509016,0.027060293446146626,0.1337400119038544,0.17024287998580315,-0.4166907988661736
41.794726792269465,-72.66245278174203,0.07427967062634797,0.08233148522172881,0.04907332972041473,0.3600706409496639,0.17446389488629713,0.7601170578657458,-0.6277979677257135,-0.34723059712707904
41.79416229189292,-72.6579039633663,0.14424447985537198,0.18804076919593027,0.18445785693507527,0.24338598975580256,0.41154372101598435,0.13773280433153817,-0.12828416274954377,0.256756913748836
41.7944029719511,-72.65414384312854,0.08097826781239444,0.10992942693599034,0.046465619768278794,0.07158637976155442,0.014288885696521621,0.2127940237634628,0.21123806169853834,-0.6672176645905707
41.79458232452874,-72.65055063500698,0.14512781114139472,0.14393388823780023,0.20976342405710002,0.28479145709573395,0.3411974945455834,0.15170820448428202,-0.3285496656334866,0.09010708144601458
41.7941986539854,-72.64595545602586,0.13459297413132104,0.1524774440160281,0.21651259393912206,0.18441043071252897,0.41153928657361205,-0.08007064012969976,-0.09478817461812905,0.3811208383408441
41.79417887115276,-72.64171480559573,0.1188479871444887,0.17398615369096607,0.16197527538699524,0.164613389641,0.399571267241988,0.008077788779897243,0.02768097073532353,0.41645563156411447
41.79435859642265,-72.63795173952754,0.05396651363806057,0.09765461457945751,0.056167023792011,0.3872212492586726,0.248268820718887,0.7466463269063927,-0.5971974607832478,-0.2186539729010907
41.794151183082576,-72.63348225590079,0.036338746106759044,0.07282793786991859,0.03748196104577315,0.3840267759465151,0.1227751808340361,0.8221533374931731,-0.6811768132519206,-0.5154905019942588
41.794290527899136,-72.62991330366287,0.1632007719069687,0.18948779655801057,0.12191358775474605,0.2534182467737506,0.3366642029829128,0.3503690519196293,-0.14434314270092846,0.14107512643951867
41.794124790959195,-72.62544237059016,0.1178873886442777,0.12240216309331761,0.21747078722966046,0.1761886885453645,0.4138201062379922,-0.104867534569112,-0.18013453914232017,0.4027591110398324
41.79402355494836,-72.62162926965968,0.12510656397241962,0.10150695425183473,0.11637129056121681,0.18504146398650714,0.40099685384035477,0.22782769603871386,-0.29151970284195067,0.36850046026793953
41.79398605286054,-72.61759384162471,0.03484934813384976,0.10011624003282418,0.07759812210104405,0.5912482400099973,0.2351469756307226,0.7679642844849284,-0.7103807241395358,-0.4309091553769253
41.79430556252688,-72.61330888763514,0.0831406277337559,0.08593440716926266,0.17027887648396392,0.31685400790463925,0.35272395427420195,0.30089352642378203,-0.5733024885857466,0.05357097813201624
41.79461761148695,-72.60930360789614,0.04891038046224633,0.10475793830013179,0.04285799706726828,0.6058919557465423,0.18663141322886034,0.8678751439398767,-0.7051770803662387,-0.5290197853215537
41.794638770042916,-72.60498380021765,0.06706856902012934,0.07552860267548225,0.07865568085639225,0.5724538123267062,0.19360675652699444,0.7583949191959531,-0.7668807025412036,-0.4945392978085295
41.794162553447016,-72.6009964240782,0.12578384901214032,0.1783881000781021,0.2004474074225971,0.24758718748668584,0.3013106634693258,0.10521459860400627,-0.16244859603048928,0.09787518003408124
41.7941885478139,-72.5968486301501,0.06331162202815988,0.05766639816114544,0.04533585430177018,0.5447197096597198,0.22316672318665248,0.8463336096777183,-0.8085400794857176,-0.4187507067694202
41.79405276140294,-72.59311088733004,0.07207197358322906,0.06204720755799166,0.037852703723918545,0.5468849669174175,0.17796340828735002,0.8705309897944423,-0.7962097909789546,-0.5089637657335553
41.794489897764564,-72.58898316438369,0.04065969385498493,0.08841591206761351,0.036918628480255844,0.425262287777704,0.14161081148957752,0.8402416578375113,-0.6557536913412406,-0.5003791442119295
41.79416077021743,-72.58504885932001,0.03603711686039231,0.09283082434199595,0.06508596422899357,0.49529526987516725,0.182952188451563,0.7677082662018774,-0.6843165938230975,-0.4605149309282631
41.79414161815036,-72.58071736206664,0.03810183191744205,0.1069891925660115,0.033688538660643114,0.4801736014575306,0.18649051771581174,0.868881024576375,-0.6355723024176432,-0.44052630896932515
41.79417369192951,-72.57722230957359,0.033745548773098655,0.052606378953030164,0.06441558144713895,0.3919781448497436,0.22513161742589236,0.7177192510081226,-0.7633458830142843,-0.27036766815775665
41.79441412552467,-72.57262490693992,0.03822332149893543,0.0786728312934058,0.08289421207707356,0.4579511795021327,0.13408371848177097,0.6934642936125164,-0.706786018848563,-0.5470411661934954
41.79370309529658,-72.56921832607432,0.07468103949221025,0.1149182445710885,0.05980826799051936,0.4328134263242201,0.18274239654308036,0.7571837834965204,-0.580384883045941,-0.40625239903716936
41.79450879842,-72.56438439739223,0.04147155528380523,0.09355419327549576,0.07559335086418079,0.6117455028343999,0.2295341610095699,0.780040512892842,-0.7347108079260574,-0.4543213847324352
41.79392680766709,-72.56030278574856,0.056584592893935276,0.06803136959322993,0.030861912424998035,0.5537935564759755,0.1665103609863842,0.8944270119186201,-0.781188026593651,-0.5376663740133404
41.79441400748316,-72.5566090346264,0.07886043565741951,0.09749770384959328,0.03952596679456072,0.48885980820101826,0.23722391913615312,0.8503897392207752,-0.6674462189164289,-0.3465659394236954
41.79450855897877,-72.55244495925643,0.06606364948904489,0.09928081895201564,0.039010225112825085,0.5949652035631205,0.16189527325269942,0.8769345834292105,-0.7139895203364998,-0.5721925553998872
41.79413171858942,-72.54827051608319,0.05287886908998493,0.052798740145533304,0.07677315106609581,0.5837723466119858,0.12173851275276963,0.7675462134373326,-0.834115179768932,-0.6548925898535894
41.794437711480256,-72.54481544465573,0.031518408055287474,0.10074770712337315,0.08994564472785821,0.5652220182993677,0.18569641039456788,0.7254270935404196,-0.6974405794214713,-0.5054152267442746
41.794317358236285,-72.54070986957274,0.044622582523019816,0.06570238474540889,0.06075266356227722,0.4507074414858348,0.16283083880504023,0.7624343992321265,-0.7455416941815203,-0.469207239268451
41.79454091970108,-72.53610294426817,0.06525072503224383,0.07319250287611204,0.0442600248951112,0.3845972365123317,0.13462668410740586,0.7935908803322733,-0.6802352845483646,-0.48143111763141594
41.79428654039423,-72.53269936887317,0.07801063119884837,0.06953945711284468,0.031548291634909895,0.5809390254376599,0.16778636146053902,0.896983037017983,-0.7861898310911598,-0.5518080075910334
41.79415543899226,-72.52773124105627,0.06302110291094543,0.07511553601126034,0.07937967177400337,0.5202669419801349,0.2343886058372156,0.7352451595547576,-0.7476730042016926,-0.3788196309823068
41.79396530780064,-72.52417690583867,0.06482696424523626,0.08238146972484664,0.07132043951763307,0.5291765947407527,0.12087147059039617,0.7624619758340226,-0.7305849615544375,-0.6281152824327796
41.794655604197125,-72.52007498828324,0.05709114110000155,0.05779326718875984,0.031381350094340406,0.35408232136940393,0.14056528660848167,0.8371760950899777,-0.7193654161875707,-0.4316548413804683
41.79838678565453,-72.7797698008806,0.10602455484156964,0.17807481225906532,0.24939109763475237,0.20641963580795347,0.2916936665614322,-0.09427479142985186,-0.07371972128957123,0.171194044302479
41.79808954445677,-72.77531294719944,0.13028870909009188,0.14408897156596528,0.17713586626136854,0.30690821216673403,0.26368678770595516,0.2681002654278751,-0.3610205262329748,-0.07574799020394923
41.798225536911076,-72.77178817086796,0.06923442763852156,0.1069398062700409,0.05944580247209273,0.37369177414632193,0.22220364571290693,0.7255107583313498,-0.5550029976082687,-0.25421932000954417
41.79852436139946,-72.7678175226578,0.10932442951126878,0.08875724486801821,0.2773879406506732,0.22403913664394615,0.312412312205522,-0.10639394325205402,-0.4324918693816585,0.16473657728226954
41.79866666289411,-72.76417606721802,0.062414441491956275,0.08456270281147613,0.06169979950012086,0.6077946574088884,0.23841671884496532,0.8156824186865331,-0.7557252723230633,-0.436507885534635
41.797730713704446,-72.7596434285457,0.15279782613116033,0.1616563329454046,0.18183723247910627,0.33951787299191616,0.2831947150390671,0.30244384078746495,-0.354889653017689,-0.09044807995762992
41.79811201255079,-72.7559887007084,0.1260166803930327,0.12096840750452244,0.24732306234030113,0.35177597520730436,0.2594680193517144,0.1743499927734456,-0.48822910677180165,-0.15101654441968868
41.79810740490151,-72.75165597873323,0.06979530740386841,0.09080803731517992,0.03898443143472489,0.5844219884371036,0.17547116373835522,0.8749309272665495,-0.7310308077191638,-0.5381688511443802
41.79814057045435,-72.74760329394579,0.15421445445264803,0.11782499222541493,0.13261249204915723,0.19814815430169433,0.34398527202264717,0.19813621413419508,-0.25420882425965263,0.26900595063788424
41.79826070255631,-72.74369891436382,0.11189847093906204,0.14435494528800646,0.20658226622476575,0.20956345634726595,0.3080835034276369,0.007163812964541952,-0.18424730321442723,0.19032285464056833
41.79843370675897,-72.73892245962645,0.037676356152136756,0.08711709246755628,0.046526102552977996,0.5198385559520636,0.16845767974829082,0.8357026631012365,-0.7129375344165915,-0.5105082055929538
41.798432336689814,-72.73528506700805,0.08418512234587522,0.160880897927029,0.18908139391049833,0.3447126611500758,0.24254820427338855,0.29155676381955337,-0.36359593575244065,-0.17396775929044433
41.79860452892273,-72.73083846031281,0.056584065782515874,0.09575780021025128,0.0597289316836353,0.45537103273020263,0.24269947655728147,0.7680879991843746,-0.6525030283777684,-0.30465626801795936
41.798755268116714,-72.72751104183757,0.0708565699108078,0.10079426032100067,0.068764754528716,0.5894527646003377,0.19974327044619822,0.7910576594202331,-0.7079472806637961,-0.493805691929458
41.798000196325894,-72.72347222149271,0.1554370963110184,0.14466689761012863,0.2089034053461371,0.21560780389195577,0.3134687509724517,0.015793219118646205,-0.19690782057706238,0.1849655710137749
41.79864647626034,-72.71927145448846,0.14044097974593572,0.14492377990077646,0.1328563301877656,0.22411890086417946,0.3369563460064972,0.25565519043850365,-0.21459610254089428,0.20110929108288728
41.798896139228034,-72.71494555462179,0.15592491541084091,0.1251603952273542,0.10495163635435999,0.28805375347902057,0.44832257284832056,0.4659023053151738,-0.3942105050410956,0.21764526321566693
41.7983612511007,-72.71087840616991,0.12251465354897204,0.10633724453229874,0.2297531704255237,0.28931661671388387,0.4463478640193699,0.11475036259886014,-0.46247336397845035,0.2134549803858538
41.798408489050125,-72.70662931920121,0.1695774163321364,0.16426742903569447,0.1564982344279059,0.22267107854073243,0.2481063369872218,0.17452056864712517,-0.15093780629601009,0.05402820442855132
41.79870375001038,-72.70262937265622,0.08027936265412819,0.10759611454124965,0.16733871586069182,0.22975429216333854,0.31210399248494947,0.15718125235503919,-0.36211065762567957,0.1519764533545203
41.79853048561438,-72.69933811215,0.09867463811404809,0.08354880446465884,0.051541904122996265,0.0554173701967019,0.04475193719853309,0.0362330999191522,0.20243368097674802,-0.10647406152152507
41.798640402748916,-72.69451173362656,0.054548299251470686,0.08164545385092278,0.05634147505842085,0.40679991922681163,0.214228929737224,0.7566985989435351,-0.6656925897916975,-0.31008380659098755
41.79853314884623,-72.69020524688803,0.09953992198489525,0.07169085569034904,0.07648824221903228,0.07616452918938248,0.05229641909264232,-0.0021205840330518594,-0.030257088726747497,-0.1858005130426081
41.79830760054198,-72.68656291217059,0.03800265996355712,0.11329262194018426,0.06969544167392805,0.4318839592474552,0.24971575853351702,0.7220960767292276,-0.584381920098688,-0.2672656633529839
41.7983795915919,-72.68270542753154,0.06562663117863515,0.0509615822383098,0.07575355350737098,0.5258910121552647,0.1557187549670505,0.7481783836144584,-0.8233115956013546,-0.5430853180860987
41.798641878805626,-72.67875073502928,0.1285476930278497,0.14581863847431537,0.1522670669126257,0.195253437632608,0.423308638559224,0.12369448754177649,-0.14493945010847273,0.3686860376740753
41.798268817361325,-72.67451887875532,0.09940276564756359,0.09885309986669497,0.03821679134720706,0.035284550953713904,0.015205385426437209,-0.03989369855979374,0.4739053392107653,-0.3976864889687271
41.798252128368134,-72.67019743107195,0.09249707609813489,0.05319657667322981,0.061254337484198916,0.0677182501332992,0.029673390078828153,0.050118500128652946,-0.12009836877412015,-0.39063784090303927
41.79831336524139,-72.66634383165635,0.10893546146494401,0.09825557489265199,0.07439929653471039,0.025368796437417476,0.015387924095231244,-0.4914446957605026,0.589582601480992,-0.24488899528093583
41.79832155139887,-72.66247907734144,0.08585830701564401,0.1608087786885689,0.22286080996662175,0.24811518306672828,0.3375523735849285,0.053621359631207906,-0.21350278424232838,0.15270982574060468
41.79802241301902,-72.65818576775546,0.03298479313764713,0.07150609179529777,0.06694100882416304,0.40821632437045313,0.12496459399725887,0.7182364486554387,-0.7018855513702266,-0.5312488137053842
41.79829508232921,-72.65401816052407,0.14864288469288123,0.18852715302756745,0.11125342436343345,0.2658109896727614,0.2727799615752733,0.40989698193712815,-0.17010202178021538,0.012939266592510022
41.79864511957487,-72.6502409042662,0.06451406045178225,0.09610918881576877,0.06968137696366378,0.07980999742268143,0.05673021244976635,0.06775387878126843,0.09265158475093532,-0.16903288045679432
41.798409791554455,-72.64591054631843,0.09189105230982901,0.10163398464997087,0.043395186979026015,0.03193648207928415,0.03194766858854111,-0.15211006264672433,0.5218032419693668,0.0001751061748496149
41.79805257231208,-72.64211792441621,0.11729588814429442,0.13850032599457568,0.19989206924753933,0.26070496894048156,0.33066921750923406,0.13203059214661672,-0.3061197947431688,0.11830791768030872
41.79841669405035,-72.63780752882253,0.06679545498439737,0.05987931591151388,0.06449688954905444,0.06907495261572535,0.04684728331156045,0.03427416282110733,-0.07130928513831292,-0.19174638175636632
41.79852987762972,-72.63381639626976,0.03725503747741783,0.06073087665549817,0.08373640024267696,0.37763364894806173,0.16421874195458463,0.6370098128842393,-0.7229206602797926,-0.393861705838299
41.798293415550276,-72.62948723212699,0.13957326378148746,0.17650484943539174,0.1743201242605597,0.27616744629302836,0.2577723470551588,0.22608242422163197,-0.22016500191880312,-0.034451635684463716
41.79802532831684,-72.62586150754696,0.10229325658503505,0.19755175075676534,0.22216545558474787,0.2753161314677938,0.431435188478829,0.10683948364390906,-0.1644526592611742,0.2208967321388604
41.79837519071531,-72.62180136606419,0.09829038616592319,0.1861135965362009,0.20746207535714128,0.29695014133359,0.4181329413053604,0.17741058407258256,-0.22944496990429222,0.16946674157715502
41.798467377896856,-72.61740236837525,0.053684976339818787,0.10374568718010559,0.04039652341066513,0.5971897271407902,0.20889279496329127,0.8732829530883838,-0.70397932516901,-0.4817086607509423
41.79839459793617,-72.61271667911106,0.13598426338226138,0.11854422062555577,0.1829680862901324,0.18227116268666466,0.31833844500610203,-0.001908129001524725,-0.21184735088818854,0.271803178022393
41.798304346119906,-72.60931950506779,0.03434955456763775,0.1186364084249766,0.03896884134005103,0.3611008605658624,0.21736087861086928,0.8051897399157932,-0.5054109151263707,-0.24848658471269722
41.79820008791381,-72.6050792142424,0.04024531078556902,0.06078020401460878,0.03353810865428717,0.5071316515714133,0.18333875290119533,0.8759386556396761,-0.7859519803407156,-0.46894536908868045
41.798527572481326,-72.60148616783253,0.13506591791594486,0.12141975700334207,0.17093639153255036,0.29982225566774334,0.35052920147002,0.2737833174211581,-0.4235154455111335,0.0779685280101332
41.798468515277506,-72.59717015407347,0.07728452848712597,0.10287004845214205,0.04206626006780124,0.5027297257683435,0.19734317898788903,0.8455705946392444,-0.6602705191409489,-0.43622106312883374
41.79836136010414,-72.59305708664925,0.07783532582318939,0.08556076020146283,0.04148653316360856,0.5653451836053822,0.18117452932935146,0.8632684086306529,-0.7371025383450706,-0.5146155521677669
41.79831470469796,-72.58921224751151,0.03289520491281402,0.0615460956494831,0.0883822141887591,0.5183688776736182,0.2280410758146727,0.7086706052148122,-0.7877409672773097,-0.38896560864725915
41.798451435461054,-72.58506442914035,0.05424760332709319,0.0965715513809838,0.05149230242044649,0.5176345832411003,0.12463056981240854,0.8190480762103081,-0.6855402577820116,-0.6119030614696133
41.79843349124993,-72.58105027122595,0.036223263390022006,0.050978875421029565,0.0847473893781992,0.42169357594075507,0.195709681228537,0.6653217445598,-0.7842951275279201,-0.3660231657155856
41.79875862527567,-72.57674686032664,0.058047435042942165,0.08792585069668077,0.051004810692627724,0.553462004969455,0.24532073553681755,0.8312403282659568,-0.7258262690198201,-0.3857635547274543
41.79828507824648,-72.57274734992423,0.06673680097304346,0.08180914871163947,0.07771313583478295,0.38809095460470905,0.1251814807384873,0.6663269497635385,-0.6518019547803184,-0.5122220788857073
41.798299717455926,-72.56892654679902,0.034739910514785026,0.11050365226153289,0.05311738444640488,0.3545331772291389,0.1863028330862574,0.7393974671440195,-0.5247531152207398,-0.3110561074599592
41.7984720705814,-72.56451706844327,0.0443915311217546,0.08371900864031323,0.04203391508065135,0.5735874746717613,0.24030609004285403,0.863442317696088,-0.7452664449056855,-0.40949013369551523
41.7984367732029,-72.56035800131669,0.07913418366057659,0.05994808337072644,0.07851717087540232,0.5031652235795652,0.23449547471754445,0.7300342192788132,-0.7870834070841153,-0.3642186027834275
41.79828359377646,-72.55647685753708,0.04629099740277035,0.05116417576260688,0.040193573944683494,0.6185383931023527,0.15236331459191121,0.8779668333848645,-0.8472032865296542,-0.6047140301514605
41.79849579529187,-72.55238797966325,0.05041950839922933,0.08834510954976685,0.034113961191925585,0.5634158083202868,0.22731516486561748,0.8858166975688118,-0.7289033228979808,-0.42505056062303836
41.79827752482752,-72.54859822328716,0.048071345372062826,0.07961771245178441,0.086183295258841,0.5908141855592046,0.16876439271476357,0.7453955215469871,-0.7624882924336056,-0.5556367766498732
41.798809329924524,-72.54429882275072,0.05577171291743309,0.09773355319844601,0.03556006183653789,0.5983571040674363,0.2134536158588084,0.8878084906067221,-0.719193032751436,-0.4741295954352481
41.79854515866842,-72.5409191586052,0.06718414331214162,0.07191887717829241,0.06128598529787267,0.5822352779812098,0.24585633100173623,0.8095292609739482,-0.7801164248180724,-0.40620982428817376
41.79819387781401,-72.53611653974585,0.07301234619963803,0.11917167941900615,0.034243109318778726,0.48597793077162366,0.23357654903913266,0.8683516940690132,-0.6061414320948978,-0.3507745262024814
41.79835704132573,-72.53229382130128,0.05920993620598164,0.086854321598963,0.0739663611800549,0.36769096347757485,0.22210417406615962,0.6650509023601354,-0.6178408424835462,-0.24684298011971942
41.798301868914294,-72.52800110293609,0.050974396338962946,0.05300430142620975,0.08783488594028288,0.5607483084342026,0.16521608419670542,0.72914843707909,-0.827277959964147,-0.5448369482752196
41.798464546605494,-72.52366044851814,0.07936473014119556,0.07031167769258234,0.08689626700476916,0.439204522297019,0.211532709483514,0.6696592410739658,-0.7240061152363071,-0.3498675067208839
41.79839242592431,-72.51989248170112,0.07680946828066446,0.06147495963016172,0.08668148807985591,0.37789284300079085,0.15470316784434485,0.6268347935701655,-0.7201662968381065,-0.41905998282315976
41.8025168188325,-72.77971016307251,0.05960466557276407,0.06262738456248879,0.08246652406022051,0.3634537239814011,0.18887110071107477,0.6301288204678107,-0.7060306908395229,-0.31608686675912245
41.802604561468335,-72.77569993240292,0.1447959804704488,0.11717278251526352,0.15790478487676146,0.20178494862963894,0.39219727722415726,0.12199448487204782,-0.2652770503811244,0.3205690680740786
41.80243876255701,-72.7721973316078,0.15962004865338678,0.1308823313518345,0.20780655195254577,0.3452199813026732,0.41332011871518093,0.24847529202855048,-0.4501924150626353,0.08977790022031117
41.80234636874409,-72.76783710277086,0.05137002319968093,0.05401207500922878,0.07306463241250699,0.5390709485373752,0.13517129986953427,0.7612795769880625,-0.8178599863262329,-0.5990423317764048
41.8026256365878,-72.76386487649538,0.13218415309894632,0.15179771912048773,0.1765350169503882,0.22647273296029685,0.2820686704427949,0.12391254515819086,-0.19741170220681498,0.10932430891655502
41.80260680966403,-72.75959904174397,0.13538964016324326,0.11141860182891603,0.2541827217136755,0.19362905275338202,0.3212583922380746,-0.13522125234951365,-0.2695003540906971,0.2478781347772236
41.80269651817662,-72.75553662517788,0.03534615755843438,0.05954780634744456,0.0686555758912965,0.48886079065378635,0.1543807267117661,0.7537092002634698,-0.7828341617069475,-0.5199914105543285
41.802323288549324,-72.75140051121268,0.12125669858257214,0.10448345761538316,0.18294732123349486,0.34320330977487895,0.39510505556367387,0.304581956376735,-0.5332296363171183,0.070298195476893
41.802525054860496,-72.74743342159147,0.08897950289934314,0.1664207592246416,0.2632304507961533,0.19488454486091072,0.3922631324853126,-0.1491894100458676,-0.07878042562455508,0.3361651510170475
41.802553143274785,-72.74365770924946,0.05536166358689977,0.11628353500917411,0.04202157623883571,0.4863405790297366,0.16141183538549259,0.8409364644313873,-0.6140760640001014,-0.5016249054626521
41.8027378611646,-72.73897020313692,0.06867388281226647,0.07186386380904176,0.04442857705622692,0.42088827179462196,0.21276671396285088,0.809039465620262,-0.7083163780873224,-0.3284461773515157
41.802566580583886,-72.7351274790366,0.15466840710520227,0.1594347559886929,0.14964506627584276,0.33895516185619845,0.38584883530074476,0.3874539647762829,-0.3602007172291471,0.06469842002594853
41.80239545183624,-72.73097719530571,0.0655752620694583,0.08628395192959785,0.04858649554907736,0.3526832600049339,0.15003636750092533,0.7578362441894151,-0.6068774633561178,-0.4031012147056994
41.80282979587421,-72.72712549044952,0.07098360444110059,0.0722724838515376,0.03491913236729785,0.387718673415079,0.16652816122953765,0.8347562291420834,-0.6857657687117338,-0.39908304091148994
41.80246973232391,-72.7226495747389,0.07972135563155623,0.06417963420294116,0.07168928617420761,0.4759595090169929,0.18415214792308665,0.7381924810071799,-0.7623588847112736,-0.44205757923828715
41.80278331493464,-72.71866560712331,0.14762819483977674,0.15828832089156183,0.1414054641815663,0.15897294701105374,0.36143067033472254,0.058484505460088335,-0.0021579253087460346,0.38903980790192716
41.80284520101377,-72.71483259630995,0.08036506734566413,0.12105470637211829,0.20121531415255156,0.2588077128442781,0.24218615303371346,0.12519459964364668,-0.36263920699585184,-0.03317717230217056
41.80280540140057,-72.71058964978485,0.1452281376290942,0.10374780440714976,0.1807839802746951,0.2915068832257681,0.3180674022692025,0.23443795234663567,-0.47503314873521385,0.04357224324491869
41.8019433394968,-72.70676402684825,0.08573950589554315,0.19247296916226905,0.22681524005002962,0.14090267206985388,0.4291427341320646,-0.23363715812725083,0.1546912572910742,0.5056440398014749
41.80268978542675,-72.70308392110717,0.14781409235287493,0.12949645816166372,0.16876845193019324,0.24040675010484885,0.2807245228708067,0.1750797648986569,-0.29983598266948547,0.07736586702184203
41.802429087059494,-72.69848632609317,0.1229127700864143,0.13384816908191263,0.13583727140062204,0.14413310828658685,0.29555932060983175,0.0296311234611074,-0.03699867596133182,0.34439122070695793
41.80240563972006,-72.69440963679239,0.11274217246224136,0.10467979171580895,0.04585774609078575,0.07757327563252757,0.053246708606017726,0.2569494208095943,0.14873009534304987,-0.18595451733239218
41.80262338497244,-72.69038072607027,0.07543257815419716,0.08549318219541102,0.08342803842922426,0.5445479273811156,0.14762659956355878,0.7342954413181442,-0.7286107814365508,-0.5734411082268602
41.802967115308014,-72.68661182963743,0.10287503178556463,0.10872678182451236,0.0352073472961814,0.03631957129681272,0.03735065603405955,0.015549726208116881,0.49920048984019677,0.013995948900984873
41.8026598223505,-72.68248877679184,0.04879716844162822,0.07257784716323842,0.04318071787075268,0.5768347587701634,0.12349461888733564,0.8607108386884318,-0.7764815573331159,-0.6473241796584135
41.802443772241546,-72.6784353390736,0.03745088564927409,0.08978224167475823,0.05251046363628374,0.41184343561045283,0.19583284226121908,0.7738342943971616,-0.6420349047494616,-0.35546984671804244
41.802412647851874,-72.67423393827508,0.0873024366304405,0.05873843243026693,0.030065905587497888,0.03622635884419795,0.03745296529775638,0.09292868948604821,0.23705705329257395,0.016647905879201466
41.80284121546492,-72.67020685779595,0.14226331235929163,0.18676379792868064,0.22297991481043258,0.14656536252042543,0.2830486986121823,-0.2067799454560269,0.12059681593441884,0.31768824263326184
41.80256294909633,-72.6663161068004,0.11415809681946783,0.051233321894187854,0.06012734064745618,0.03653457163881603,0.033528176247053045,-0.24407513208271964,0.16747297518134655,-0.04291004110572922
41.80212676708437,-72.66191365432469,0.08527324980759304,0.09381662615506126,0.07629034596524278,0.067635344091414,0.0468358515751277,-0.060135211930696424,0.16216142809331144,-0.18170066622590275
41.80276387674495,-72.6582858354254,0.0701461131210805,0.060518216492709075,0.032819530363641124,0.5500310354538377,0.20915909100804397,0.887382693649409,-0.8017581176300994,-0.4489941749300511
41.80257742129886,-72.65358421503196,0.05824829254112896,0.05198882267538194,0.064755854074218,0.5936561553610762,0.12056290890735824,0.8032968623104013,-0.8389553874220755,-0.6623923528816771
41.80295420509195,-72.64968130576457,0.06817726328667048,0.08437325202918919,0.044712836303986384,0.4277871122789201,0.19959574031135874,0.8107392966365967,-0.6705201811422045,-0.3637194912570952
41.802037132888564,-72.64629761042407,0.10375971699037517,0.09416444298301886,0.07779682110608396,0.020347641188187587,0.022224292168632555,-0.5853532494339168,0.6446201929611912,0.04408188288550734
41.80286191111075,-72.6419366547183,0.08470725340799268,0.1498236223408437,0.17312036310052722,0.2417538111377046,0.3062815235715807,0.16543196057744058,-0.2347688629046012,0.1177437080185823
41.802480866094236,-72.63771885627935,0.08891932361424394,0.0512384212088917,0.05904355801117245,0.038955791099775275,0.01912427884168484,-0.20497857479293324,0.13617980350094105,-0.3414512461517169
41.8027011923019,-72.63355644113962,0.07683721294156044,0.10018548994719137,0.05476573536950122,0.04565884954790289,0.017291677855723414,-0.09068382835824951,0.37386874655579333,-0.4506264341566957
41.80244358523768,-72.62951392174305,0.10395313588744803,0.15836195033088496,0.19130061564134793,0.2681850519710635,0.3261611733087225,0.16732716980972231,-0.2574701053986914,0.097546041131778
41.80185237842149,-72.62546662163153,0.13680946710777264,0.12834991766598985,0.1426522512878713,0.14270253654966347,0.43914635738373764,0.0001762201439592173,-0.052951444122525684,0.5094859231063613
41.80224263839281,-72.62160335621229,0.17214196273406962,0.170888301478858,0.17515817454436722,0.24573022611125966,0.26038261109068706,0.16767402346313381,-0.17964137376538736,0.028950826579371796
41.8024483836644,-72.6175891975884,0.041568730189700934,0.09377550913622779,0.06271946952073017,0.3886378353715405,0.16718053181618558,0.7220850583743186,-0.6112234033164573,-0.39843466252449034
41.80258219639383,-72.61355361619393,0.04477418193238034,0.093870516163606,0.0671320223753919,0.47711012538459463,0.20519686034154871,0.7533009060334759,-0.6711954510083624,-0.39852041783459535
41.80176016158224,-72.60957245783298,0.06033137040363818,0.0781369144281372,0.03425239002789301,0.3931185623793511,0.1988715255951603,0.8397065133464958,-0.6683883019992709,-0.328125488466885
41.8025482357821,-72.60525309653477,0.042603071650459484,0.08932179338391591,0.0749794414640221,0.54857234568579,0.2142351537163574,0.7595085347866772,-0.7199479101213211,-0.4382982498618202
41.80252593380938,-72.60120116795873,0.04308892426860741,0.11448893927016891,0.07697275332116826,0.3790371087867652,0.1516219967739234,0.6624075059896424,-0.5360368932058426,-0.42855217149728825
41.80270407677466,-72.5973841159267,0.03548365920605259,0.08975806579794907,0.05047725079047351,0.5245118922677905,0.2043318745129516,0.8244236386030036,-0.7077569410016854,-0.4392985607451296
41.80208299342828,-72.5929081498889,0.03456312356674039,0.10726972097611331,0.042718011514769644,0.5091864105927462,0.1651502644973601,0.845197792213204,-0.6519793851247271,-0.510184539569074
41.802893744643804,-72.58908976293947,0.05844818359752553,0.0505738782149495,0.05246726745703212,0.5731251323467911,0.180190856245716,0.8322637312298388,-0.8378260110773635,-0.52160618127226
41.80273053268842,-72.5847785474651,0.07335383638619068,0.0782327268893732,0.08655314605459503,0.5867732662975498,0.17474141174566807,0.7429088048031943,-0.7647157237953397,-0.541068828260324
41.80281562872013,-72.58068693156905,0.06776533743370312,0.06301031041272116,0.04446271219118894,0.38948817949509307,0.2188899441644814,0.7950795214711414,-0.7215004610266965,-0.280414808975071
41.802836392771766,-72.57700248720334,0.05684373930771715,0.10349675514423798,0.08682171976460237,0.3982011166153785,0.1595628713856596,0.6419891466859355,-0.5874140156056815,-0.4278480690102831
41.80230629915876,-72.57298860886985,0.06902184186959931,0.08794375660992493,0.03962317389170749,0.45487684196222083,0.13748424539312526,0.8397444990035677,-0.6759748733144791,-0.5358093287088215
41.803037426610956,-72.56878889029527,0.03560552058126981,0.054188339833022944,0.08289611341545183,0.5896649842028591,0.12033525377764448,0.7534912033746658,-0.8316748929916123,-0.6610275677655509
41.80249961919076,-72.56483412919732,0.0705070822765659,0.1115693674507626,0.06699690932221355,0.5155519734447943,0.16829259617698414,0.7699869957556534,-0.6441857096062569,-0.5078045402332767
41.80249156715682,-72.56045863270569,0.053504344768985926,0.06243210542216515,0.06529885516735698,0.5647385158781468,0.19654393001672701,0.7927143430904804,-0.8009087055362232,-0.48365043466700947
41.80240191469934,-72.55633545444421,0.030537769250041497,0.09317233394842406,0.054581530991674045,0.4022628601375707,0.24734512051119295,0.7610497926580321,-0.623876805440464,-0.2384788122086514
41.80255005708225,-72.55244274814973,0.038450421987032336,0.11984361658718388,0.08136308136178061,0.3688925530422368,0.19354800389653382,0.6385916126536555,-0.5095774610745338,-0.31175658828741193
41.802536904033815,-72.54813743580473,0.05420417146302185,0.05772722749394932,0.06342233347585738,0.5958824257977593,0.16435530870330983,0.8076084463708942,-0.8233587059088755,-0.5676212814898661
41.802596781465624,-72.54422425774051,0.03708995940047253,0.08325364006168635,0.06268062767089705,0.4140136150589393,0.14306434416495806,0.7370195733350993,-0.6651553497465225,-0.48637585890394736
41.802082939816955,-72.54067193520093,0.05540632738401724,0.10894145437840214,0.03760552628199608,0.5391671376802846,0.173640700155068,0.8696001782620704,-0.6638172808900599,-0.51279800546981
41.80236968134375,-72.5364555557603,0.04260041330665882,0.09236778651283517,0.05095938065033227,0.5299421259309989,0.23940543718103377,0.8245507024065619,-0.7031453792850464,-0.37764035746696323
41.80267078509075,-72.53210553227952,0.040215443012516595,0.054948641755635415,0.04156205924328478,0.5700275088691981,0.20808231188439044,0.8640851269862053,-0.8241576364131677,-0.46515952803971655
41.80291109540823,-72.52769890488001,0.0506315632518317,0.11247016818930133,0.08748771109250758,0.5637468286592286,0.19236314615856312,0.7313173495808141,-0.6673548026344738,-0.49117680611231457
41.80230066729374,-72.52429208443694,0.07501750114646932,0.1199691287740575,0.06990840998732072,0.4028900406866023,0.13877676608539183,0.7042781765140141,-0.5411034719050325,-0.48759361160630377
41.80270248680374,-72.51991333728328,0.05517018764341956,0.1121422482101655,0.03976921883930275,0.39935862388898785,0.1866045959358507,0.8188717955472031,-0.5615168836371917,-0.3630842700617549
41.80633639921762,-72.77992352400469,0.07480667238480332,0.15208438342802297,0.13411668295253848,0.3325501890504756,0.24441795743784853,0.42521446882703834,-0.3723750138161248,-0.1527506018296464
41.80686550797573,-72.77598974394932,0.04337681252094576,0.05402215213864864,0.05120281241478042,0.4041427642823175,0.1376686255137577,0.7751035036457982,-0.7641803193459161,-0.49182085092167266
41.806024054288905,-72.77165546026524,0.04702407258770218,0.08238572117352384,0.06082276465738201,0.5294274925869116,0.19650786621893054,0.7939085534961196,-0.7306834199701244,-0.45860781174184867
41.80658520552809,-72.76786979457785,0.06549713068415197,0.07222509242756234,0.08097488361155372,0.5082638630897564,0.20241275620866347,0.7251542466788915,-0.7511577378308706,-0.43036607449254366
41.806741761174806,-72.76381529547379,0.05134842267094063,0.11251101470402809,0.06629441525761029,0.4712701532455179,0.15407964488717502,0.7533527351246012,-0.614543870610941,-0.5072209334767199
41.80632873327681,-72.75957870783218,0.07051639212730292,0.08194606392983236,0.27654441785545036,0.28077082859213,0.307585419009067,0.007583518957393435,-0.5481541355294305,0.04557543244635116
41.806884312391446,-72.75553185141212,0.06609049063900693,0.08339675376252866,0.07647791384752145,0.610760164650012,0.1460789588523192,0.7774340036142339,-0.7597178633521432,-0.6139761956904987
41.806269047685895,-72.75161349105176,0.11899622441635074,0.1022462320732532,0.25468620189646035,0.30981712483308804,0.40974065820285555,0.09766270688966325,-0.5037353826319823,0.1388679765899719
41.80639090593528,-72.74754167509845,0.06107110454313862,0.09718892078751833,0.059386287343210484,0.5019506515616097,0.1490299184111937,0.788411261660156,-0.6755716855541473,-0.5421371227180563
41.80686092614486,-72.74348308719944,0.13303718079705473,0.11037756445424884,0.16349373381987553,0.30482792358346994,0.2472879357985664,0.3017887119447677,-0.46832319112207044,-0.10421723413144844
41.80698465084774,-72.73891114662432,0.05007091679211465,0.0555326219479113,0.07669312102765086,0.3939354790674843,0.24129622186189054,0.6740821912984135,-0.7528962708478876,-0.2402891055063453
41.80732005129086,-72.73502938133299,0.057057292710525995,0.06257022757583473,0.07341125396669482,0.3949854346605824,0.2350889971066859,0.6865423870444514,-0.7265022258930982,-0.253773886849225
41.80650243234384,-72.73114953443357,0.06689697524012683,0.08785935184149785,0.05416065887060159,0.4747764829383001,0.1644174977493701,0.7952094697476579,-0.6876866121551469,-0.48554741528547174
41.80653725241639,-72.72736996689574,0.06891119623255379,0.07550391708382448,0.08319665378628716,0.4156296128397032,0.1240748294222225,0.6664303411726059,-0.6925320203832107,-0.5402119393265717
41.80654053462801,-72.72298599063966,0.05115661629479809,0.059491318057073576,0.049784732234781,0.4561671886893142,0.19580713579735462,0.8032037030560067,-0.7692607907025851,-0.39934096039280964
41.806459336294225,-72.7188897078662,0.17080458655659636,0.1366103384778431,0.18470403421189208,0.17662377394012738,0.4082786794596647,-0.022362685875439558,-0.1277429049901548,0.39605733259114356
41.80655867091536,-72.7148491633539,0.1100247469732685,0.09741425850680317,0.141556156272934,0.17392490571381589,0.42746149136455214,0.1026012440716374,-0.2819742127045244,0.4215868314987798
41.80649640362673,-72.7111494600177,0.1292345811724865,0.11431714632244142,0.15087473731154044,0.16934897879961397,0.41507348330754534,0.057691671661385766,-0.1940021299811303,0.4204569817901275
41.80684424286431,-72.7066546622969,0.08459170484520882,0.12295687246822662,0.11818527363156099,0.24964248734731798,0.3475875635085386,0.3573879615989761,-0.3400049182634321,0.16399890799342912
41.80633478793227,-72.70314271927568,0.08407490935004935,0.1737824969514647,0.17533508445784327,0.2723896488391062,0.32948910013545774,0.21677284537437505,-0.22100696517690463,0.09486869472237273
41.80667295343375,-72.69906870767353,0.1582507984594168,0.18473776587302204,0.21396331780726985,0.21611495150610824,0.33005072435449145,0.005002888665529376,-0.07827609561496213,0.20861027685208022
41.80698617180158,-72.69398824599746,0.05230785071013033,0.07586142216467509,0.06991929354528205,0.4030504856051829,0.1727477504738975,0.7043392765141607,-0.6831925832960059,-0.3999712411408907
41.806623700558184,-72.69124739487879,0.05199516682991348,0.08502913562365735,0.054034044438371176,0.5348132618338332,0.13933357550715114,0.8164751919119995,-0.7256427247557272,-0.5866373087005197
41.80654584663737,-72.68637950779922,0.08199970466935641,0.1402629843874328,0.1640514669353384,0.25524067370450193,0.2556911857147575,0.2174837015308913,-0.2907120755134523,0.0008817457787182301
41.80645828256884,-72.6824483161021,0.10499077128679568,0.07184058681629948,0.07600438409429275,0.024640715493170894,0.014558220290139874,-0.5103444560307208,0.4892126266261599,-0.25721349321232634
41.80648628712344,-72.67807402187405,0.10260282909768756,0.17240205245466741,0.13792947609160752,0.25636667762560034,0.3745484668667117,0.3003762537814073,-0.1958273056787847,0.18731804153506335
41.80610983014164,-72.67435056339177,0.10899877544085734,0.05053171195338651,0.05698569530693119,0.0748002327064053,0.03993628370995832,0.1351778423389128,-0.19363395995246588,-0.3038609684638702
41.8068335099646,-72.67008235456042,0.10627523608277237,0.10475508589504402,0.07528582917665527,0.040356809966942964,0.0401938465752892,-0.30204273673086535,0.44378357505127614,-0.00202311686396158
41.80634414491898,-72.66619638123193,0.11562865476527473,0.05914594557364961,0.05411630992443143,0.04598434188766443,0.02623855548133272,-0.08123791293619081,0.12519326260596786,-0.2734006405952901
41.80650528565306,-72.66246731328268,0.16033043862053004,0.167105977223181,0.21046903452233445,0.2002077176424194,0.2695901608374516,-0.0249863592858026,-0.09011844884071174,0.14768573119047182
41.80640500181941,-72.65835489325747,0.0704853217784438,0.10666023656954454,0.07749615424051065,0.02895421126579494,0.048472643077559954,-0.456005413826788,0.5729922330849203,0.2520886580928258
41.80684178916135,-72.65429459564263,0.10638382411516908,0.050340446501576507,0.061430505345440284,0.05916067860194357,0.04768531047253439,-0.018822493230409597,-0.08054923720672826,-0.10740101925033589
41.80696670634325,-72.64998888001526,0.07964198545857398,0.0827886167646748,0.05504700613675338,0.48550694478481526,0.17122733924797884,0.7963311301567365,-0.7086423953798022,-0.4785491075735325
41.80694249205002,-72.64608387565077,0.17278284799708118,0.14458699540587577,0.22507915471275947,0.2065147455750972,0.3213495623779899,-0.04301360405066087,-0.17638121074591148,0.21754609105546574
41.80656769855951,-72.641926917991,0.05035008322380076,0.055831259341467036,0.08800463307682639,0.4115489210473686,0.18425471827241102,0.6476668723491962,-0.7610884599555832,-0.3814917999400878
41.8064436689593,-72.63772739124627,0.10605971244554566,0.0817027192692779,0.036473965759246885,0.02064443051569676,0.02062243411501522,-0.2771354988216665,0.5965802553550441,-0.0005330281541469351
41.80689232801182,-72.63362397662334,0.0420006645229278,0.11163102686439724,0.08791242875455091,0.5532938064062738,0.13155527367693803,0.7257904744719113,-0.664229635355022,-0.6158123665408046
41.806719676732165,-72.62944125374322,0.10293848293132647,0.16375188371930266,0.22201325258559534,0.26371254212214196,0.36786063268949853,0.08584944425617175,-0.23384556084654579,0.16490265058901143
41.80654795965355,-72.62551192572847,0.11947333671076954,0.18913958998730085,0.1560368807709842,0.26104720380141244,0.43229991884617014,0.25177254878494587,-0.1597283945380683,0.24699419590986427
41.80665748895922,-72.6214756207902,0.08509867196586743,0.17901859598552528,0.18086128969014423,0.18208730365207934,0.42425644716393385,0.003377927299966435,-0.008498082334389251,0.39939249507551605
41.806590862319005,-72.61727294564228,0.07882908035846467,0.11123639418412376,0.036255624296739564,0.614898613509023,0.19134482844708062,0.8886419769948437,-0.6936206270029318,-0.5253423011222497
41.806550683880154,-72.61349710450096,0.046333619082818175,0.0518921016509034,0.04660417514652501,0.5351714871758708,0.2322049378933054,0.8397864394653933,-0.8232147159574045,-0.39480825757092297
41.806793324093455,-72.60952000122374,0.09552715938883657,0.09417028540536154,0.1331097757157637,0.29481821942842007,0.3308691597462359,0.37788704068816803,-0.5158197004016796,0.05761813569800719
41.80676795570245,-72.60528282006112,0.06995775443450922,0.11917301473966331,0.05162337243709312,0.5836443958447811,0.2191309111989121,0.8374752348077973,-0.6608706245892167,-0.4540666378843033
41.806641038446976,-72.60087111759792,0.03591781031824644,0.10342388943206295,0.08179991036990207,0.47339452005300375,0.12774421560082896,0.7053287789375229,-0.6413987912612193,-0.574992566526637
41.80639252534619,-72.59687666462426,0.07593121751074851,0.07797084595941416,0.06903718891194935,0.49634209761832826,0.23566851977876802,0.7557845129572068,-0.7284726146909152,-0.35610627994231914
41.80620136952078,-72.5928344800655,0.06387715492798593,0.10932522300666767,0.08581496290875235,0.5092803279418099,0.14286846057086716,0.7115925323956165,-0.6465430262012855,-0.5618531749581255
41.806859376312765,-72.58891991525093,0.04362445307600337,0.11811010374879828,0.043759575078484436,0.5960651808673804,0.17527349847820356,0.8632138732619253,-0.6692405735875485,-0.5455342687419529
41.80652930101427,-72.58487348524487,0.06141429329586733,0.11085543472458083,0.0624337943082158,0.37541493318123753,0.24048576270981611,0.7148156868414345,-0.5440584413893322,-0.21907617798062848
41.80676084885567,-72.5808915977089,0.07494293082442469,0.0584639430656924,0.0358489703408017,0.49445245532615706,0.20123494961480726,0.8647977598939527,-0.7885251975317279,-0.421478818832766
41.80645051929861,-72.5766210249493,0.043141041736304876,0.11931645531132432,0.031160960066759242,0.3820041785582412,0.14413791978356355,0.8491597806607699,-0.5239914447951158,-0.4520950889965649
41.806754662204725,-72.57257707443947,0.07326860878560598,0.10745315288160913,0.07468541136285703,0.35200053852257357,0.23254178347830967,0.6499279557580425,-0.5322568742316087,-0.20436288451340467
41.8064410298417,-72.56834593706601,0.06634593422318644,0.06242647190529753,0.060923690855059554,0.60006885891544,0.1541963219106444,0.8156599771776168,-0.8115413981017497,-0.5911349858632853
41.806808281202855,-72.56458503212768,0.04803155878146962,0.07713435708841565,0.05715375055251441,0.5684405952507499,0.17710701382570093,0.8172817547475469,-0.7610367105820066,-0.5248941538553312
41.80622483189494,-72.56042051733432,0.07941725326760954,0.11246479077789287,0.06601525878170744,0.6093512192941781,0.2093097096771594,0.8045053732314803,-0.6883837731261638,-0.48865347723346003
41.80666041321177,-72.55663401933585,0.04127287034515404,0.11196277245468758,0.05519246349759723,0.4502125801076934,0.2180635963299214,0.7815911645681904,-0.6016802517422221,-0.34738479682949414
41.806516545781335,-72.5527560533638,0.049893029377636344,0.07858686308101079,0.037579879684142656,0.41197956095694815,0.1898789366083255,0.8328146345651104,-0.6796076566588264,-0.3690246548766807
41.80641360604764,-72.54838912161924,0.04916763997929796,0.0955361307471362,0.03943523183281277,0.4528025875926178,0.1470577107056092,0.839771629580011,-0.6515433707238546,-0.5096934698868907
41.806600272375576,-72.54401923266867,0.05239114098012214,0.0917327439964686,0.08002052657269441,0.5456288446350483,0.24257220573180216,0.7442000895222697,-0.7121485020977542,-0.384491544082814
41.806692468814376,-72.54000791986178,0.0415861941257211,0.05396076825611882,0.046655257002598,0.3869491459886092,0.16799922110641863,0.7848026603016571,-0.7552299618911822,-0.3945410742053741
41.8061837893388,-72.53644232239535,0.0459083214681971,0.08559866594312615,0.043006294188107946,0.48580371400418493,0.18631064390991484,0.8373468976688906,-0.7003909365900114,-0.44559838153695125
41.80666817193755,-72.53221657262124,0.0789787231990841,0.08759864577691276,0.06372459789463897,0.3521044043993767,0.14363930161260852,0.6935057557645683,-0.6015554327321952,-0.42050983251762813
41.80676275627404,-72.52780037458595,0.03876208671435288,0.07123027979288074,0.08940941962709875,0.4798993334306919,0.16139301081112944,0.685901826919486,-0.7415116949486606,-0.4966632230673546
41.80649941278048,-72.52438125442488,0.0778724545820729,0.05582365335944317,0.07743287523105968,0.42535332218500593,0.2248670130287301,0.6919848809334659,-0.7679703884572656,-0.3083359567497583
41.8062764683694,-72.51948610973906,0.07333478494442111,0.10026892547481635,0.03854424880289161,0.3640137002446697,0.1642994816915115,0.8085033526522778,-0.5680694477014626,-0.3780224029641629
41.811112551911336,-72.7801942824538,0.0671103466962798,0.10057104344375473,0.08831547006682466,0.45815473443484056,0.22214459590526925,0.6767784617009049,-0.6399985559083775,-0.34692102138565983
41.81089371695306,-72.77573670429496,0.06868076256046823,0.06985021714914436,0.030916343947664033,0.61140486170927,0.2130889756998171,0.903735565086803,-0.7949366711035958,-0.48310353326730987
41.810412295130945,-72.77203195060876,0.06678805449965847,0.10260321280089227,0.08576749108643211,0.5968100461206879,0.16929947695919778,0.7486952429247404,-0.7066020368012601,-0.558028005503479
41.81068149326673,-72.76765650225991,0.05233191822617343,0.1084485670930285,0.0808566735969313,0.45918518693207955,0.15920951129523575,0.7005540514295459,-0.6178924656117912,-0.48508772228602764
41.81059339344096,-72.76362826738973,0.0618248059838584,0.05978640695616744,0.051734036619513465,0.49996499710171527,0.18997411606733236,0.8124555837244606,-0.7863822885561353,-0.4493017936184602
41.81078537485818,-72.75986383237317,0.035023154708762785,0.06570853132421219,0.053529414638365296,0.43002748199177754,0.17307776434459757,0.7786013806796835,-0.734905152907144,-0.4260445738252942
41.81049868070888,-72.75581792750025,0.07191807389685373,0.057180724887832095,0.07944450671968496,0.43275824048681943,0.16019903808555125,0.6897927347989979,-0.7665802112958844,-0.4596607753217793
41.81074539671891,-72.75160197475444,0.04776443042226926,0.10847498344057882,0.0851973278722837,0.366628100155189,0.12401804829472914,0.6228750194771977,-0.5433623262572943,-0.49447051123692637
41.810514365763126,-72.7475476078834,0.04024413830117374,0.06615672620761262,0.08333656187347735,0.5862362404648044,0.20713759852462194,0.7510754272501825,-0.7971874940802923,-0.47783103413526457
41.81074285861326,-72.74342059780031,0.041808870307955256,0.097029190729019,0.07679586325083766,0.38837610494474,0.23673425827791245,0.6698173213285739,-0.6002137117423114,-0.24258411888272538
41.81013694274171,-72.73922432550003,0.032581880427098114,0.07524068309136063,0.03088685686183951,0.5439908774876254,0.13032862613005408,0.8925446055175843,-0.756986924177411,-0.6134514115909458
41.810277719701794,-72.73520845283034,0.06744832392164571,0.09482027342609899,0.07164123833048333,0.5258324577779646,0.20336587467088796,0.7601861343951797,-0.6944498310926689,-0.4422206809279766
41.810336991764274,-72.73116159404215,0.052091292490789004,0.05318217561132413,0.05813204370741851,0.47530132371703426,0.1432337998442965,0.7820457164571676,-0.7987366656521442,-0.53686122456684
41.81057336903064,-72.7273165013909,0.057976977035047214,0.11481360060851811,0.04723122679261265,0.42074869979554824,0.14384665602181057,0.7981484926631145,-0.5712409162411373,-0.49044336075501266
41.810448168059764,-72.72339863980876,0.07344477892008092,0.07130168393386627,0.05945586061416362,0.49296790653114386,0.1599940511666148,0.7847454648035641,-0.7472779496229556,-0.5099437286339661
41.81081245825561,-72.71893120403577,0.15608110282212445,0.15665125167700933,0.1598236979937841,0.21182673544680258,0.3904722579398778,0.13992459788515724,-0.14973888725475967,0.2966060452609514
41.81061914612217,-72.71516779457676,0.09636711192220343,0.16475935019535182,0.11000021740052313,0.29848194574087705,0.2701848912056193,0.4614197273409686,-0.28866725984622466,-0.049760338913380546
41.81066369877212,-72.71055831330834,0.10906581259838416,0.1254698574234471,0.19338376307706928,0.16827988370471184,0.2954098738576614,-0.06941222762016916,-0.145736388113402,0.2741703651624193
41.81022199171731,-72.70707796369557,0.1741241743360522,0.1318119880951671,0.20105397952604925,0.21387263008001506,0.33441593370552664,0.030893777977112548,-0.23738586465904654,0.21985376239337548
41.810321909968735,-72.70275134280378,0.16648864992094797,0.14337292967602047,0.1456465340739277,0.2850935921534241,0.31137046387244244,0.32373825791631483,-0.3307625106211145,0.044054409404141515
41.81056958315361,-72.69895921643932,0.07060837730085257,0.06369270575853085,0.07391709384429135,0.38487080969230125,0.14672871847697558,0.6777722635034741,-0.7160147735398585,-0.4479727287107266
41.810512115623375,-72.69514135725734,0.043605633694795295,0.07907645049003936,0.04477285599504962,0.4247947047610151,0.1620191226908136,0.8093017502190335,-0.686124321005677,-0.4478005966752252
41.81079487525578,-72.6903832909622,0.08218064006058202,0.19678632996449752,0.1455371163320672,0.14105301957106925,0.42576291539704936,-0.015646375081497976,0.16496986058623944,0.5022969155621817
41.810512057002335,-72.68703592518602,0.06275947215239652,0.07842006124237899,0.06337251588125528,0.4250121770909808,0.16324390287500073,0.7404811543311088,-0.6884583255852151,-0.4449903420141752
41.81050631781087,-72.6821137364905,0.11849994872586747,0.0655855294471275,0.05375263401347628,0.038331932032303465,0.04469626874578369,-0.16746239509351038,0.26226196278109154,0.07665271141416694
41.810955539168944,-72.67873751542783,0.09914550440640252,0.15594129720333452,0.19537117983547955,0.18308313782065164,0.3776968614239441,-0.032469023186024265,-0.08005865599450616,0.34704112818832483
41.81074132743354,-72.67426656885361,0.15759573970598978,0.1524255646203794,0.1584429915077984,0.19100359178734339,0.24085288711722558,0.09317761808546397,-0.11233183452008291,0.11543023611994442
41.810167081403684,-72.67087518639879,0.06717519582166652,0.08616437744398678,0.060272766161009725,0.022686326566240582,0.03969676259002066,-0.453071970282322,0.5831661949727209,0.27267703882331357
41.810601064834195,-72.66583905539305,0.09132032179322694,0.05205128080174071,0.04738291008396041,0.06025388953020597,0.0212298942317545,0.11957787199529085,-0.07303856718457709,-0.47891731945650334
41.810573490722234,-72.66229682872395,0.1476189624352537,0.14015902947569092,0.2206622091706026,0.28430914679449704,0.26918161536207913,0.12604068898572,-0.33960170721267413,-0.02733113624783227
41.810734215402874,-72.65838993901357,0.09609571885892038,0.0662985859835014,0.07755502733885003,0.03843990300293204,0.05020997180505781,-0.3372140853110068,0.2659832431244815,0.13277028114951103
41.8106844639938,-72.65381594042924,0.11511049239389352,0.1820118466730658,0.16214234028304575,0.21315504707104327,0.42971848509458127,0.13592609089992833,-0.07881024673626706,0.33686787087657616
41.8101882250152,-72.65016531027965,0.06611218419457876,0.05318568766984689,0.040412008848934894,0.06333608217362623,0.02868248600502473,0.22095898920883517,-0.0871115716609406,-0.376593516444667
41.81120177786429,-72.64585620811474,0.1424683244004362,0.19830754900078368,0.10212438089662125,0.14250717236008342,0.34500117665415847,0.16507597211340272,0.16372642712700422,0.4153652028801654
41.81080029053925,-72.64199145446382,0.06614615452697997,0.10504029216477415,0.031496146890305055,0.06130423566766981,0.02922503831286446,0.32120652906514524,0.26292452818862144,-0.3543516471998115
41.81057055951308,-72.63752238759052,0.13194008141761115,0.1460542987471659,0.18252506441578156,0.23281103208760603,0.3541447790337774,0.12107295295345062,-0.22899095345906922,0.20671700432501441
41.810274201376615,-72.63412974505056,0.07569560201896042,0.06511724330079921,0.03990970168746149,0.6192056138472426,0.14774417027889367,0.8788991827474533,-0.809688533356377,-0.6147227019635098
41.810441247571845,-72.62987538778214,0.1627193743674993,0.09668257918496323,0.16371354277837552,0.15096037447311828,0.33002513475674944,-0.04052820270789922,-0.21917762846220906,0.3722872245576412
41.81031732469427,-72.62564595467471,0.1731021023430216,0.15983756773976004,0.20959731907516693,0.2849511246690416,0.4353389195075824,0.15236890651879056,-0.28128762952968844,0.20878782936733728
41.81100714344018,-72.62172969780003,0.16289326188553535,0.1472201202630277,0.13531500983748018,0.20172380959902717,0.3032569414623528,0.19703605618063624,-0.15619612399489502,0.20106337053426498
41.810330948262404,-72.61740078657766,0.05424336709212667,0.0687501004663687,0.03524418448074185,0.5810541435249916,0.17425791888092482,0.8856262206818319,-0.7883975024721976,-0.5385803363821406
41.810293583454886,-72.61339923300636,0.07248632479324049,0.08578014355822694,0.06794207002851523,0.41457230914552556,0.24155883292358343,0.7183832318331437,-0.6571211229416499,-0.26368734103420893
41.81081713641204,-72.60919618565329,0.035710652717628535,0.09458446666504015,0.05213698694421198,0.4715170032981923,0.20868106420451238,0.8008723778841931,-0.6658391766013846,-0.3864108877266618
41.81051854351163,-72.60483935795105,0.07366184261173153,0.06532932129341866,0.06377389399575709,0.3908416796903796,0.1576024704112703,0.7194381464820379,-0.7135752989447965,-0.4252743132293055
41.81058416819137,-72.60128564405949,0.07578055943227235,0.07298814237397021,0.07174772519262504,0.3747639394972253,0.20336529010376342,0.6786300073819507,-0.6739796627234146,-0.29647117048857263
41.81051383532405,-72.59731811538911,0.04810607491417379,0.10555043340673356,0.07276352546229556,0.38177699144892285,0.20654119979396274,0.6798370101008713,-0.5668192347763027,-0.2978588700185449
41.81066978125897,-72.5931333675348,0.04581534325701282,0.07808945871485572,0.0876022833921487,0.504833368610004,0.18610564702275878,0.7042639716360947,-0.7320761683901705,-0.4612964594210301
41.810898579755595,-72.58947472655608,0.04989684550294099,0.10319184931170522,0.07278603487716268,0.6110091736304881,0.20505904430440094,0.7871115972397214,-0.7110285591958402,-0.4974463168696473
41.81071236009705,-72.5848807094684,0.03448564620083949,0.11466041808254558,0.03772008136477154,0.49734000550064084,0.17218136620027083,0.8590061853211653,-0.6252930107099499,-0.48565834197989544
41.81064893838615,-72.58073879941246,0.06167845079520625,0.052187604377760606,0.08795937200107756,0.5954558168519136,0.1309981880224454,0.7425887705284865,-0.8388384636759761,-0.6393489824724645
41.81119435697245,-72.57669926805666,0.03337522242628871,0.07142789840043269,0.0785332496530371,0.529774492085339,0.15101274808715054,0.7417976321372775,-0.7623831856599275,-0.5563584650943553
41.810191217020716,-72.57243404050216,0.0671430681753472,0.08784596673646178,0.07913673912724217,0.5231677988483666,0.136301897266771,0.7372201797010305,-0.7124583055755527,-0.5866318101659249
41.81078673293775,-72.5685916119018,0.06525173590986469,0.0972592194264264,0.0501547512622026,0.3936545877919442,0.2103445514322465,0.7739806405647381,-0.6037625424409255,-0.30349387019847585
41.810820311908834,-72.56422285334588,0.0613252420933183,0.06591850888143494,0.048972598038177065,0.5537494738536317,0.1734110108619006,0.8374952558665617,-0.7872457163576975,-0.5230461101589161
41.810957050211066,-72.5602148808614,0.030315912326836596,0.0922443045259427,0.06605498130632403,0.519439764350599,0.15486413264990265,0.7743618305841137,-0.6983923263021563,-0.5406696199183099
41.81079564874037,-72.55677313449537,0.06811939544924236,0.09277654250633852,0.054964248888139236,0.5334992485929653,0.19474705628156724,0.8131940243586506,-0.7037198505039208,-0.46516156696429883
41.81057130342079,-72.55244458622677,0.03429694881834647,0.11371827625488001,0.05010492276494162,0.41066710016849794,0.22033352649790316,0.7825175129082025,-0.56627975772129,-0.3016376935727209
41.8103505161705,-72.5479954131521,0.05102462707817215,0.07076370860642003,0.03372390435756441,0.3612871278882314,0.13236827294824782,0.8292508228652222,-0.6724287855542848,-0.4637219699249513
41.81062817985789,-72.5445369807963,0.0455227200050403,0.08010642218070124,0.04397537539446589,0.36694011264491233,0.12925112863388333,0.7859638944042348,-0.6416193127995071,-0.4790269642778284
41.81069916149535,-72.54058104673673,0.03739960251077561,0.07555824765301006,0.08533320920173189,0.4206328125729965,0.1418919112116441,0.662691937682231,-0.6954469610210448,-0.49551760051717625
41.81058947899203,-72.53561011788582,0.032362700790462856,0.10514651318164722,0.07292057831122656,0.6138705576698922,0.24197986054309845,0.787648458196667,-0.707527074267872,-0.4345276805534532
41.81046197036222,-72.53199763419971,0.050475341199341356,0.11219270305703326,0.06316852951196086,0.43789885811046225,0.12123389394824573,0.74786413535434,-0.5920944403549137,-0.5663502325633166
41.81023378463763,-72.52804482023483,0.07059385889315517,0.06309032384146455,0.07892407607084047,0.35412657476900217,0.1963507391009652,0.6354972522600856,-0.6975658270238538,-0.28661641759374384
41.81055071822642,-72.52369205298113,0.051664798358336025,0.06565140403393509,0.04100553918599851,0.5673788586803914,0.14960857902998415,0.8651985838893788,-0.792580519760831,-0.5826744761170614
41.81077999163483,-72.52036157080934,0.031670020785350125,0.11167506941312816,0.07736130780560282,0.5649381573443137,0.2251948367884735,0.7591114051837293,-0.6698998334741028,-0.4299824498896246
41.81490408865123,-72.78017458507465,0.038957607023872756,0.05506351516591724,0.07225004834276533,0.4293630540968353,0.19907031911090683,0.7119291821071799,-0.7726651729705154,-0.3664552915298473
41.81475743828509,-72.77637364820795,0.07466243122974361,0.059943042102835235,0.04133913926361894,0.5303170302749218,0.22173813165946687,0.855370617981822,-0.796892776903017,-0.41031418203652487
41.814500511102814,-72.77207744925062,0.0741056709144727,0.09266854594971888,0.0793931051348426,0.36850092385486927,0.16639626367810478,0.6454826365338027,-0.598115001025608,-0.37783833021987173
41.81460884821119,-72.76796057520323,0.034953577703685304,0.08770607712215228,0.06992918598558148,0.4476306731564616,0.185096101756482,0.7297735334362955,-0.6723330611003036,-0.4149256548153846
41.81476141931478,-72.7639714549619,0.05996033033450132,0.0885891727295127,0.0866614455526626,0.5295315113882295,0.15637704740012565,0.7187197790026816,-0.7133596237571047,-0.5440294616636282
41.81464060342731,-72.75932307961263,0.031177912796364927,0.09386137049076959,0.039410097653186954,0.5704440679879251,0.2032889888533634,0.8707556662771767,-0.7174150170869634,-0.4745242249742396
41.814898774415866,-72.75579613952448,0.030860944657882233,0.0857247691080584,0.08422008381696931,0.41272181112625883,0.13077653254338503,0.6610465542391396,-0.6560322710298881,-0.5187601431849981
41.814352416420995,-72.75155427889334,0.03237976306973508,0.06959406627075969,0.049604918858585714,0.5303225990566255,0.1813080286923996,0.8289271768413022,-0.7679875546288384,-0.49044343618008934
41.81488335466153,-72.74738019300756,0.04392085492507315,0.09708009191027163,0.052053438289723496,0.46295991283758314,0.1922673137121989,0.7978559655753222,-0.6533101525346222,-0.4131278252138045
41.81475569610534,-72.7432825732078,0.043450558127913645,0.05726216537494528,0.05572751536035622,0.49761331968077166,0.149640468525099,0.798577976424913,-0.7936035492027715,-0.5376142364809052
41.81473543164966,-72.73943674968513,0.05468319567210969,0.0815044753124912,0.03244447540227675,0.4949602278495946,0.19744712240510534,0.8769655439087644,-0.7172264845864312,-0.42967929981541936
41.81474562680624,-72.73530637077012,0.03786887113390646,0.06260398308563443,0.03959204511140585,0.6034044159950015,0.22314060345685294,0.8768514369634953,-0.8120024216750014,-0.4600642476683614
41.81483260019688,-72.73143290946372,0.034781732129496264,0.09915237993271284,0.0722602027513215,0.41070186114130114,0.18378655013110085,0.7007624070142818,-0.6110559766106988,-0.3816984598985309
41.81456802887692,-72.72721203218471,0.03552127554649918,0.11245352078046444,0.08534489799563036,0.5993746554024928,0.12062853597367318,0.7507157563353315,-0.6840430751604271,-0.6649222186276373
41.81504229610664,-72.72345306627437,0.046086989049413885,0.0542758304061104,0.07577652483295624,0.3577198919655734,0.1779827726311787,0.6503937661465197,-0.7365223595348633,-0.3355165677021432
41.814495360375574,-72.71919233380753,0.17118872854028064,0.13499046705221426,0.14506919418325476,0.15718124841584377,0.31519909089571185,0.0400729081765293,-0.0759511622406021,0.3345140119721375
41.8143524567842,-72.71464957651233,0.1719915174215986,0.09241230943286628,0.1127733333711101,0.2429165547344293,0.3417960064990038,0.365889573236064,-0.44882579874327927,0.1691077947017101
41.81475711681309,-72.71096446601283,0.10246745895186199,0.1477995956183951,0.10227239174333082,0.25822150023503326,0.3030814816570535,0.43259847659516554,-0.2719610033674209,0.07992115286970772
41.81491514468768,-72.70700716217716,0.10113596027276489,0.18720729121660723,0.18867212317317475,0.2792474147311466,0.3398446271054893,0.19357022782941027,-0.19731845845038706,0.0978807806906568
41.81488624865191,-72.70248625885846,0.13448403612074591,0.15524799306496972,0.15459003901543886,0.16326120965002225,0.29735193708207663,0.027280593268047253,-0.02515850881779043,0.29111354806823186
41.81490337463309,-72.69922395293048,0.1173426658702203,0.060673807783365716,0.03277322652637398,0.03777867727228773,0.017839884908430158,0.07094706841927484,0.2325500519172855,-0.35849169022154354
41.81444188729551,-72.69446876143593,0.12906705920753786,0.19130364417875978,0.18164771324544604,0.2990023802702671,0.2984443022959882,0.2441582111561257,-0.2196561549749097,-0.0009341050683916654
41.81444917539194,-72.69094268064974,0.11705422852537184,0.11308200147768532,0.1077333237115198,0.16383331355553712,0.314596922467449,0.20657909384078338,-0.18327376393668585,0.3151214065506271
41.814768020246014,-72.68646723797815,0.06080489098910305,0.1004669678738346,0.05886246715115546,0.06538868349707012,0.04784896103537622,0.052524393632308514,0.2114988792170762,-0.15489303521028464
41.81477985389117,-72.68270272092978,0.15192063140382192,0.10062434026461917,0.1798153604143684,0.2679809454721511,0.29772097512419676,0.19688770072195644,-0.454026601580112,0.05257190857809798
41.814814647939045,-72.67796020817917,0.05748410610583721,0.09116027532084639,0.054171166334043584,0.5334964886224512,0.17633327630949125,0.8156401296646013,-0.7081268287391144,-0.5031674212016234
41.81444359194491,-72.6742707905769,0.03981739102953353,0.1007095273375832,0.03413528109476589,0.48974523276130655,0.12688728059259727,0.8696829517726861,-0.6588747042340168,-0.5884508914314324
41.81483748831274,-72.67047770647727,0.036139692513708015,0.07112947237088517,0.056656423235100395,0.583161777430161,0.23673738730407995,0.8228983696425299,-0.782575504738864,-0.42252072575091565
41.81457307056899,-72.66587835918651,0.1441743824390052,0.16730783385594428,0.20218211752045917,0.21933980960962463,0.3568826959916479,0.04070415080416565,-0.13457207520343728,0.23869752577348746
41.81491370629687,-72.66167030703622,0.09400898367281062,0.1919140861989915,0.21119630029643832,0.26472074446347615,0.26662245258824746,0.11246591135234349,-0.15944175383831244,0.003579058008690727
41.81482826727157,-72.65790632648749,0.06679893635416974,0.07401676801724655,0.030268894438781092,0.06328900416895969,0.03701034965874132,0.35293770191036106,0.07813046514707683,-0.2620022313938441
41.814848723961546,-72.6538735658375,0.06424176635989394,0.07912797140908724,0.05499116252578226,0.0403396863735922,0.04108857291559158,-0.1536908180441704,0.3246760316173087,0.009196887524511477
41.814388824132166,-72.64979978019008,0.10289801787953853,0.08475716704757405,0.03800217734211138,0.061176131310663184,0.04919679612667292,0.2336594995755002,0.1615877664809858,-0.10853508611331789
41.81487067859959,-72.64589162541886,0.0668791738667162,0.10409914518410186,0.0507399393126378,0.06427038926592309,0.05495249234146336,0.11764552036770287,0.2365555980675391,-0.0781552735417396
41.81449636061332,-72.64188141233276,0.044502318609269335,0.10955385988318164,0.05389463421914037,0.5720571676955701,0.12657758588999884,0.8277994118579632,-0.6785443443532784,-0.6376430309532387
41.81465206321496,-72.63786767794198,0.06483183285339778,0.07063222624527848,0.07931225549252982,0.06765302820202232,0.04802957064599807,-0.07933320711808144,0.021543859142201666,-0.16963188717608982
41.814303770146005,-72.63349598511715,0.06129751423460377,0.07603858945856765,0.07642948946113873,0.024940388413976472,0.055312966935300016,-0.5079329493776776,0.5060281072471087,0.37845867489448665
41.814920740996826,-72.62940242244241,0.09954359587635431,0.1924381690533533,0.17848684927117614,0.2601262312474997,0.31694559727778104,0.18613075077419491,-0.14956559143659803,0.09846151418530422
41.81501441952151,-72.6253424051269,0.1399834933206541,0.1727553157285951,0.20057354103409103,0.2490981714538064,0.2649710860551338,0.10791123629112287,-0.18097007146986577,0.030876996376410185
41.81414147197256,-72.62155296287229,0.17961941583429195,0.13240587249454525,0.1155996486878606,0.19057384041427133,0.3604421911561464,0.24487486472547332,-0.18009789963541156,0.30828204808804466
41.81473417296256,-72.61733712254008,0.06411031477102382,0.06494153959228587,0.06233119829779772,0.5626336400535232,0.23586038770183337,0.8005289434771095,-0.7930398087797622,-0.4092369397806028
41.81465904392973,-72.61324248151244,0.03179847298097357,0.09736838415258378,0.07691908469053148,0.46478817277335494,0.12142668186944737,0.716012353053404,-0.6535897946827237,-0.5857263564450744
41.814469685634265,-72.60917485492713,0.0375906477346257,0.060997614356106726,0.07614984334987926,0.400595144537359,0.18293277875848163,0.680542657879434,-0.7357080968846619,-0.3730110541231556
41.81454457125916,-72.60532507920732,0.05735968243573667,0.08697927468369399,0.040039646492797024,0.47053436525412395,0.13883695500782361,0.8431583058612717,-0.6879743616913294,-0.5443272422202527
41.81510496922646,-72.60173277001323,0.06033055783258891,0.06354870879332994,0.03896073089946503,0.5841253597661865,0.13586168522047887,0.8749427037992686,-0.8037633066438252,-0.6225996393504688
41.814472236834945,-72.59712361983514,0.05895398688824797,0.05163487901479058,0.030001154370994727,0.5706571068851096,0.18180735060626962,0.9001057462915572,-0.8340493524430623,-0.5167682704578707
41.81486957649826,-72.59337812498013,0.05531772181253928,0.05948454337928998,0.06278027698665226,0.49276269435606135,0.19836857162474936,0.7739858832705016,-0.7845727807594893,-0.42595978104611737
41.81483216495636,-72.58918159685561,0.07442800142300357,0.08322716270369566,0.05742893785285876,0.5270351385690744,0.20027775799222186,0.8034817188271467,-0.7272413435006024,-0.4492665840544657
41.814736461665596,-72.58540354807637,0.0771346793072234,0.0696900159747589,0.06351500040994512,0.5580309968692053,0.23966081713273457,0.7956225261268345,-0.7779586327402996,-0.39911426210987355
41.81439633263283,-72.58089626235348,0.06403389737686227,0.05651546482293272,0.07027066641225599,0.508605452548271,0.20328705162892527,0.7572169101104422,-0.7999880624280268,-0.4288827303670406
41.81449306511326,-72.57724243558378,0.060897839723336435,0.0710205037989914,0.040897395685409864,0.4101237994993008,0.23154216698427132,0.818645349167412,-0.7047850164196531,-0.27830934137536417
41.814356058175406,-72.57300086871876,0.055744443207449756,0.10838890763118574,0.06050969202883717,0.37519783448884025,0.1457380101593099,0.7222462851975444,-0.5517292010280809,-0.4404761674338456
41.814767127688015,-72.56845787550614,0.06316364166538421,0.10314413426851658,0.07290121408177505,0.5726095159589082,0.24830603540524288,0.7741285754392325,-0.6947285915990141,-0.3950509647609381
41.8147545755038,-72.56468112106673,0.03506950211049221,0.09128235498762567,0.07624542367684875,0.5016243628343455,0.15946211984714342,0.7361155559380618,-0.6920852733025213,-0.5175756152195531
41.81438341133337,-72.56051567893135,0.04432945506461621,0.10887591416170878,0.06459112686709242,0.42653095942929825,0.16271856346145944,0.736965090068819,-0.5932965393907953,-0.44770913801273887
41.814440336059775,-72.55633840964362,0.03802595590672005,0.09273289526744559,0.07134660396313472,0.3500293749965273,0.18979301109213975,0.6613636869416104,-0.5811165426893369,-0.2968316395053472
41.81504069911781,-72.55217353179344,0.046936562951906693,0.07223612176305245,0.056719684099679146,0.569223767292011,0.18097338872208074,0.8187705807175661,-0.7747758729872768,-0.5175311255947195
41.814984582234054,-72.54843423768565,0.06496311280836525,0.08842759699735345,0.07573731726735322,0.589858433632636,0.18651882810564127,0.7724224736562859,-0.7392616300376339,-0.5195149644438758
41.8144968534177,-72.5445465131094,0.0766829786315007,0.1197897710715259,0.03938855491726769,0.3509635553815249,0.17685033926950355,0.7981896145655882,-0.49107201440679454,-0.3298761511898787
41.815009056871766,-72.53998142640879,0.048680081608669296,0.09070216337513215,0.042752845503069944,0.5474083394001237,0.14983989514684767,0.8551146818980214,-0.7157164378876313,-0.5701964157881177
41.815082875662824,-72.53612875094757,0.05993242236985552,0.08809078049700042,0.04778680298865623,0.46854933842852614,0.2299765019459851,0.8149004140694228,-0.6834910833698418,-0.34153759631087
41.81492128590187,-72.53233431972457,0.06565161454606619,0.06277167484573355,0.059163765810410864,0.47650549779092044,0.18324330071153622,0.7791033765400318,-0.7672006974119526,-0.4445058448686091
41.81483559920412,-72.52804511625632,0.032536773635944725,0.0790469691834624,0.06728020363717294,0.5266000139415068,0.1283912404757383,0.773421637408694,-0.7389668523548085,-0.6079604434108977
41.814971811715736,-72.52425821390958,0.056559382477669874,0.10833884057600018,0.04230853003286051,0.3824924176456235,0.1670631389978551,0.8008077417714131,-0.5585495472780903,-0.3920063695899031
41.81465861066932,-72.5206986251811,0.03492966330489495,0.0549904462248497,0.0706616176295314,0.43018141708251534,0.20703272123223543,0.7178292888902513,-0.7733156005792022,-0.3501942007131926
41.81857140718482,-72.780289670738,0.040490736570667436,0.1188601873066145,0.030964217405613646,0.3843581571426414,0.2287177235224257,0.8508906849081109,-0.5275999429762431,-0.25386814019069925
41.818793265378666,-72.77588000905946,0.043139248413882954,0.0987889907580517,0.05467207068238944,0.5769587121103671,0.21716553544607964,0.8268859841166804,-0.7076157555883313,-0.45306912334107163
41.818723598639124,-72.77145610709951,0.06962094047680158,0.11061933878661546,0.0801769506665163,0.36396271725510554,0.21073462877120716,0.6389561371912167,-0.533824183285637,-0.26662397093596946
41.81860011833539,-72.76767924142877,0.04317391833645167,0.10504427806569477,0.07134579000973879,0.5872562822209939,0.210130043940836,0.7833417384549508,-0.6965356260229086,-0.4729529788846918
41.81853164268741,-72.763500132083,0.037881221036605114,0.07543464242521469,0.07890310133071468,0.3855454939732281,0.20293287330836013,0.6602289160587118,-0.6727206381837952,-0.3103132261402014
41.81922126795223,-72.75976014211734,0.06355916641644752,0.10548412287797135,0.0369885872439373,0.4846851158786638,0.1891486150254889,0.8581926325880206,-0.6425292409336527,-0.438589650976099
41.818950793128984,-72.75552269664769,0.035324264322086345,0.09886796898110169,0.059555647774279824,0.5774193961240535,0.18259366016002904,0.8130047688845236,-0.7076155076008885,-0.5194986226874028
41.81892408574945,-72.75152009800978,0.06913492549114572,0.10045216252438366,0.04596495242280784,0.433537547773501,0.2368954179274998,0.8082806558714929,-0.623767422528248,-0.2933061766143813
41.819128901987966,-72.74715477804598,0.037256006599865235,0.10286108598744692,0.043397390974759587,0.5103976506428554,0.1933516534058149,0.8432727355304684,-0.6645426152340139,-0.4505098554457882
41.81896349809676,-72.74400618267927,0.07396240127214604,0.09763705437064185,0.08955926394594996,0.5618296504689732,0.2036492064593906,0.7250206076153691,-0.7038908752963121,-0.4679168350212217
41.818930363438824,-72.73956839459177,0.05635067186762645,0.07818709394450737,0.08006961476214619,0.6038659931084949,0.18225919594702225,0.765856276992408,-0.7707301808944631,-0.5363099962081208
41.818791339405635,-72.73493873049406,0.06704411309645325,0.07615452582284082,0.07487273145387793,0.4933838625134186,0.1591762969532735,0.7364826655819258,-0.7325745643052995,-0.5121482835134737
41.818766010238086,-72.73130239209077,0.06934127519776255,0.0502156019541801,0.07909068695719867,0.4327753249333052,0.24475145325239747,0.6909711326013286,-0.7920639947512801,-0.277515041079856
41.81880057884054,-72.72755970714033,0.07893995793657405,0.08497064143977051,0.06137542783587586,0.5955698962053436,0.23939239877263208,0.8131490533844642,-0.7502848493528517,-0.42657913965097866
41.81887980397465,-72.72348635957972,0.04644351547937081,0.0662635609081353,0.03175540328683234,0.4435131333890026,0.19834233463057105,0.8663685860253288,-0.7400290690044309,-0.38197197184422055
41.819024425192346,-72.71882980531393,0.08483857521638677,0.12895001711108542,0.1972406378424903,0.15669229763055473,0.39011586568765827,-0.11456503802829524,-0.09712244680751117,0.4268838391888885
41.81874593456033,-72.715251706994,0.16860875530709696,0.19500198634482163,0.10450807278398255,0.2486532838512865,0.2898066455194412,0.40815680526499776,-0.12093014804658912,0.07642790005980325
41.81886938321619,-72.7104999415793,0.15122722703254765,0.1824210022715404,0.19170029937686706,0.2643838390181298,0.36580495186547646,0.1593643223310571,-0.1834421411146968,0.16093766552899352
41.818234489281686,-72.70685316579527,0.13297830489215293,0.16870951527469802,0.11415252649737638,0.20868735166009844,0.2937972533186854,0.29282263920509183,-0.10593049356794863,0.16937812783772846
41.81902753591915,-72.70272391297122,0.10014675004341464,0.0904831985113389,0.14179826239952098,0.22258594346980998,0.43513390743072644,0.2217101613324581,-0.4219602868634862,0.32315880943824365
41.81873854153297,-72.6989822788156,0.09895365941153916,0.06971398105246712,0.03497409097449887,0.07528137441093453,0.057637771442679724,0.3655808199215214,-0.03839704617209398,-0.13273936463363947
41.81867365181133,-72.69479992104567,0.06283293846691049,0.05460004494959492,0.06693731574244605,0.03363406946536099,0.01922236114871892,-0.3311403756473251,0.23761756575957815,-0.27265761515124093
41.8188433507753,-72.69069069662494,0.0925006758406315,0.08474355090607517,0.05289555905904575,0.04757367632857029,0.04765710926331385,-0.05297027204341041,0.2809148540544119,0.0008761130576105642
41.81840293855661,-72.68609610549224,0.10135582846296509,0.07861198694497223,0.04377024127670035,0.02819490917471711,0.011871059837498824,-0.21642881317253554,0.4720395367894319,-0.40742429896656734
41.81882909558396,-72.68256630090188,0.043978213407661206,0.06841501113996698,0.06290345935327613,0.4578497782604536,0.23468815855405567,0.7584135640077001,-0.739997763415208,-0.32223739356847675
41.818954523817006,-72.67857301640437,0.07900057251443822,0.07181875066416238,0.042580836231219596,0.3945911377982506,0.20165150045205196,0.8051986917699844,-0.6920359004354596,-0.32359248562361725
41.81897751620728,-72.67451757083545,0.14284739332057889,0.1379173727416597,0.11997544748887948,0.22089476334910194,0.2734255520637117,0.296063758731297,-0.23125580843356172,0.10626872308644772
41.81854017726518,-72.67064428195236,0.13807128002586647,0.13042104721285175,0.22526844214797742,0.14094362174800484,0.43170081387401227,-0.2302622679954201,-0.038776509025465436,0.507744726114699
41.81847751599759,-72.66569547324809,0.10368572254282137,0.08866990230284051,0.06630464404276987,0.04449777122116247,0.049210486566314625,-0.19680864148731084,0.331703107163738,0.05029135592127026
41.81885299099773,-72.66227278137346,0.11146121103039348,0.0943796571982036,0.06256886565808385,0.05126552991929764,0.029761163976809404,-0.09929631269577492,0.29602164089447763,-0.2653985360683885
41.81869470470184,-72.65794761640481,0.0327051877019174,0.10691834756530758,0.0786421303646676,0.4117029415970265,0.12489730668854655,0.6792376028169356,-0.5876823809604893,-0.534486586289921
41.81830050135409,-72.65410113007067,0.10297919812489907,0.09462686369997475,0.20174524560852852,0.23259127874782293,0.418171252254642,0.07101874102115983,-0.421628256965789,0.28517310795528295
41.818356504183065,-72.65029975000874,0.07331305224897502,0.06715792785130181,0.08361109348188464,0.5871376518958542,0.20161519759513383,0.7506932541937198,-0.7947168529634447,-0.4887747214472982
41.81874754830546,-72.64611646496887,0.05178703760092391,0.08387989120158185,0.053335265899900106,0.6055066754971811,0.20295549771512528,0.8380938961268855,-0.7566535373520433,-0.4979220934760343
41.819087255516095,-72.6417641094516,0.15371603748161633,0.09440278463028531,0.21620351382717545,0.2455752943358711,0.3360751660829787,0.06360573501745657,-0.4446536969833119,0.1555915071088195
41.81890467347479,-72.63772777116047,0.06786155116470913,0.07782857228174461,0.05267431770670343,0.044716199557404045,0.04515471187423093,-0.08171348066381294,0.2702063272662796,0.0048793576235227525
41.818937494824354,-72.63345718823369,0.08550605190883595,0.08931713925715579,0.0764948177345143,0.06604490617194829,0.036939943558910185,-0.07331227587772975,0.1497935549247596,-0.28261402224794496
41.818620231905534,-72.6294099258231,0.16236322930908065,0.10965180053401662,0.1814451405973968,0.2785145053496178,0.4086945596719032,0.21103887179572917,-0.4350266941155457,0.1894329701809283
41.81879800609879,-72.62560984247757,0.1479499385550415,0.1423849141817462,0.13867613212488555,0.19389832410145807,0.4199003545513957,0.16604459826280038,-0.15318458981987482,0.36820221077366905
41.818384827702296,-72.62135544515007,0.17138688211829364,0.1947537159549605,0.16393762840138817,0.15547257957594676,0.40801491153505565,-0.026502123645472487,0.11215930065864285,0.448177352546341
41.818792015790876,-72.61752155863866,0.07877665763119436,0.07370796418925454,0.08445803871996611,0.5099978009758334,0.12476345792986501,0.715847559801294,-0.7474482227585746,-0.6068964317546666
41.8188582883097,-72.61337570556775,0.0621243773164696,0.093021099805388,0.04313012955935418,0.40791125488382307,0.12379241569158306,0.8087531164680177,-0.6286081386653485,-0.5343556099298102
41.81872043697908,-72.60957095084831,0.0570362448170915,0.059156599024840543,0.06345433081640207,0.4210964327271847,0.15301494624250706,0.7380900595332809,-0.7536440371483774,-0.46695031017462224
41.81900746984691,-72.60564759569692,0.07057192983004637,0.05380743865133812,0.0737179026326237,0.3981749475855457,0.19399877078371575,0.6875650792397392,-0.761904710051521,-0.3447910139681544
41.81875026552491,-72.60127429473401,0.07644208425336164,0.09958605521375188,0.048060708801460045,0.3756276436974488,0.22599566701988644,0.7731317912423198,-0.5808788532741319,-0.24871372836127514
41.818387125049725,-72.59693678575631,0.0351561178567526,0.11768729673268359,0.04458011726973397,0.6109796180214925,0.2085507453607275,0.8639937297249359,-0.676979167436505,-0.4910481547015929
41.819170427160806,-72.59316949857022,0.06885192220540007,0.0804790485247777,0.034485046659857174,0.41204981498381543,0.23184484648963916,0.8455437654613598,-0.6732006812698254,-0.27986715727974
41.819135662046364,-72.58906478751105,0.04227478343078083,0.08322134305629977,0.07733094346665087,0.3720166632283864,0.24931981643557882,0.6558079210194447,-0.6343831494409247,-0.19747246589990208
41.818414253239816,-72.58523341637172,0.07352883569411084,0.09772001709323073,0.06998126562595974,0.38772163761494205,0.23776630329166804,0.6942065906489273,-0.5973974785827725,-0.23974136752488318
41.81897552287172,-72.5811571994406,0.04497618951797047,0.07156025659217485,0.08788135079891474,0.48409817965912694,0.1277857927397903,0.6927115530566652,-0.7424307742902295,-0.5823201832242781
41.81852732267294,-72.57666178000513,0.07393768764045125,0.11415079145816771,0.034365960794280184,0.5072558914450839,0.24759813372499,0.8730997996030171,-0.6326052017179862,-0.3439840671997359
41.81845980177164,-72.5727239477985,0.06402465976346178,0.09229834246113522,0.04219520077438217,0.5263093451208243,0.16330835385510573,0.8515572088946494,-0.7015932898541402,-0.5263800389763322
41.81852899618539,-72.56856343137358,0.07260884416688596,0.06668420780333353,0.04504750000472601,0.35198177667376906,0.1401508929594617,0.7730771877500389,-0.6814443481162222,-0.43043450838607705
41.81866562887963,-72.56445746336345,0.03975823461570892,0.11759772675298598,0.031627072082216545,0.48072492439281705,0.22459827763157708,0.876541626460676,-0.6069086586383338,-0.363133732204065
41.81866167711781,-72.56079026938296,0.06538948366888825,0.0935602026052095,0.070516572968956,0.4218483002194889,0.22539547044413216,0.7135596919727175,-0.6369473840945484,-0.30352216379608105
41.818557735279114,-72.55618163653567,0.07697867549431822,0.10988480910233699,0.07694024823161641,0.4282051623464409,0.12703080464555527,0.6953738601977173,-0.5915745881437703,-0.5424258794553688
41.81857333637523,-72.55258456144594,0.06570948871093561,0.10157751699073894,0.06377467567431963,0.39540101638616254,0.23384378649388893,0.7222210287825112,-0.5912196999716124,-0.2567478176265051
41.81852345133096,-72.5485117686283,0.05837958797710273,0.05580209607695416,0.07442622328433558,0.3664094076500419,0.19519046060706807,0.6623402553619147,-0.7356675714215687,-0.3048771139750105
41.819039158813496,-72.54407096276476,0.041662712535391964,0.05100139469419211,0.08351032986682064,0.5671435233022615,0.12406723819663618,0.74330335719961,-0.8349856378031901,-0.641014737885171
41.818600523870316,-72.54044756518634,0.03034016437848505,0.08282992395957037,0.03643783525765848,0.5097407012950107,0.24978425432497295,0.8665717057003219,-0.7204386433296965,-0.3422618902072032
41.81885111413502,-72.53643508077228,0.07327392719679726,0.11900984777006468,0.07597131801615112,0.5813884478923438,0.19729769314479234,0.7688592397766967,-0.6601652273939075,-0.49325490015268403
41.81861418175335,-72.53283295993495,0.06708271521842127,0.09401065109008103,0.03359078896427188,0.4287294002641358,0.14809388404842758,0.8546860390400279,-0.6403158669532365,-0.48651904985104627
41.81866875353798,-72.52794834067852,0.043741482207599255,0.07072210946699922,0.06598865370747183,0.38641591521893687,0.15134316051387403,0.7082759183265189,-0.6905875002824939,-0.43713396075133887
41.81900514175401,-72.52424602522505,0.031904431641499156,0.11994480164509327,0.04802352015312153,0.4275831123986154,0.1921331762568544,0.7980536146207022,-0.5618678114171245,-0.37993181791718084
41.81832919475353,-72.51968729766955,0.04244196004198729,0.0896112852236748,0.05897655300154378,0.4642302032960198,0.24790478360194904,0.7745573722369822,-0.6764009664094054,-0.3037702453524655
41.82313816955313,-72.77973685972819,0.033400196353590546,0.08968423063380251,0.08714832890297311,0.5999369832875651,0.14801511042607193,0.7463245761283115,-0.7399029240303256,-0.6042123241044327
41.82292348962386,-72.77581079799526,0.07098921747061737,0.08430385398926314,0.05028279423955474,0.4376979355867191,0.1558037215840704,0.7939148365245655,-0.6769978353609,-0.47496786335261937
41.82284538319233,-72.77172621745927,0.04220088678209404,0.09972833642456949,0.0681272734135079,0.5431486997404057,0.22685429488888242,0.777098147463571,-0.6897436653843172,-0.41077035681374297
41.82249746665778,-72.76780374856097,0.03252831205780771,0.09947552814041682,0.0860697924149828,0.43939845314441905,0.22155524163127766,0.6724072552724673,-0.630802259544105,-0.3295892181782407
41.82304861277275,-72.76316107754032,0.05353965407448509,0.061625107710082574,0.07591388403526453,0.5710810932857886,0.211949009841639,0.765333930876578,-0.8052015054915364,-0.4586440317042392
41.82316065544231,-72.76037997090462,0.06451575016117744,0.06846940474141434,0.05678640875639025,0.4154728856720169,0.14008937744425887,0.7595117367668923,-0.7170348361870957,-0.49568433011102836
41.82273881140479,-72.75580640462194,0.07376365441387082,0.07200936040178879,0.05575412300686362,0.3509576760416948,0.17367112042908836,0.7258298228018363,-0.6595036766586864,-0.33792761054144616
41.82273999357865,-72.75121956404439,0.0754258591425531,0.08543067983850589,0.0705319595941717,0.5404803667475174,0.13981614858271704,0.769130812740007,-0.7270197408897637,-0.588955270438666
41.82313549802053,-72.74770592217729,0.05203733018942952,0.11210999771268204,0.05885606104424482,0.4731613054691101,0.1472120609533827,0.7787438352625001,-0.6168956273673327,-0.5254081850666461
41.82304123523934,-72.74324499450228,0.045149766213102085,0.10119706098850112,0.03252849989486855,0.38464476922551444,0.16049212911963676,0.8440528082566007,-0.5834156110274681,-0.41118596225338677
41.822920773106894,-72.7395342482245,0.06633723050425039,0.0617267126829783,0.0667705227670885,0.5084436223028459,0.2008532271481574,0.7678411654533616,-0.7834797466812685,-0.43365538052617025
41.82292445107967,-72.73516355069917,0.0743242874568524,0.08986107562510376,0.04272259018325628,0.46159884436276755,0.1287218940802769,0.8305739662970542,-0.6740975277874042,-0.5638916754990599
41.82312631553992,-72.73151996939083,0.03663631186866968,0.08110606346277803,0.06837194037556235,0.6006924200780246,0.2114140752147382,0.795619242581655,-0.7620820068664051,-0.4793439618075611
41.82285241622293,-72.72713346079885,0.04399676406754228,0.09681471189114224,0.030303730007908466,0.36958880522137183,0.20115453274003176,0.8484406317285533,-0.5848457040353455,-0.2951138651621553
41.82257018911522,-72.72350465030934,0.06183766322519103,0.054456672458554733,0.053549799995680186,0.5155105935428781,0.2127526121058366,0.8117957229014154,-0.8089129825276042,-0.4157260439477426
41.82302721687616,-72.71940256225524,0.07183580211273921,0.0747978098203951,0.03041921047200018,0.5147015929559937,0.1514169176305312,0.8883946080182269,-0.746232788470635,-0.5453754392826979
41.823245848224126,-72.71496483912699,0.07139569990397027,0.11398009157821273,0.08770179743221446,0.43176419801006777,0.17927073206457644,0.6623386392884345,-0.5822948814940367,-0.413222638376249
41.822735851529224,-72.71115530251195,0.04925715931564732,0.06660921424607495,0.06434203916110354,0.5280020086828338,0.16139712916125754,0.7827545008840691,-0.7759570903556972,-0.5317744966552083
41.82274176572505,-72.70726077159246,0.06082986446732952,0.06532991499209526,0.04887886050994625,0.6084206691028129,0.2019264608512072,0.8512737091452273,-0.8060709213933904,-0.5016297253680291
41.8226609967981,-72.70284990805925,0.07772222673968784,0.07379013514450963,0.04685495856630933,0.4517204696726906,0.22412338223003958,0.8120446539782195,-0.7191678551561194,-0.33675986960876814
41.82253162686061,-72.69913615327422,0.09818264347122083,0.08849498147775431,0.048594319169532225,0.036571536353075626,0.047732596565975755,-0.14116904882456174,0.4151666331264811,0.13239042768658746
41.82297768429421,-72.69416161081996,0.11416662341686987,0.07482159474335193,0.06211484516712219,0.027258158586070523,0.0226942204225226,-0.39001359602179053,0.4659438782516355,-0.09136578185320872
41.82293178186806,-72.6904626902111,0.05846655903661214,0.11007812872106047,0.05548139503835044,0.591662074307526,0.16838798224584986,0.8285344821777146,-0.6862709924670618,-0.5569029150278749
41.82298594348555,-72.68652433512811,0.07033152719032823,0.05430594438726698,0.055605254650457916,0.05768426007971576,0.010518797293125355,0.018351260787103727,-0.030166171305141154,-0.691544699070514
41.82256998485439,-72.68235936203453,0.06582796301367137,0.060370847363032186,0.07235258804861856,0.06203486849684023,0.02480471913316733,-0.07677591210522088,-0.013594309073875115,-0.42872323993864714
41.822445073669925,-72.6780963810371,0.08388417087765968,0.1042508993832467,0.0671557857007605,0.048749226460940445,0.016742863439504,-0.1588072758591386,0.3627557338013451,-0.4887057821805629
41.82277142593047,-72.67477085907572,0.03900572776095788,0.09908966540198433,0.04103136223460502,0.5120036598195721,0.150891195949799,0.8516138739922859,-0.6756971110229075,-0.5447507409763463
41.82311161881094,-72.67054884515602,0.033451478769247124,0.09923711826865558,0.03927586345412481,0.5327987623469702,0.1361248898508631,0.86268972024716,-0.6859763145978516,-0.5930032092493439
41.8235794313557,-72.66622060474727,0.08882059132513148,0.16709751075817575,0.12523799190626783,0.18578405803413706,0.3194730384933748,0.1946680826631761,-0.052954160626505285,0.2645959480392141
41.823022311437676,-72.66239509638102,0.03302067386972899,0.10799731134956582,0.04729309576989041,0.5073630480321887,0.24722157048072038,0.8294687752101553,-0.6489949028953719,-0.34474791980803937
41.82289513694061,-72.65775789305908,0.09790315889753001,0.06821419808244905,0.07025543027612441,0.06555582529526467,0.05668094705394318,-0.03460394325262234,0.019872709296597672,-0.07260399690501977
41.82316042408913,-72.65411606735788,0.07982639095706498,0.1184078861370726,0.061778787780070676,0.6078731072382358,0.1663002081888375,0.8154898440827025,-0.6739336779645426,-0.5703799010507153
41.82328764329773,-72.65032556684226,0.061791432500313166,0.10966296079240788,0.05352079503943456,0.5792810167600342,0.1438439713096713,0.830845000625899,-0.6816491199124811,-0.602160141931631
41.82319086656301,-72.64593709938494,0.11413806449205403,0.06648097428828367,0.03280347261932213,0.05044830352441367,0.05376702326883962,0.21194539891410127,0.13711425456293216,0.0318448336395832
41.823447797246594,-72.64241488602441,0.0406985461934518,0.11448187558644009,0.06401075766108283,0.45512816816656754,0.19561335368136182,0.7533964244386718,-0.5980342100987204,-0.3987986101582301
41.82250873641511,-72.63731279304558,0.1752468966332923,0.16006759011716637,0.11853584903172922,0.24294165911312907,0.2644927401979855,0.34415920016673773,-0.20563813151743612,0.04247067426669119
41.82294145172678,-72.63339534117198,0.07928125113047407,0.05585131339072382,0.045451365114132586,0.05885420716496978,0.024454077775023536,0.12849593514499566,-0.02617915650178273,-0.4129256701746356
41.822902667131196,-72.62954442820408,0.06766136352932416,0.10810989493445206,0.05832582678678863,0.5419895536494044,0.22833260729773325,0.8056827171597412,-0.6674050557343091,-0.4071763247288889
41.82300160566298,-72.62553330913424,0.032996968357045145,0.07030240622170787,0.049188909446743596,0.45665303775220134,0.24361605142956066,0.8055166847307828,-0.7331751402299254,-0.304221605114066
41.822583440260075,-72.62153132373278,0.07956090533471102,0.09331561925464607,0.042534643420690896,0.6092515515800891,0.16371804697699618,0.8694828342578198,-0.7343581564058117,-0.576392015203156
41.822769166240946,-72.61771733236566,0.0420327848087524,0.10732046411667416,0.043197350054835326,0.5713605860042095,0.12470223214952525,0.859419763311998,-0.6837381444566377,-0.6416925918258628
41.822718500294876,-72.6133437512116,0.07692699219934959,0.055158389308204735,0.08235501615350538,0.5744596501654239,0.19727509888896333,0.7492290584342212,-0.8247877733798159,-0.488748953884256
41.82279229771681,-72.60894822930952,0.060892321041343,0.08900382324840186,0.06789153428680325,0.6113889988762292,0.24941594219540567,0.8001075226735261,-0.7458459868894427,-0.42050531939349167
41.822791967017174,-72.605128300821,0.036698452182258895,0.10042456155380107,0.08891781523338393,0.4677349104076259,0.13274503696851433,0.6805267947588284,-0.6464916400773514,-0.5578702084938636
41.822608977192836,-72.6012364961397,0.07982976669426324,0.0980608347306071,0.03707196516424478,0.44101071357445226,0.12631263262486037,0.8449139999715113,-0.6361861981440924,-0.5547067348062773
41.82303380560303,-72.59739649323592,0.032874837253695666,0.07348639589091338,0.08417030201622075,0.5732403281201972,0.1946476340754581,0.7439338575990024,-0.7727435927337652,-0.493031161684333
41.822755492549085,-72.59347575333489,0.06610977797595635,0.11668446478370685,0.034295112861190996,0.40728081221680895,0.1240444346468344,0.8446694626518279,-0.5546099334991162,-0.5330753229625147
41.823058590756226,-72.58925927574964,0.03888258264210687,0.1181933425209489,0.08734783335688223,0.41064140732967086,0.20411126789555234,0.6491979094308942,-0.5530046293125215,-0.3359564712076337
41.82274621330576,-72.58501397151322,0.06443898961342498,0.06549381363404379,0.08407912503611034,0.5763969257910693,0.23768816600722442,0.7453984139748603,-0.7959346985042935,-0.41606063444258096
41.822877906337744,-72.58110067716636,0.04802771564942579,0.09962520315104936,0.04939950259549274,0.5417088920765202,0.16370063424643858,0.8328580577073247,-0.6893188623764074,-0.5358706449578305
41.82265821130647,-72.57681698934881,0.06431138797517913,0.08620369810979311,0.06851203789795739,0.4682737748881693,0.22118307276783483,0.7447323075013725,-0.6890632990238363,-0.35838457904999627
41.82292543344228,-72.57308212458427,0.051768585773778034,0.08750092892965688,0.03306058330148771,0.5300143127045545,0.14657352480450475,0.8825712759137713,-0.7166031766338536,-0.5667272845337181
41.8225278341417,-72.5688577045385,0.05639773331033264,0.10929917478186911,0.07024819462895644,0.3881402121206546,0.21630045810179455,0.6934992526225532,-0.5605527923212603,-0.2842954858673205
41.8227584707612,-72.56512460023306,0.059887037419178224,0.07906361173276846,0.06825337239279858,0.5083291699474721,0.2224386308269362,0.763248564149142,-0.7307981500671271,-0.391219398032552
41.823101681569604,-72.5610158884822,0.07300268948449001,0.07539333337428732,0.06022732831621472,0.35582622909928097,0.1491426063609588,0.7104828104807279,-0.6503250782881235,-0.4092997591622583
41.822546145066596,-72.55643278768093,0.06573274384550715,0.09283159871140811,0.08281695132986991,0.5807880894582983,0.15135857929962024,0.7504028865377285,-0.7243797936974168,-0.586534813969996
41.822758686252456,-72.551954472337,0.04645604320525165,0.074297679646842,0.039503687891908446,0.5371119618597529,0.1564141593869033,0.8629808680741773,-0.7569626822901825,-0.5489307335512059
41.82305666553125,-72.54844599489289,0.06752079529607213,0.06887190182674778,0.07332234005933104,0.4747332796111893,0.17249045402108323,0.7324273762454588,-0.7466105762841747,-0.4669835327173412
41.82264641065681,-72.5444329468718,0.046631688342461376,0.11154760714392373,0.03613001546832352,0.6087410040774868,0.1339745485734163,0.887946536987287,-0.690269690770843,-0.639230528847191
41.82324026635001,-72.54016353064108,0.07189207018040744,0.060050797265180283,0.03846613344350591,0.5196620936586659,0.1580570622126211,0.8621602292246572,-0.7928257307872465,-0.5335617686372748
41.82276648509618,-72.5364099287268,0.03384352554937725,0.10911458861544478,0.03225512138126648,0.5926830700279795,0.24683035840800413,0.8967734031151763,-0.6890425971885874,-0.4119680518562998
41.822954568079744,-72.53160177911047,0.07109959210643019,0.05310558500936691,0.03022865665214801,0.35561559214401167,0.1787479047895195,0.8433116121519918,-0.7401378348964861,-0.3309875924711462
41.82302021088654,-72.52833238548851,0.05248013170564393,0.05297946621772721,0.043570002291061234,0.6180085438832718,0.16496229890082642,0.8682847182907891,-0.8420852074249356,-0.5786246693063274
41.822626546159,-72.52397180879349,0.07935718610594798,0.06613215251148191,0.06880959403523121,0.36135281370109273,0.12864140290823617,0.6800762093678379,-0.6905989321804757,-0.47492685200077933
41.82325274274532,-72.51997943402803,0.06400811978103277,0.06616792850023905,0.08909333895133445,0.5007612937827263,0.24604126239492952,0.6979142520645332,-0.7665742886429892,-0.34108082421614233
41.82700493026189,-72.77986322126618,0.04678427594942309,0.10285524486941036,0.07485428616630548,0.4813668241963199,0.12209924054825372,0.7308470147150488,-0.6478899024342121,-0.5953401601797307
41.82681856720274,-72.77573932371706,0.07235072846245894,0.0702840097108437,0.037075358214040385,0.4456265386260296,0.13004761110162716,0.8463840376151482,-0.7275341241328894,-0.5481902004349133
41.827166452498034,-72.77167184309663,0.07665333494449017,0.0977910083602368,0.0639664192454396,0.4783841892230633,0.2093594138844404,0.764114142229622,-0.6605511352435516,-0.3911701601048126
41.826888727149324,-72.76779493918482,0.07538918727641697,0.07575743943063568,0.05119638729257973,0.45977944684840844,0.2090867646901614,0.7996132737719505,-0.7170785379247923,-0.37480243108945105
41.8269411109875,-72.76305879453454,0.050832083221346414,0.06046349339306277,0.08133535524358682,0.44031799246326736,0.24491276174801713,0.6881632003278406,-0.7585234474486574,-0.2851670470339089
41.827206339003666,-72.75967365141308,0.07738755907013728,0.06672543360716655,0.06403745818153603,0.3609959672135318,0.13309862943424025,0.6986709545395713,-0.6879958146628348,-0.4612423194373728
41.827319222753516,-72.75556894213973,0.07158468012027672,0.0679482941731431,0.07494463281825642,0.4105586125109735,0.12078722879512303,0.6912703116230051,-0.7159986899917467,-0.5453536307041869
41.82668872335436,-72.75127605942791,0.05485737730471568,0.06892976595506026,0.030392871516169595,0.5033627942984183,0.2262888627878547,0.8861169128020939,-0.7591100400657662,-0.37973453334842877
41.82676610864781,-72.74705451853391,0.06172713009820339,0.08355483405407944,0.03290048129856313,0.5993642824259198,0.18206732856047655,0.8959281516662221,-0.7553009367060921,-0.534015962495671
41.82700243798455,-72.74282194531374,0.07227891144918688,0.10090826671000167,0.07976159897400051,0.38356868986539394,0.21891902216044445,0.6557030658461939,-0.5834341949995385,-0.2732830303730548
41.82716997396105,-72.7389278542453,0.048511573299342955,0.05380127664840528,0.05486281420622194,0.5543297994706176,0.18512116792732164,0.8198835213214676,-0.823060261969328,-0.4993010325519047
41.82699669300334,-72.73523360695054,0.03885821018005145,0.08945255517299558,0.05311882523085789,0.5336474507909539,0.24513205030565485,0.8189438370896309,-0.7128789782801864,-0.3704712310468329
41.82700406703593,-72.73142651768447,0.05711820092216703,0.11389785371873193,0.07037935479973277,0.5668584643937224,0.15919739318319936,0.7791111805359853,-0.6653784895172515,-0.5614734279136829
41.82722278981677,-72.72715501151083,0.06748878082026089,0.11170910149616971,0.0840139480232053,0.38147931648421485,0.22788466683458547,0.6390325943293383,-0.5469921943681465,-0.2520573152569692
41.82662483457602,-72.72277883871922,0.06412607648430826,0.08389743780582244,0.05039457613260883,0.5346317125238809,0.2059142407638962,0.8277185927889165,-0.7287195348477872,-0.4438853123166614
41.8264449668411,-72.71889794800549,0.06528699495611691,0.0782125939690806,0.0341260948645403,0.49511271775163035,0.21404922179169877,0.8710370666284062,-0.7271615525421595,-0.3963318958444454
41.82713886462785,-72.71506237951263,0.07559205970810595,0.1104624765322337,0.06710605315747914,0.5623839315001006,0.2459446909206748,0.7867923087164526,-0.671656190139235,-0.3914735069404771
41.82663078867133,-72.71049366321006,0.061940599526631064,0.11402155732703176,0.0714088920839088,0.35708490561033884,0.23922723850212704,0.6666981297364648,-0.5159414429761712,-0.19764425103840172
41.82692803436972,-72.70669682893812,0.07937459446745329,0.10051755329848829,0.0795264649101415,0.604654970997456,0.12514520041373858,0.7675281416992964,-0.7149135854411042,-0.6570425568090819
41.82688822445798,-72.7028519664028,0.07345375064493874,0.11152270991532631,0.07971710823016157,0.5603841581262542,0.22325676850124127,0.7509234478352863,-0.6680411669540345,-0.43020646085431774
41.82681391379448,-72.69833419747178,0.10983549131169684,0.08876038854947951,0.060635835755830925,0.034764682346392864,0.0407518042025795,-0.27118462167801377,0.43712345851315704,0.07928231476055221
41.82719166336998,-72.69457819136403,0.07042277836493377,0.061515350060083684,0.03608402994759609,0.5202757159123482,0.21448215763205605,0.8702852597941918,-0.788531128585606,-0.41618275800866517
41.82669826008581,-72.69056586548045,0.06376899597532948,0.07544317017702198,0.05410398897291505,0.07530858392830055,0.025783824819794035,0.16385266500783954,0.0008927673811835701,-0.4898959251422523
41.82691612607299,-72.68612859409109,0.10505195992926947,0.0766953129479688,0.03993625213682826,0.07598166165932403,0.04937691592193621,0.3109563340303338,0.004674256157356957,-0.21222916094546487
41.82686436815519,-72.68232262521914,0.1015459000678452,0.10673271285574229,0.03381247190348201,0.0665246733751238,0.013820570792178223,0.3260228440903908,0.2320711419889547,-0.6559704078215308
41.826937260202904,-72.67881403494206,0.0601270693884146,0.06211657597103628,0.06892868382767806,0.027568850756883295,0.02631894529798002,-0.4286102567164645,0.38521002212501143,-0.02319459229007517
41.82675274555168,-72.67455432229907,0.0636805046911101,0.08216299689937545,0.06463352558546206,0.0234554131192633,0.041671338532405726,-0.46746064910860186,0.5558461235096407,0.2796995850579261
41.827410451357814,-72.67014316874652,0.10763430223299877,0.0739198090497235,0.07112740948752061,0.057798920240661536,0.02893417826507621,-0.10338066145960864,0.1223887361798193,-0.33279961713434936
41.82714850539878,-72.66625782370247,0.07797507867028004,0.10565169748682865,0.0799969026934505,0.028620430847010818,0.05713841199813601,-0.47300435549084163,0.5736951338724277,0.3325369163693077
41.82742133194645,-72.66252211131943,0.1393654522119076,0.11304794404217264,0.13177771374320268,0.2858402777705993,0.285158144050863,0.36890787072880443,-0.4331848479836314,-0.0011946332838544812
41.82688398493458,-72.65863729800415,0.08291788564392949,0.10614817991660336,0.05092870222202507,0.07334316125988893,0.039733146699463526,0.18036632275274417,0.1827665805029421,-0.29723303817548763
41.82688550763359,-72.6544683170471,0.1579957211482774,0.13921657008939894,0.21817288005487773,0.2710685924938966,0.26353770995709097,0.10811780154991968,-0.3213667820067201,-0.01408678218397181
41.82714962822367,-72.65006852804882,0.04123055847651807,0.07891275217662425,0.04509786566647159,0.3794132996084587,0.201744055855925,0.7875303673708351,-0.6556479743218795,-0.30571624377112816
41.82678954274301,-72.64609878393028,0.1183041059273311,0.17717697598944257,0.21570645275347633,0.17923754124792918,0.4204968477877349,-0.09233945080683356,-0.005781372976775447,0.40227692617015975
41.826732551485705,-72.64125239003253,0.03344871160511468,0.10904102063184895,0.059455839551973255,0.4435425473574919,0.12718026809381713,0.7635943132252042,-0.605341067130855,-0.5543186126412448
41.82679678339588,-72.63768134046995,0.11822405545341336,0.06688424852372901,0.07085236502261322,0.021164826823966525,0.026090753054910036,-0.5399810318216482,0.5192493109010153,0.10424009701223497
41.82707412828792,-72.63410162006049,0.09213916864520727,0.09585015098496226,0.22557697814834177,0.20476668138994816,0.3781529666534042,-0.04835739134793039,-0.3623101525770588,0.2974445720700104
41.82693192987298,-72.6298845249115,0.05299903790799619,0.09726072522001444,0.04759487466759549,0.5888511127808113,0.22154872047102303,0.8504354631618956,-0.7164872551874045,-0.45323601664124213
41.8267874037639,-72.62536183070978,0.06097712713712545,0.10121642165129316,0.03809701771744319,0.5802131678914391,0.18362236187550687,0.876770531671164,-0.7029291853345739,-0.5192096865891224
41.82669086937402,-72.62134219261206,0.031535841050904255,0.07691366830382279,0.06157340479477592,0.4956907817943901,0.22691113769011118,0.7790153888350628,-0.7313549753564417,-0.37196087756869545
41.8270179816317,-72.61683058669426,0.07712984939226314,0.11976838356630005,0.030605132458784615,0.6125931663825794,0.1358873036114385,0.9048345354335804,-0.6729255281775507,-0.6368981982588682
41.82703134844776,-72.61297761558613,0.06031955186970166,0.052591861419027844,0.044299960840367636,0.4311554209637225,0.23902893367035888,0.8136525001682648,-0.7825647261107872,-0.2866770702193788
41.82668987549715,-72.6090162299955,0.06380075916585351,0.0774601835619428,0.030841264113725137,0.3788956060818742,0.17964510297248099,0.8494581944797783,-0.6605272231896082,-0.35673407484789593
41.82701158729155,-72.60511879056129,0.07132979215506785,0.1134749698927932,0.04760918472046206,0.6014464571314035,0.19903769386996334,0.8532970622222003,-0.6825526117880572,-0.5027067216234654
41.82691098816066,-72.60131096205073,0.04193563066807326,0.10688061620786748,0.06899776166650419,0.5658288547882445,0.2312438853564297,0.7826248620392481,-0.6822384080616424,-0.41976717127609375
41.82751593913939,-72.59721506024536,0.04488738300658327,0.11146138214731102,0.06761739065764186,0.5903152179075558,0.1699887052664074,0.7944549646046574,-0.6823451162703439,-0.5528401206802329
41.8269286251514,-72.59350516685186,0.06810156788791814,0.07642507919010882,0.03135781716248731,0.5876916820525804,0.2222263900427665,0.8986904368641025,-0.7698444501021087,-0.4512373591866089
41.827157503025276,-72.58892921639907,0.040215600856702734,0.0788470762885108,0.03979172562068723,0.40685378486952567,0.2300280341320456,0.8218196547995564,-0.6753265946429703,-0.27764295582292925
41.82746469548239,-72.58493140496405,0.053694993202388915,0.05495444431340403,0.05169163131637207,0.39273383274497403,0.21016493390142454,0.7673777247415471,-0.7544968357246575,-0.3028184978036728
41.82702333670382,-72.58089104344917,0.0689218804323023,0.11033065826856364,0.07659987904691488,0.5035147781498068,0.21285591762980033,0.7359146917022673,-0.640526257188407,-0.40573806582594807
41.82684361756059,-72.57676733525366,0.06527898976723936,0.10051626748631001,0.043423355425740336,0.6075642222328326,0.1268264862431341,0.8665923685305256,-0.7160880183941252,-0.6546075957133802
41.82756522308892,-72.57314321390346,0.04545748888499902,0.11387257926758662,0.07958617519382816,0.5509095556232333,0.24399290381502206,0.7475441266170282,-0.6574138404417609,-0.3861060538485493
41.82708368796815,-72.56854666314126,0.04624435867064426,0.055757193752206925,0.05268051470462374,0.5668626657911351,0.24290665247335116,0.8299375528192602,-0.8208949075504859,-0.40005962934245626
41.82669757675764,-72.56424629280384,0.05857158809879768,0.09030237108572571,0.040562852673320215,0.5070396147477485,0.16715916924131238,0.8518529221960932,-0.6976526906618614,-0.5041249755679638
41.827161577258344,-72.5606395080016,0.07174805977541747,0.11277989398189048,0.07415233533197194,0.4079628650301553,0.15384797888764093,0.6923874821773947,-0.5668498811357197,-0.4523139574352827
41.82665399864419,-72.55682963614923,0.035854295360206304,0.11849988140646162,0.0766136864514432,0.5515236397862568,0.14082700894894104,0.7560607107674063,-0.6462814284623373,-0.5931916603062131
41.827124337811206,-72.55276525881796,0.04644353506046113,0.06349355926900874,0.03065671906608798,0.5180864709124055,0.1581953403366333,0.8882656965008003,-0.7816515149283823,-0.5321614814851842
41.8278278662066,-72.54855557995381,0.037578790609225164,0.11723132584030227,0.08788662073527057,0.5349564336552398,0.24069014133751526,0.7177888711586488,-0.640498233419839,-0.3793819270335503
41.82688445428668,-72.54400704130663,0.0402079445482139,0.08351482807365204,0.07747067992480833,0.5781305186900172,0.120541371254801,0.7636652279205992,-0.7475540983333404,-0.6549414024247591
41.82700963113884,-72.54003076702084,0.05946574809075175,0.07073371507885663,0.05333965560250577,0.43709221159112405,0.17818779590395648,0.7824788347962451,-0.7214253492621532,-0.42079120487144656
41.827143717102004,-72.53625978998717,0.05322530035961616,0.08612795794695388,0.03167933701951098,0.36469526204885566,0.1682487165170371,0.8401545553424985,-0.6179080662803729,-0.3686063703364088
41.82694969436406,-72.53225315255523,0.03550768209557819,0.08463816711203437,0.06627523625868938,0.4799210955654742,0.21068366280727793,0.7573208299025146,-0.7001619751640423,-0.38985748287137634
41.82655334366681,-72.52852320035714,0.05577670157285011,0.08586600240737874,0.06374272786384093,0.39508121311539857,0.20298651282859848,0.7221473329059561,-0.6429296203990095,-0.32119221946577303
41.826818678536696,-72.5235541339552,0.06315797628200562,0.07312965678888642,0.08933936166600295,0.5737701633212181,0.19013963255572303,0.7305441761895227,-0.7739073206839369,-0.5021934956667246
41.82740248993256,-72.52025248394474,0.036898864006830734,0.0913742422932599,0.06485145820097697,0.5262951963642649,0.24229835690506574,0.7805909660482748,-0.7041322216237298,-0.3695019796239183
41.83069402718748,-72.78033197942266,0.05396656802626748,0.10514560708406001,0.051516526487613006,0.35731832459865426,0.15942161884786354,0.747983684117269,-0.5452808321657484,-0.382971566763104
41.831271895985914,-72.77576080533312,0.04879824043446243,0.05931915845005849,0.05855571550387135,0.3882086427784637,0.13417480675126234,0.7378675607472396,-0.7349029120102946,-0.48629763491912775
41.831304872317176,-72.7719390526059,0.03773978972919138,0.09147634228262777,0.03261562869395091,0.35890800977605203,0.17608801496312385,0.8333912668905186,-0.5937854329774341,-0.3417221556030394
41.831762676210886,-72.76795500310809,0.07967423086451242,0.08042945472180543,0.06456350264743148,0.5981957790683372,0.18281328339277986,0.8051675640655298,-0.7629635601004565,-0.5318536181470205
41.831143655334444,-72.76389153821404,0.06186036239118272,0.11527517081940195,0.030042226099061282,0.5932537700980334,0.18469996255541504,0.9036020565434163,-0.6746070226287766,-0.5251646600487679
41.83073841549713,-72.75952634241806,0.04304593146761618,0.054620503308184624,0.08670754256899618,0.5184465756941787,0.23355119587003537,0.7134364950936747,-0.8093748347810454,-0.3788513617953132
41.83107654141696,-72.75565954493496,0.046789222235364476,0.06617267602575855,0.059878242803077894,0.6027852177335243,0.23388814731189764,0.8192800829712551,-0.8021619099106707,-0.4409093032399803
41.83156921939051,-72.75130698437674,0.060584390138177915,0.09285806934353294,0.0710258453402409,0.4946120069744928,0.12347818382687131,0.7488645957847937,-0.6838713218364355,-0.6004525369775573
41.831332823672184,-72.74790769721884,0.06731176475665937,0.11637728290215557,0.0503715360610982,0.4944363429445894,0.1618537494812644,0.815085141011434,-0.6189433962255617,-0.5067615636768118
41.83082649389028,-72.74351073652046,0.0646905651935743,0.06225389024237929,0.036315087064600356,0.39202133236271214,0.1888291846601,0.8304366128233795,-0.7259199395231045,-0.34981831253949286
41.83083071030251,-72.73969989926304,0.06113415219138903,0.08735224722930164,0.07721295542791035,0.3672109346897309,0.22522164059497218,0.6525256308454899,-0.6156651013373936,-0.23967165213108588
41.83106219832589,-72.73542346863574,0.03114934878732,0.0641537886367265,0.052182755964258684,0.6041300010008153,0.2030035471447062,0.8409820457991323,-0.8080043549417181,-0.4969765595516893
41.83098775539296,-72.73062367200909,0.06899878658095748,0.07265411672752259,0.0356714882271086,0.532801693103238,0.16277208102750843,0.8745007173649605,-0.7600019174055621,-0.5319775210590034
41.83069928626677,-72.72700114492932,0.04213670108676743,0.11451917708649889,0.08081822533034985,0.6175938493627265,0.24539134347098612,0.7685657844164101,-0.6871543793123828,-0.43129651468244784
41.83074524994682,-72.72311223480862,0.06491289951500365,0.05110921317872623,0.08963333312332715,0.35292763215785145,0.18909317026330047,0.5949333983109915,-0.7470071664570573,-0.3022660037450944
41.830932722903185,-72.71902261591492,0.0622068160389055,0.09178781597923807,0.04802155794901843,0.5095487766397497,0.21746119668899566,0.8277470841972382,-0.6947206702340311,-0.4017655749801874
41.830981132197415,-72.71510177715184,0.03348065234370924,0.07347642156997161,0.08758883604384238,0.4373299915277195,0.20084118923602615,0.6662766452898797,-0.7123120630988657,-0.3705726761410161
41.83099587446897,-72.71127429807794,0.03813859382030261,0.07095716696568315,0.08174263832585166,0.5298746870887636,0.19059641688697648,0.7327000562960235,-0.7638035783660263,-0.470911696984882
41.83108534726,-72.706933390068,0.07674613413822506,0.09697529231736683,0.0857459031849082,0.6124902493727582,0.19111104079341534,0.7543928286416636,-0.7266243767488769,-0.524363529197679
41.83051825946272,-72.70270247337696,0.0719584501439926,0.09613501988244108,0.036878845330945806,0.6044561295796249,0.20592146659897237,0.8849935002029532,-0.7255602787552874,-0.49178884616254914
41.83132083935585,-72.698883378765,0.05373581789453087,0.09821994469057735,0.07658423917992291,0.3711838516951534,0.17295456835838574,0.6579290005669953,-0.581511928762223,-0.3642993694826096
41.83107312163381,-72.69407010830082,0.030582122559812665,0.06853657592092144,0.05789091491422842,0.4101942594774354,0.1234998858124949,0.7526479449409393,-0.713673860745187,-0.5371885305378294
41.83093793372765,-72.69047139175984,0.05080310304990566,0.07589146557818376,0.0891366336107691,0.4789327012694457,0.2237490289214195,0.6861769219436399,-0.7264305698528604,-0.3631568338609176
41.83107777939215,-72.68617074424799,0.07118498445999485,0.06873914850101163,0.06935129712850233,0.5341440437055847,0.1775400187626833,0.7701679120416992,-0.7719652848525389,-0.5010706909834746
41.830919389347265,-72.68224703768969,0.05421359195588078,0.11931061940808532,0.04072054029917996,0.3899013349446573,0.1384858293615966,0.8108756538384301,-0.5313911294178449,-0.47581683009494896
41.83065566148023,-72.67850698838316,0.03951196184159703,0.09863506097851957,0.07556979748829348,0.49230655247586397,0.2477469854917904,0.733851224855329,-0.6661766281716307,-0.3304619928656602
41.8309749145957,-72.67387630762272,0.060323465970080856,0.07248713511004859,0.08396642820467086,0.49927806064837343,0.15202423486056793,0.7120712503609194,-0.7464443948397471,-0.5331684352754416
41.83113469031087,-72.67092460707907,0.07486646231350097,0.06752161336368913,0.08442031809670457,0.3824318353757278,0.24791158341129407,0.6383423854049348,-0.6998728932832643,-0.2134078788722706
41.831278611096685,-72.66648133169153,0.034302825140817034,0.10624060276950617,0.03468397531738071,0.42078886613218514,0.2241624752046802,0.847701236337178,-0.5968324010765188,-0.3048701170540008
41.83087068845311,-72.66215236686133,0.0744946410376435,0.08919218191261989,0.07677666972297048,0.44293030869214445,0.22207782896948197,0.7045386230636862,-0.6647682310467584,-0.3321049280678698
41.83079339430687,-72.65805204907396,0.0796150660341125,0.08288456674123888,0.06715483425423309,0.4876745354532387,0.15386647414487453,0.7579261736283363,-0.7094619420759417,-0.5203222495744657
41.831111596987064,-72.65450555878292,0.04960552290073535,0.09755843872057215,0.06402583582012286,0.5902474233885686,0.21849971014819064,0.8042841124286244,-0.7163198393761535,-0.4596587707392242
41.83083417092865,-72.64956883807261,0.06559567713789044,0.061294976560819045,0.06020635089358618,0.43579764304879426,0.1284180498731554,0.757234410896376,-0.7533860928816185,-0.5447909319639573
41.83056748727917,-72.64611037723772,0.0673763077154163,0.06407180846773422,0.08931157161536821,0.5203139164008257,0.24558980692274823,0.7069952835928811,-0.7807208296125124,-0.3586927457225767
41.831204919189695,-72.64212026912283,0.06386234426057898,0.11350257978019715,0.040546932767568614,0.43561652469878365,0.1964630530961167,0.8296932192851703,-0.5866012351258785,-0.37835975089875223
41.830844904747856,-72.63755751393803,0.07386856353333261,0.08549315226219396,0.03744951809653153,0.541580503192504,0.19819173991198646,0.8706474043844515,-0.7273266018480653,-0.46418173496138454
41.83130140030186,-72.63371143129895,0.06921015060961788,0.10742870569915412,0.0518511376461059,0.600496971090531,0.16806642026791932,0.8410323048333108,-0.6964972193512634,-0.5626478644244068
41.83147511508963,-72.62963147824695,0.05472577352044586,0.05559040953457958,0.07310475264080042,0.5646758809304174,0.19143088325039048,0.7707526732774737,-0.8207530849599937,-0.49364060125082126
41.831044658307135,-72.6259418497275,0.052379054385532905,0.056238901775617134,0.04387584657852441,0.5275563318026425,0.17275196979647428,0.8464355062999006,-0.8073334671442529,-0.5066402343025084
41.83123361727948,-72.62149120051187,0.06026840683058569,0.06104827968292888,0.04715491776342737,0.4520226391673693,0.2271743386911066,0.8110695598842209,-0.7620279090472429,-0.33105020753362996
41.8311424013773,-72.61748504446312,0.06360686723554865,0.08522414570159773,0.032377902928083804,0.40430258562471966,0.13823928025405216,0.8517089552803839,-0.6518100432607937,-0.4904014272515477
41.830625737389234,-72.61316110716422,0.06938650958481743,0.05805922625506631,0.03668535102491531,0.38355128518170967,0.15507681986333735,0.8254062218084308,-0.7370568645833582,-0.4241785067997229
41.83125435317916,-72.6094205580118,0.04382511567921773,0.1197406125259282,0.05018918657135573,0.4070399386329321,0.18444281083398234,0.7804637377422908,-0.5453871170356924,-0.376337480678126
41.831419338784166,-72.60568801298082,0.0500327923200415,0.11277889227956145,0.08567515573279502,0.5425265396671946,0.14804025220623074,0.7272367892027295,-0.6557974746385903,-0.5712500110101871
41.83133763201153,-72.60101339992063,0.06991387345549366,0.05204218764075923,0.06974950166068972,0.4372712430589144,0.1825305957182896,0.7248652944200024,-0.7872848592512833,-0.4110033746321213
41.83072192472323,-72.59769527521065,0.06371813193964235,0.09168460334008252,0.04464535474169019,0.3617821595998593,0.23128283528089916,0.7803034825827685,-0.5956281216922378,-0.22004219680036644
41.83143542334649,-72.5927588055571,0.05442496362319789,0.0933258144853142,0.06761834830791438,0.35406094492368906,0.1893236851579491,0.6792901648562778,-0.582795813588237,-0.30316878808476755
41.831010881673805,-72.58867069298408,0.06729409304981529,0.0665101558680642,0.03327152086523908,0.5668529230025205,0.2324671276705958,0.8891179281056892,-0.7899777928746168,-0.41833780480088634
41.8305950793949,-72.5848786057425,0.03024753370312484,0.10048049708676132,0.05788922660643862,0.5639704387464408,0.17109441644657047,0.8138190018367284,-0.6975532980151147,-0.5344780389435297
41.830841984795306,-72.58117850998116,0.031932334895758294,0.06310154908134918,0.054727732133255144,0.5110113035756889,0.12066462670521523,0.8065265831809741,-0.7801771941202488,-0.6179540143264408
41.83128179503008,-72.57686493310219,0.06150010218499817,0.11348816877124605,0.056452320697596,0.49973623369088427,0.18016268940407143,0.7970029399124751,-0.6298641465813014,-0.47003096112005566
41.83131571462236,-72.57269688645599,0.07425978602868957,0.10680266068984356,0.0868557944611245,0.4763676998051588,0.20480182821535603,0.6915760960068884,-0.633717116215618,-0.39867589552776356
41.83090185599392,-72.56812214399578,0.05902770249369847,0.06831641756706157,0.07832245670213295,0.5083526016463125,0.24345774765594716,0.7329954441130692,-0.7630654143333345,-0.35234265428270434
41.830964694843,-72.5646915810992,0.057332500443766754,0.0862115897741813,0.07543958827264029,0.3783537733837459,0.12702410689286314,0.667515681598871,-0.6288505488736834,-0.49731038159668206
41.830659573052586,-72.56073183869289,0.07778304706224534,0.05436548444474771,0.046158084714602934,0.5934164423823849,0.13163234499389723,0.855660027849723,-0.8321488075129464,-0.6369007236872094
41.8313014044498,-72.55622398927818,0.07399252392503014,0.08626532926360031,0.04742245093241423,0.4915613174627623,0.13461800672958185,0.8240301333243689,-0.7014144994789332,-0.5700336899394938
41.83146936686561,-72.55221500368431,0.06003543905304676,0.08064910471058864,0.04765464918563944,0.36765277623832077,0.24311422553664697,0.7705090433334202,-0.6402018008941621,-0.20390517225021765
41.83093055907651,-72.54805629706046,0.048788337739655074,0.11915141454715744,0.07777032063712197,0.37585526069096964,0.19906275841194415,0.6571166890128561,-0.5185866352616815,-0.3075090646052243
41.831295077901984,-72.54427996309373,0.07986580060784267,0.10210147184216883,0.0818957292482996,0.4857115856360701,0.16856773874692527,0.7114352577891531,-0.6526056352671319,-0.48472240382686826
41.83111933537408,-72.53988520712565,0.04137669666020152,0.08523712359018472,0.03682745920745191,0.40841525958539326,0.23464165571861995,0.8345735588566184,-0.654667427950537,-0.27023051884080845
41.83096696427313,-72.53621488737816,0.048629787162652025,0.09644649628806594,0.0846195822985443,0.5608426436223447,0.22737234557379937,0.7378015973659297,-0.7065325123089309,-0.4230702316237767
41.83100953906937,-72.53268675547248,0.06663960102698294,0.10440642106348999,0.0774031360560527,0.5498291549791579,0.15011093946153084,0.7531914821276076,-0.6808292765274997,-0.5710748943979779
41.83108867462726,-72.52793265756922,0.05769301908726637,0.10281152808941613,0.06595174077356529,0.5996155036166408,0.2329416363525212,0.801817949036869,-0.7072677347290944,-0.4404188609537374
41.831040059151476,-72.52403698574723,0.045001967939015654,0.08086863160014632,0.08107401468713418,0.4374851503415319,0.15780034936437493,0.6873104549886709,-0.6879790042344278,-0.469833048369785
41.83086791057298,-72.52054580887048,0.06505303232598515,0.08688687715336528,0.0546370494185222,0.5524618624211104,0.1921287228232492,0.8200061032790822,-0.7282019286963993,-0.48393459001312394
41.835177904587376,-72.7805150405385,0.0792559491967314,0.10676060939710323,0.03400798784571581,0.5604864097969139,0.2044614186270336,0.8855902158857378,-0.6799967438563853,-0.46542388636282916
41.8353536503954,-72.77630755100675,0.06754018002837697,0.06380361592710722,0.0560946988784146,0.4964712978258551,0.17370985341745915,0.7969665190656451,-0.772241753607267,-0.4816032856334615
41.8351048430312,-72.77170645055985,0.06857777762784276,0.10446638347766463,0.05688179765355955,0.49565905781326447,0.13996311841068382,0.7941082651508115,-0.6518515087347501,-0.559602784024418
41.83485383280938,-72.76766698604379,0.041234039146674575,0.10645257692400126,0.06697308500292146,0.3652762431691889,0.16652396688398008,0.6901182690733781,-0.5486704547626683,-0.37373485855776123
41.83560316123805,-72.76386222134514,0.06598589443745864,0.05656600965972256,0.08583201923696249,0.47132333396012427,0.18390353262692744,0.6918919696474657,-0.7856898975386103,-0.4386569232582147
41.83478985636231,-72.76007213355783,0.06626426506008809,0.05102084959944177,0.039732256058692655,0.40098164775473427,0.20259422391126358,0.819691388381915,-0.7742452756429649,-0.32868680336057704
41.83509033641962,-72.75597641152548,0.07262292999862259,0.1073659517026771,0.034597539729718796,0.3886716744203081,0.16550589214996314,0.8365222956307152,-0.5671056143791104,-0.4026972503623473
41.8349902507931,-72.75160576871458,0.05520346568822439,0.07875352258005641,0.07349685751558749,0.4290817507273519,0.2332990839649059,0.7075209477278025,-0.6898461894261351,-0.2955741719994158
41.8350220326442,-72.74714521740812,0.05699363451607649,0.06816139332660742,0.08909884444570008,0.4676131681934422,0.23658063984909886,0.6799104656523606,-0.7455594265870845,-0.3280808858381589
41.83499707876761,-72.74341346625656,0.06649977850485077,0.09005727508588458,0.0354940579668433,0.6071528742066856,0.1793627386319844,0.8895379214001782,-0.7416639009708568,-0.5439054592072663
41.83515647854702,-72.73918231551863,0.03525954455170595,0.07919370796764191,0.04175088928174918,0.39586216341164115,0.21296153667884124,0.8091880988248238,-0.6665920253223693,-0.30041640413409915
41.83499167830172,-72.73544250514684,0.05249616879730422,0.08428303767411123,0.04796573375826928,0.3731163396593556,0.19647154818699564,0.7721786949087364,-0.6314685071699837,-0.3101273661914852
41.83497421703142,-72.73103122911213,0.053082696120381426,0.07156441065727097,0.04438344487356988,0.5578201770101636,0.12154785695989707,0.8525965528578675,-0.7725892496907298,-0.642173753011012
41.835046854598424,-72.72725928190748,0.05380729942152289,0.11581157288436932,0.08061944887543464,0.5529327093408296,0.1868301573251467,0.7455001996917986,-0.6536446711768075,-0.494891766689593
41.834940877635745,-72.72322698595528,0.07108341248194094,0.08014990329134784,0.04925804350335936,0.513791282584956,0.21803791645696657,0.8250311607845414,-0.7301082827819246,-0.40412895046436553
41.83503219310944,-72.71920894705421,0.07608232353520225,0.057899464294846575,0.08817429788980463,0.46946881752127934,0.2430610152494157,0.6837608303482625,-0.7804211353194956,-0.31775203206786395
41.83498934474841,-72.71487390326213,0.07000126452627004,0.0562840772278736,0.034964056156308,0.4461082830047661,0.1992720630186119,0.8546411701105883,-0.7759357757677268,-0.3824662797791691
41.835141254073406,-72.71089355618768,0.078782345187427,0.1100911800020137,0.04394823718513495,0.49257856572112024,0.14228313998516814,0.8361750542672746,-0.634655030277264,-0.5517665069217647
41.835061682151704,-72.7066823015142,0.07988890673805069,0.06697926916824927,0.04272407238047206,0.453642017572225,0.17796133490576585,0.8278525739558736,-0.7426948498875425,-0.43647754810811534
41.83550987167122,-72.70288408854996,0.05124136337118056,0.06647943976465381,0.08069608616870384,0.5529175717785594,0.1897239960144945,0.7452829964867319,-0.7853414255292519,-0.48905635169788014
41.83483569098368,-72.69903289821653,0.038299767178697805,0.11211715012072027,0.032944643002113874,0.5993165046829839,0.13804530680738342,0.8957878619531365,-0.6848134766645102,-0.6255696873469375
41.83487374602788,-72.69475412451726,0.07075390852042115,0.09088495411979196,0.031142055055529774,0.5590366350715466,0.13320244913617307,0.8944656742898516,-0.7203202489922667,-0.6151547863304317
41.83502870276957,-72.69101792075219,0.06795841306489944,0.10972551001708553,0.05785660206017331,0.5546438576603787,0.23916124121681648,0.8110806248649353,-0.6696852222411473,-0.3974308263952946
41.83539218064835,-72.68682046221105,0.05316560397778505,0.06609984180937767,0.057504500376552546,0.4163904293455244,0.22494246423146963,0.7573111811503156,-0.7260054937432863,-0.2985157428091139
41.83489809770618,-72.68248254660463,0.03551316442354237,0.050102221528405634,0.07735119809385316,0.4964227322466344,0.24110193872939303,0.730377439602557,-0.8166516599751503,-0.34618610544831563
41.835150205728894,-72.67871653185573,0.06492382926281684,0.0990688086218929,0.03393195624963303,0.5372857422766827,0.1476286689281746,0.8811943105503415,-0.6886364418011905,-0.5689135269661628
41.83508722579825,-72.67434437419172,0.06136861113864333,0.10122105754258554,0.04382949978903019,0.5639855116813306,0.21906406719828553,0.8557801338831611,-0.6956703008490183,-0.4404848093738294
41.83504332451815,-72.67052851474372,0.04400926637363389,0.061580040425036876,0.0875290942276309,0.5707909513284954,0.13018894128514735,0.7340834604126651,-0.8052407804024073,-0.6285515671505766
41.835089559752866,-72.66618095017846,0.03160589882536044,0.07256108896224192,0.037655117628839586,0.41013764566459066,0.1624502600507075,0.8318189988069775,-0.6993524790640364,-0.4325753009129015
41.834942622360195,-72.66272145610425,0.05600986356831947,0.07590005351103188,0.059900975457553615,0.4628217840430275,0.245377067087604,0.7708116803072278,-0.7182217306963523,-0.3070390704648496
41.83523885021542,-72.65842396528001,0.03968235856902895,0.07628064972782286,0.06278794859321485,0.5551485508041258,0.24710504453252788,0.7967818743367628,-0.7583873230330175,-0.38397273388638675
41.83537934976634,-72.65411350551352,0.06957876090668383,0.06551007148931613,0.06047044033306612,0.578612050365382,0.17249380616489998,0.810758575885944,-0.796591145478174,-0.5406937526443168
41.835460760218986,-72.64967780412181,0.032798388673646386,0.11903977295132541,0.0407337415264766,0.44059823997791703,0.18560903533264386,0.8307457509922193,-0.5745829618390267,-0.4071961708187022
41.83552410702494,-72.64620763540839,0.05467238339516546,0.08071611030684626,0.07789163062653473,0.4341827484583897,0.2422409656294842,0.6957800124047335,-0.6864778045909473,-0.2837596891287736
41.83526452754408,-72.6420673638667,0.07746566646248335,0.10883383643630279,0.04901807795299809,0.45672686659731554,0.22949383579147858,0.8061549463570702,-0.6151294251791981,-0.3311369505682632
41.8353652278783,-72.63795704188297,0.056577804893127026,0.10802329238246096,0.06387700044119235,0.48224028875679315,0.24507528392491135,0.7660685654724443,-0.633982865166888,-0.32608267131889457
41.83536917671265,-72.63386148523773,0.036351742876266344,0.10129792077927524,0.0625853771137633,0.4214544769080559,0.19063382134142826,0.741404032772301,-0.6124439745186454,-0.3771035261199296
41.83511358560714,-72.63008305394088,0.030328928293139483,0.053962392564637536,0.0679582186467775,0.5330415217186032,0.1722307354091543,0.7738494242760838,-0.8161429889934273,-0.5115907830812199
41.83498721813825,-72.625904329751,0.045208058726997465,0.05518081100863454,0.05457663237022517,0.4955674206928088,0.2455317436532397,0.8015914847525512,-0.7996151132862913,-0.33738491293564266
41.83470240813489,-72.62177009839235,0.07160967924946943,0.07040373942635281,0.08755669101448652,0.43783431200208733,0.2382373342094926,0.6666989327499981,-0.7229497506986029,-0.29523051130904826
41.83508172504749,-72.61765680110355,0.03196926401796235,0.10949089779134533,0.073278007137103,0.4402605346278693,0.18371279545224456,0.7146153553139167,-0.6016712596472046,-0.41115177012883836
41.83506426524687,-72.6135986972748,0.06900422438683682,0.07999505196066223,0.06872524238607458,0.4001851363698273,0.17511251144527684,0.7068725901592786,-0.6668123595902933,-0.3912281334355236
41.83525718353287,-72.6091949817067,0.06916245738355953,0.08568717148305562,0.05280860605768979,0.5504859020837455,0.13218813160239484,0.824932581533431,-0.7306167926830431,-0.6127342623868761
41.83528103106013,-72.60515495857318,0.07401843031014321,0.1118994669194752,0.06066336723008555,0.48444534452254534,0.22661068229282297,0.777426535580248,-0.6247155512298622,-0.36260808221329
41.83523802988503,-72.6014282172216,0.04004401059518918,0.11153750897545517,0.06246511318713911,0.577666977467769,0.18410856186396893,0.8048368013444471,-0.6763297071640769,-0.5166330438347315
41.834982949377206,-72.59708527513739,0.05091061261540495,0.06542004716284526,0.03545882030780332,0.5092943471871781,0.19944106564420155,0.8698169283866348,-0.7723389293674037,-0.43719175863545573
41.83530351100686,-72.59297781035063,0.03137077434526991,0.11267919140370489,0.0717301189935219,0.38059564615639235,0.1297027831863642,0.682838677253999,-0.5431382960418011,-0.49165909307847144
41.83500270851915,-72.58889843670627,0.0661543013871805,0.09470572322940064,0.06844744722641648,0.5818959439770706,0.16334963598720667,0.7895036740520983,-0.7200547151460083,-0.5616219931286632
41.834845412681474,-72.58493477837067,0.07948380060464066,0.08884292598217514,0.06281406810281277,0.5685903223282534,0.14314838492376722,0.8010337936993788,-0.7297279192663373,-0.5977501758294013
41.83519580531755,-72.58099043751756,0.07940083842101717,0.060812871768865524,0.05712160681360573,0.5945070865683202,0.21431903889140816,0.8246805047299345,-0.8144025037077381,-0.4700491684301334
41.835610709790615,-72.5768615643596,0.039360536709604675,0.07619486054721442,0.04530647438151948,0.5682884926921136,0.21369144561311498,0.8523244915205357,-0.7635474673961996,-0.45346054253963414
41.83497842752031,-72.57266596010723,0.0454984679184856,0.10379860240822765,0.03981290499366799,0.3893133654229987,0.16979765446991146,0.8144466664554885,-0.5790059492380685,-0.39261560431259684
41.83531036490519,-72.5684720359776,0.04563872622774962,0.11129196605278815,0.03339197571837666,0.5028483825952524,0.19319050490885115,0.875458923593935,-0.6375682975470196,-0.44488588675956076
41.835037717009456,-72.56465414096053,0.03086182348799648,0.05332158325424517,0.0606724207593394,0.6114435036325261,0.1730368514657474,0.8194584637635652,-0.8395776664386486,-0.5588497523457532
41.8348759030843,-72.56047773085353,0.06895567027178634,0.10390768929823593,0.060284126822386305,0.592436416363552,0.1955529197010985,0.8152835008742376,-0.7015622349542697,-0.5036660757930501
41.83499178773749,-72.55640373875865,0.050329244005253224,0.11672891991802282,0.08928043397094476,0.508527214654941,0.1488672003435689,0.7013071539778262,-0.6266204729114858,-0.5470992848519823
41.83517515206635,-72.55219051332458,0.05885517507944352,0.056069246432082276,0.07844344230180904,0.6089534788950828,0.13224879820237412,0.7717666754595767,-0.8313764498664362,-0.6431505884729347
41.83472490774948,-72.5488824605851,0.035475310970775144,0.06727575286944425,0.05351227488330316,0.5759252895608323,0.18414606451539617,0.829967965351542,-0.7908095651858744,-0.5154505862434385
41.835091572486306,-72.54437072199289,0.05336889204350338,0.0527484972308654,0.06785982413815322,0.3568369120319758,0.22151327475544944,0.680431619276823,-0.7424298032207717,-0.23398217959989195
41.83539686256101,-72.53977586380192,0.037885637025157896,0.0921809647670234,0.07686165501520544,0.48925217075940064,0.1370045625116685,0.7284586543703057,-0.682918089339495,-0.5624651832609762
41.83525471359589,-72.53569702268744,0.05488038041369557,0.11506920957125052,0.08003044626139624,0.5454122817465299,0.2477115788711545,0.7440838539563865,-0.6515596240504284,-0.3753520952496957
41.83525976599067,-72.53187828003578,0.03387814887536965,0.10711084353869565,0.05164221501618427,0.5995566223718332,0.1353721665566917,0.8413934053588821,-0.6968564460493871,-0.6316046708306122
41.83474849136398,-72.52800079835771,0.07237372208640197,0.11070374410000819,0.03594835591508831,0.4530866216718867,0.2040302259034138,0.8529824754357375,-0.6072875635310233,-0.3790138644100629
41.83489845181024,-72.52456163563491,0.06001714417401916,0.06004635068139547,0.07483672268532697,0.38443160330077963,0.24999772349749108,0.6741045769936641,-0.7298117931680206,-0.2118973290243792
41.83545317767335,-72.51985468799614,0.06885194170824413,0.068059284841965,0.04528972015897441,0.5109597039320054,0.20196169603439662,0.8371603881370785,-0.7649151887537385,-0.43342507029831195
41.839367477702226,-72.77974133908167,0.038723338698521605,0.1146900432257992,0.03999669454280677,0.5026143999604085,0.23960036980596666,0.8525769378916754,-0.6284165957600166,-0.35436377834037175
41.83906759528501,-72.77576757672433,0.04193013478654783,0.0921295403941662,0.05022985998468882,0.5473384746591363,0.18791256172142878,0.8318858042749944,-0.7118556730738541,-0.488847883448163
41.839123494313554,-72.77177739163768,0.06455555355391196,0.10495989514335144,0.052173659408674036,0.3783460535084328,0.16592601094067308,0.7576247598273408,-0.565658583610881,-0.39028283177231265
41.839199442273994,-72.76776157774475,0.07398296193179921,0.11733593175809777,0.061761850469655794,0.587656009650737,0.15407014229133226,0.809793187830695,-0.6671283035558757,-0.5845632734185554
41.83899562278747,-72.76363012780169,0.06843470705887492,0.10411859946515759,0.04712057749937752,0.5891825871988392,0.23589408783314275,0.8518926822508398,-0.6996439600337282,-0.42818868846583513
41.83955428660995,-72.75992350380223,0.07937071620732983,0.10494379315350087,0.06919124293280873,0.46670965198212877,0.22951605870507258,0.7417759754113068,-0.6328412115889477,-0.34068490955747244
41.83914748137345,-72.7559408910144,0.07985729435033695,0.06746229559158443,0.0685052454771968,0.4367043346989519,0.17951962124439821,0.7288046459716325,-0.7323809568566334,-0.41735591577390235
41.83902339629434,-72.75135768129617,0.048841305423678746,0.053967570352899945,0.03239166500087739,0.5457290107870625,0.1604181118852625,0.8879415099391499,-0.8200170818038914,-0.5456524377577853
41.83912053409928,-72.74795481497034,0.03979246206180197,0.05337485793750373,0.08676883226398463,0.5034574376430174,0.1712231680716515,0.7059811238911606,-0.8082910838285405,-0.49243192520620943
41.83930139090186,-72.74394736496997,0.06509227900054418,0.11787133459628327,0.03783942813474906,0.3912020330995127,0.20172624002860678,0.823609457109842,-0.5369180865626467,-0.319559382910324
41.83926820059557,-72.73937733916503,0.063524190878507,0.09330602271691851,0.04306422064839876,0.57225831618327,0.13368260989167743,0.8600271627620242,-0.7196183230877363,-0.621264032289623
41.839390550052634,-72.73487726038842,0.06069506051062064,0.09200496672074723,0.07117644773682857,0.5245449357064622,0.2336551961727369,0.7610411520720435,-0.7015490024131196,-0.3836582549949643
41.838901162361225,-72.73126971974011,0.0683044663597924,0.06814677861464347,0.075575522145111,0.4255956743128652,0.18244949859862963,0.6984043668940256,-0.7239581963811859,-0.3998817629782042
41.8395676098372,-72.72717929819814,0.03428445226479989,0.08125917738201872,0.07871133359809449,0.6191265425402286,0.1806837376254114,0.7744136961047022,-0.7679587830801586,-0.5481835077488828
41.83955602316725,-72.72295365228601,0.05449614988230226,0.05513999698081574,0.08185553899541369,0.49547359832492377,0.17409502766737767,0.716433716214828,-0.7997143642986217,-0.47997853869162804
41.839104853499805,-72.7189092979548,0.0559437810700148,0.08329032571558202,0.050753115422449,0.527842868814576,0.1734341918718464,0.8245645776841144,-0.7274233294441942,-0.505376115676489
41.83936149001542,-72.71497623823423,0.04819433504590319,0.07785466877819841,0.08195423827601066,0.4466853611642191,0.17711717687892897,0.689942870860257,-0.703150706012866,-0.4321370431273306
41.839084208020225,-72.71115226274709,0.07669429243851321,0.08294640581205602,0.05874158450280949,0.3615906600934493,0.14564941127603617,0.7204992704795586,-0.6268189441386747,-0.42571803965408034
41.83900290559273,-72.70708382598674,0.052679169784114924,0.06983220260892953,0.03124879984263436,0.47827954543550727,0.20401509769299203,0.8773422513890715,-0.745189907503066,-0.40197362020159066
41.838918696440565,-72.70275278141875,0.037302696539729924,0.05639042147954714,0.08609048964276377,0.5988472678808932,0.17285075230568103,0.7486180643507879,-0.8278779673538369,-0.5520248911254412
41.839322865726466,-72.69893206110838,0.056526055902297985,0.05819796517870388,0.036892406563080085,0.38540529934361784,0.22149947656362234,0.8252777315762589,-0.7376125478185004,-0.2700684345991158
41.838776468995405,-72.69495188617857,0.038103671020162475,0.05864244644437992,0.07448325052705869,0.5891828937944585,0.1890401902672585,0.7755400025619663,-0.8189559969273207,-0.5141748063277274
41.83912125051296,-72.69055799499046,0.05928318967270425,0.08066271934915997,0.035261651530817534,0.48158902910818463,0.23008227736986447,0.8635518812233265,-0.7130725886741125,-0.3534029677028684
41.83945877151688,-72.687018977714,0.07366315380305176,0.10530503506336504,0.05960699877999896,0.39626305260119554,0.23030840551789494,0.7384912713638382,-0.5800967499599333,-0.2648614853627088
41.839278266476455,-72.68241096913482,0.03621375957261171,0.08213063800995304,0.06775187567835905,0.5733219439661502,0.17997388908964132,0.7886300341638375,-0.749392586837205,-0.5221694288163895
41.8395041340899,-72.67859162444657,0.06022050176375379,0.062270162073843484,0.04140696207120578,0.5056890624125451,0.2137143224882062,0.8486300019808111,-0.7807231245160071,-0.4058567780642562
41.838953926877075,-72.67459374542666,0.047810003065408196,0.08071346292572534,0.043327856280921215,0.38799517328873384,0.1616651337770032,0.7990932395881999,-0.6555921666918267,-0.4117634775557161
41.83940638758115,-72.67013535960379,0.03508270668563562,0.05614659585962526,0.05957707372914265,0.42489319457765895,0.2270453533514638,0.7540527143704342,-0.7665615320155291,-0.3034762123740913
41.838890014850165,-72.66668845671116,0.035409940932118855,0.11790539537099118,0.07602608052464677,0.5476066720278296,0.2422281009601204,0.756183169618727,-0.645670150409657,-0.3866360174450919
41.83945327754311,-72.66213165345816,0.05484503729205381,0.10706566875873912,0.08157257753793806,0.4819073405195149,0.2151992886226582,0.7104685546943632,-0.6364326817286899,-0.3825929072358058
41.838561904566255,-72.65786639609085,0.05931297761915341,0.07952258181303198,0.03966314456532583,0.5555678730636624,0.18917916820437505,0.8667302496320911,-0.7495708486802195,-0.491963961663357
41.83916206130554,-72.65388401229335,0.042057031813296356,0.09848955190678668,0.08111418495008091,0.3978472796398647,0.22560494375524365,0.6612913942063153,-0.6031342199615524,-0.2762719089309651
41.839089281425544,-72.65023160973848,0.05908719069459155,0.0746289413083526,0.07626125529714259,0.4795852638244499,0.14884233058268284,0.7256031919830723,-0.7306855702463642,-0.5263023714828986
41.83930545928835,-72.64570018318607,0.05526725763958497,0.11282945027861493,0.0546699007545761,0.42689892060107526,0.24510523449986915,0.7729508293303692,-0.5819028371819072,-0.27052464589880126
41.83875557527942,-72.64192088288017,0.07249105090606127,0.11681120395377102,0.07092791684837513,0.4600654066318726,0.19068810907525946,0.7328481782652262,-0.5950218753532593,-0.41394674182266716
41.83933291435312,-72.63784581057925,0.03512629433554599,0.11075977020687028,0.06704098897297898,0.3587152090767191,0.1341031413341516,0.6850733387789536,-0.5281547469222417,-0.4557705035847483
41.83924385354204,-72.6338697984726,0.05132589513333423,0.10009309416004955,0.030103040480874668,0.5641564309753959,0.18266460035073112,0.8986872168579654,-0.6986280294603454,-0.510820952574476
41.8390714419875,-72.62963428724652,0.06944000746120249,0.09406266839522215,0.06123230835837706,0.6060259309944954,0.1844278988762987,0.8164659355341581,-0.7312835304639481,-0.5333619955856373
41.83916845801007,-72.6254973622212,0.0628709422624559,0.11381631054639017,0.08395651976917642,0.4809644802364446,0.18137263157605846,0.7027672195994092,-0.6172831661339024,-0.4523253239434902
41.839143040208555,-72.62181895919042,0.07685807125782723,0.06754788843879816,0.034463869638787184,0.5584194672054712,0.17261415321659243,0.8837414799942661,-0.7841807952771745,-0.5277531746982216
41.839091114378824,-72.61762777622484,0.07902211170930196,0.09001736571512511,0.08951486655592744,0.44276686685273675,0.17381600102584038,0.6636560643075775,-0.6620869755050064,-0.43619581379588457
41.83941866942456,-72.61358148692234,0.03310026714518077,0.0500390496353091,0.05718440856632121,0.5514264596400624,0.17681847164006703,0.8120821971686196,-0.8336095790576761,-0.514398345816838
41.839206434895225,-72.60925436133341,0.05634021399606459,0.1042922833424774,0.07822717743710672,0.576275671802367,0.14761588804905013,0.7609569537305881,-0.6935139759253548,-0.5921602178112172
41.83905400283713,-72.6054300305394,0.07709395099386476,0.088008836768288,0.0595799986801025,0.5564405882098142,0.2489202607683303,0.8065649104978712,-0.7268712381230585,-0.3818416649278034
41.83930775646469,-72.60104857575203,0.07171534005434727,0.09972976459359861,0.03870454631971687,0.4373475101192739,0.19191904098990176,0.8373936387997638,-0.628620426559976,-0.3900230652602908
41.83944600260311,-72.59722800390848,0.0377865684914957,0.06517254693970023,0.07464735086550273,0.38135034064900314,0.18476083106019306,0.6725976808453729,-0.7080886612928503,-0.3472630808455331
41.83913493009002,-72.59339816895444,0.06981681070634407,0.05387910675220533,0.0766466696868478,0.5244288420450469,0.18593828483754174,0.7449682504416002,-0.8136663801206209,-0.4765008745449053
41.83944080192026,-72.58879608298274,0.07003870175621746,0.06314421785330826,0.08942676583338005,0.35884648787024886,0.19191564369314656,0.6010167231948949,-0.7007317128227295,-0.30309063497748434
41.83928847269914,-72.5850839667337,0.037397333508728064,0.06356778162533781,0.03365883052358929,0.35216095722393975,0.21350976519386658,0.825520454924853,-0.694186253270384,-0.2451093658116973
41.839368210698474,-72.58104146521343,0.07694849094419358,0.09659271018237726,0.045856387922009634,0.4684476897224266,0.1836046687777323,0.8216759698580013,-0.6581033490750364,-0.4368407187421052
41.83949798151944,-72.576579652783,0.05949501413670761,0.11851083043314042,0.07360854535780356,0.6168996435331184,0.19159738966594247,0.7867989213103124,-0.6777015432103357,-0.5260405869200783
41.83913156650057,-72.57326990042425,0.06773735172844986,0.05171007398354037,0.03764845924410948,0.4114850442278541,0.15529428381393434,0.8323506977187257,-0.7767244431106427,-0.452011475610894
41.83934500648161,-72.56900647875874,0.03716408052671844,0.07984485231567559,0.044587292707744954,0.5740631845741186,0.23931360818254221,0.8558562731458768,-0.7557918000352328,-0.4115553570898647
41.83922961281484,-72.56463373270685,0.07764184926265816,0.09599626098841124,0.08208581210057604,0.4465773073711216,0.14726130761075407,0.6894589046324782,-0.6461447199551013,-0.5040359320006544
41.83930552622165,-72.56068380730814,0.07199509483631301,0.10283860097987882,0.048294398101608196,0.48465211032412137,0.22389520695051873,0.8187645576503917,-0.6499056104168276,-0.3680162171477542
41.838984802262516,-72.55707566125119,0.06949959091926322,0.06361269567659983,0.08421240835119384,0.5352875027539883,0.13985611160911926,0.7281277790630845,-0.7875682932037883,-0.5856996685333338
41.83945047728818,-72.55225182879106,0.06711487284585442,0.07414141921972765,0.07438801499561015,0.5731739153387154,0.16512675824034068,0.7702520438247354,-0.7709264240733548,-0.5526842541268272
41.838791078459785,-72.54838555698359,0.06103470324905842,0.08222710183314648,0.08278463435639921,0.38672152376609986,0.22537599876192677,0.6473544258186287,-0.6493129637470523,-0.263594474844138
41.839642362529176,-72.54449472946321,0.07863063428392689,0.10446467199241896,0.04288534943127463,0.599397806600342,0.24159492262525142,0.8664596789483185,-0.7031673795106221,-0.42545300516993084
41.838974389571256,-72.54030718215797,0.03931906666166864,0.10278230544329743,0.08482834622777952,0.4080548972314934,0.179907618579068,0.6557872585303708,-0.5975927167985426,-0.3880303123370084
41.839086449614165,-72.53674993228684,0.06212645650173621,0.0512988421886552,0.0685756315016578,0.5227324804751482,0.1791511032925327,0.7680544876260799,-0.8212681428232803,-0.48951333971694483
41.83921772710436,-72.53221369906628,0.03256559152268616,0.0847081811982259,0.061982071204926575,0.42200608028579495,0.24501160186497922,0.7438694686470447,-0.6656570077576268,-0.26535200363819966
41.839172580379504,-72.52816096285838,0.07054932274106034,0.11459765730801355,0.06216838476029157,0.35514457647557235,0.16620653473226182,0.7020538994227202,-0.5120828017315997,-0.3624007653989468
41.83896825546296,-72.52409499626644,0.064128589463439,0.07747053997856086,0.062241598843555394,0.5551622848913025,0.1519991111015116,0.7983763935301552,-0.7550852977175282,-0.5701147942666934
41.839306276978185,-72.5199349497546,0.03185118119204176,0.06054176085973956,0.03074140472773623,0.4999538942330948,0.19801114513495788,0.8841466853468202,-0.7839706327439341,-0.4326044028960535
41.84335101508555,-72.7799133299789,0.0564514561709232,0.06357564610611738,0.07957456349016942,0.6148087110006945,0.19028097474398709,0.7708050685739366,-0.8125674761214834,-0.5273049000299055
41.84288007129682,-72.77585299091112,0.03965359655420976,0.07245414962670847,0.08639883500611958,0.40029942660684265,0.1345750251187557,0.6449593441333198,-0.6934802684986375,-0.4967977076317885
41.843398916035625,-72.77163004005463,0.059857505200546,0.06151347603286392,0.07326868363731401,0.41541590454183897,0.24325333162309687,0.7001391678411045,-0.7420436712926354,-0.26137940481500077
41.84401774865581,-72.76787220595854,0.058392259665870805,0.06419935111746984,0.06771442952084478,0.41188760735415586,0.17565096734467425,0.7176224272855067,-0.7303040968668079,-0.40207851906672776
41.843158593620835,-72.76365110568345,0.036826016936169804,0.07365811404080913,0.041935897009068177,0.5703475056514392,0.21481603086728634,0.8630180180392041,-0.7712500891653454,-0.4528120044398849
41.843088519873355,-72.75952659099984,0.031287230300651454,0.06586702572941086,0.05881064195980267,0.4579684631533341,0.24629487412913267,0.7723954340339382,-0.7485201857174877,-0.30056028451088196
41.84317396137092,-72.75582302470725,0.0379466191266649,0.051861933631239955,0.03829358168629539,0.49294263018309836,0.12997594459227718,0.8558321860193145,-0.8096127049004906,-0.5826872087121611
41.843616655164446,-72.7513969174857,0.06347068225366068,0.05135506874356769,0.08817756601164375,0.4528122911489292,0.16375635693308366,0.6740139769922842,-0.7962776933654806,-0.4688138703046684
41.843994768832935,-72.74753153043397,0.05100066944819169,0.08404281165700175,0.05038403404495717,0.4369420035953267,0.12355098446498393,0.7932224828826085,-0.6773694388144603,-0.5591345936635
41.84348414505932,-72.74316838695728,0.06344101886861006,0.11587385378454805,0.058385084380128086,0.5880780172616052,0.17771262209152028,0.8193707135585757,-0.6707904089739936,-0.5358715216429475
41.84300401279873,-72.7394103639451,0.04079506996928094,0.06521492857899723,0.06058991065317684,0.3685246507844793,0.15076554642511922,0.7176049656754442,-0.6992899348742776,-0.4193399096102464
41.84334883667513,-72.73461847008562,0.031331096677455816,0.054251899285360256,0.08517092271435792,0.6083139810518791,0.20334349891680586,0.7543683438477049,-0.8362369663293058,-0.49894258616417564
41.84338064820143,-72.73065246602253,0.04527335282606522,0.10496094245750062,0.062225381107545906,0.5605072681259682,0.16686637932794995,0.8001537861098641,-0.6845500933381233,-0.541181124963641
41.84348705020951,-72.72697203059008,0.050868703419062196,0.08423689066157411,0.0655083452222648,0.5914102003526946,0.17950822082366033,0.8005586973802682,-0.7506482547416305,-0.534300346462739
41.84311819181797,-72.72319304513182,0.046228634727085785,0.07065319251231511,0.03126912028199185,0.5792688639657412,0.13030038590914245,0.8975686326199027,-0.7825794899308801,-0.6327338425893796
41.84352083819009,-72.71906447943374,0.06722183670966109,0.11528110229696287,0.07900258703573063,0.4363995490344582,0.17924845465902078,0.6934332184258863,-0.5820730633972951,-0.4176917537825213
41.842656687851736,-72.71520409063123,0.03593722872949399,0.11663681189512945,0.07881940964496027,0.5421259823821037,0.2206191753645046,0.7461309459511218,-0.645891319581585,-0.42151274741282196
41.84349888172521,-72.71081383257054,0.04907104327838261,0.06271292738945283,0.07478160511176622,0.4782618359916253,0.2351552945815632,0.7295633595705702,-0.7681484178762843,-0.34076353228964434
41.84325450643536,-72.70698231930882,0.040940913433689316,0.07874481579627886,0.03712886757705802,0.5361471488853031,0.2158874351937457,0.8704677449924482,-0.7438743053438456,-0.4258576938768735
41.842965515067455,-72.703014021481,0.07216081109336676,0.09240920227170202,0.08961670657119657,0.5701683188894784,0.21389364605179803,0.7283457395577463,-0.7210614627862623,-0.454396066597063
41.843953562927176,-72.69878555797742,0.05094571477724305,0.08239321992341994,0.04987863173872259,0.37927847603495324,0.14591730022548594,0.7675507135488151,-0.643065751508193,-0.4443317832277195
41.84308246264759,-72.69463278211538,0.07714207454830496,0.10747478475560246,0.05413321356288692,0.5622756606151204,0.19493579502020522,0.8243593957498598,-0.679060206683065,-0.4851219073101645
41.84316698497964,-72.69077260915931,0.0764245496677064,0.05785389176547203,0.080365288899819,0.3709754143352547,0.24074649519034771,0.6438819352042265,-0.7301775277835939,-0.21288908753636282
41.84375484035618,-72.68669530319293,0.07086312179039689,0.08610472885344553,0.03357299248082544,0.5655753938937681,0.22248396456859426,0.887930959193687,-0.735745419116165,-0.4353624199002008
41.843647303219996,-72.68226738498255,0.032007416450653386,0.07226746177703362,0.07039334295365945,0.4122635458916698,0.17855347935727128,0.7083089682110909,-0.7017013952327018,-0.39557097467853886
41.84340404202296,-72.6788416927328,0.057899827383135295,0.09037014316051542,0.08322036103817718,0.5830259575677316,0.13147857546978586,0.750181400739858,-0.731598852257136,-0.6319727324588376
41.84343650800257,-72.67463005533962,0.034160987854392,0.07046768560742472,0.06663862832071846,0.5644799866312632,0.23862192803834598,0.788823759141414,-0.7780362423915314,-0.40574932351764226
41.843142538569346,-72.67037504431025,0.037662627392460145,0.063638889867847,0.036149693442048846,0.6134931475069205,0.13658766673400657,0.8887090223629863,-0.812034030719993,-0.6358054648491932
41.84328092900165,-72.66644532382045,0.056857389973515596,0.11108971484729843,0.08617004708845201,0.41486218609377723,0.2384650224368109,0.6560299262937389,-0.5775670183964436,-0.2699981898101334
41.843274433065645,-72.66237891191982,0.030762518842924396,0.0874662033388331,0.07354876119971754,0.5765135216025253,0.22934675523131048,0.7737178016768833,-0.7365395356113984,-0.4308026792624732
41.84305026365674,-72.65846304317859,0.04618235138767793,0.06636371574841772,0.030088396183212546,0.41364311888601923,0.1353970470926218,0.8643846778450337,-0.7234884549135268,-0.5067863683478157
41.843387657259996,-72.65401971462099,0.0592691758872283,0.05885274318076558,0.0722651119717107,0.427097285444924,0.1601305303897408,0.7105704700812003,-0.7577827360265562,-0.45462212084713005
41.843251039801714,-72.65015400167552,0.07958005249784875,0.07500845280966081,0.08677959439301375,0.5153267964415791,0.23784091488833636,0.7117466424074103,-0.7458784549802883,-0.3684250896301283
41.84314210177502,-72.64604207666592,0.033728698885204265,0.10630751013536639,0.03827738867787285,0.39767795314274007,0.19610198725821193,0.8243976618429727,-0.5781326332553193,-0.33947924503548105
41.84341386948062,-72.64216292379535,0.06662979004346861,0.06314139844431249,0.0848504431889186,0.3650866951128734,0.15676647108042305,0.6228342318699382,-0.705103894890163,-0.39919317832650214
41.84276967604503,-72.6380673560746,0.06318804070564817,0.09751547032425983,0.04271148111692288,0.35231964255760495,0.1296612422387848,0.7837563748414239,-0.5664390460783383,-0.46196520929015883
41.8432668524772,-72.63365749350388,0.06108328476110213,0.05969046927591364,0.03555077533190642,0.5707506134092089,0.22543514745092302,0.882729032154382,-0.8106390242790495,-0.43371218493688724
41.84345869781448,-72.62984072394279,0.0561137380079761,0.058503323969170434,0.0777383738864758,0.4613708916279291,0.21045732235509698,0.7116043857554564,-0.7749327732979536,-0.373478761460845
41.843127554142605,-72.62553579544539,0.04147431423752359,0.10899630504646651,0.041151509035097206,0.5633262541506461,0.13743374511838793,0.8638444239264688,-0.6757618688962933,-0.6077580191171138
41.8433955737261,-72.62139731241189,0.049311642555608444,0.06710328297332269,0.05067165567860944,0.4300797479259367,0.2022986619461451,0.7891980957364374,-0.730066077066418,-0.36019744258167735
41.843127866281016,-72.61769609662146,0.0443886289927117,0.06938813531856797,0.040624214290457046,0.5435400355789537,0.12308918008994317,0.8609150960554723,-0.7735847735079245,-0.6307117144080303
41.843502717993665,-72.61340289756139,0.05014788510567178,0.11012540939543375,0.06708921104361874,0.503961981631851,0.16069232192298866,0.7650325858552378,-0.6413363602492833,-0.5164634575792522
41.84329389387437,-72.60933618741873,0.05624496471891696,0.05812770425177495,0.05670881647522324,0.5163932266195881,0.1402154468800707,0.8020987111859185,-0.7976480885957838,-0.5729101593107616
41.8430993890806,-72.60548383295597,0.04278564336170889,0.056688924064793096,0.049841407276259624,0.6024877838829039,0.2101917330040222,0.8471894008370424,-0.828000827755913,-0.4827192549181287
41.843585754632485,-72.600850027603,0.06300936250159322,0.1067801814164033,0.06942942013161318,0.5833496114461095,0.2011210628169923,0.7872804830639032,-0.690550436973597,-0.4872438972791002
41.843329121800096,-72.59705274711266,0.03526601234600294,0.08587120499325465,0.08830610283569873,0.5550546552806754,0.22080754712684647,0.7254849577887201,-0.7320401303309763,-0.4308073097473378
41.84314249820326,-72.59303906260813,0.06677296597710333,0.0680854387609827,0.05996893711024545,0.45917260900555457,0.1415008063541369,0.7689688388111834,-0.741737697321483,-0.5288594343087275
41.84362024056501,-72.58898490603774,0.03868218324961431,0.0652115879465012,0.0849836016614268,0.4426745862165231,0.22757716964584215,0.677883889177575,-0.7432039253521039,-0.32092033282916266
41.843164521046894,-72.58471788842331,0.06823958706448197,0.11347012469515265,0.06155468229477384,0.5213252379140912,0.1669064738141047,0.7887912066941103,-0.6424985707874473,-0.514970115529866
41.843496364002036,-72.58093463568962,0.03249843199994526,0.052558593477971115,0.08249526286371009,0.37970206281335567,0.2137338934141835,0.6430301160100222,-0.7568199061700001,-0.2796732615499549
41.84300821375393,-72.57644036181664,0.04467749097204181,0.0843234842909274,0.07959968919520846,0.5863942045288857,0.14886578827520536,0.7609597026480103,-0.7485574461609862,-0.5950662630031867
41.84311388535616,-72.57270262453287,0.03448175009677564,0.05818277869747019,0.05877488518128915,0.5633389761502332,0.16367690354103495,0.8110478199103549,-0.8127731547812763,-0.5497294952882148
41.84347850965537,-72.56868223442379,0.06409382065559074,0.11535867459464919,0.0686318048840439,0.5628713559145095,0.18025706292520438,0.7826398689841646,-0.659824338630221,-0.514869682398503
41.84349718978611,-72.5642842932465,0.06421909647390231,0.07026935199049977,0.06739653306964982,0.570450675179021,0.1551448794239021,0.7886749923866576,-0.780655047413063,-0.5723654081403406
41.84323986914262,-72.56072996246473,0.06124744120704634,0.11992535376430072,0.08198248424393699,0.5864276741182914,0.20844642986897555,0.7546940805184216,-0.6604379141014051,-0.47552340974913776
41.843084210477265,-72.55634997397577,0.04605961685560651,0.08869379761932665,0.062380794626958454,0.49680719474934415,0.1735583867587424,0.7768879310282194,-0.6970328017361272,-0.4821977990925574
41.84363210997371,-72.55281966729447,0.04123654291397365,0.0806983071456494,0.03706473921812877,0.5934248564266533,0.1290588939627704,0.8824255325570477,-0.7605828978846707,-0.6427355109559025
41.84291275803149,-72.5483425508262,0.06601330973736144,0.1144682584883442,0.08221397844861358,0.5392936313634705,0.1397182470019439,0.7354369370522387,-0.6498166679177638,-0.5884659710569785
41.8433895240168,-72.54449372081127,0.07428878178202121,0.11105599458383494,0.04884224714392265,0.5313588864050586,0.16397702751743776,0.8316368434333666,-0.6542546012854425,-0.5283516233400969
41.843553166025785,-72.54014728538057,0.05554739762260397,0.11148842098473391,0.04476301594093483,0.565315999360708,0.2096360039863981,0.8532550216669803,-0.6705446429329465,-0.4589703540839787
41.84340899595134,-72.53601376305713,0.033450708526154026,0.09183036603922999,0.08327345675853065,0.3818109743174657,0.1371597998007777,0.6418996156638772,-0.612236693823756,-0.4714160926159324
41.84308409684984,-72.53202303500206,0.04384644557068996,0.09470690938817661,0.054615382647857355,0.5780548409001192,0.17575779569666589,0.8273496029524589,-0.7184533474217515,-0.5336830741120121
41.842928407034464,-72.52804836225802,0.042801174858486266,0.08299324745197273,0.07322882556545815,0.6072584679823767,0.12548168736772772,0.7847753330303424,-0.7595275879908585,-0.6575001753308515
41.84316757558707,-72.52408520052595,0.034286026336942645,0.10804197167456499,0.04655711991948297,0.5862262254086107,0.19183890502752807,0.8528497304386434,-0.6887601300809083,-0.5068821425784904
41.84332547214447,-72.52029240511703,0.0378614251310027,0.10042649071938084,0.07849189316336369,0.5053928691845779,0.15524201797910858,0.7311390937906006,-0.6684606093298123,-0.5300217381930542
41.84761305709053,-72.7799433262527,0.06328905498614115,0.09437478767868317,0.05402545976175378,0.5547049192143294,0.22028412744161557,0.8224979017717912,-0.7092043190490966,-0.4315167978382788
41.847086940187026,-72.77591086540998,0.053469814335733126,0.08029299015003094,0.07900753415669193,0.56820859485231,0.23259051760135138,0.7558542483245406,-0.7523738044534121,-0.41910395757385316
41.84776554501114,-72.77228480516919,0.07351996043378518,0.061654351874435354,0.03239622363749406,0.3784873080830991,0.19880630897124268,0.8423094568826673,-0.7198431437715582,-0.31124716055009266
41.84714780021232,-72.7679124229867,0.056415178587841425,0.1049865759992249,0.08134906084181877,0.552964665354784,0.23511648132428398,0.7435052798570372,-0.6808682181884139,-0.4033191066299395
41.847616484466435,-72.76407148610393,0.0508593546181271,0.1096735032360381,0.08374879132902106,0.5353301763939706,0.1760360196044183,0.7294406830293267,-0.6599290618033381,-0.5050762305134416
41.847461406687366,-72.75923223750128,0.03661775510367214,0.05330132636825541,0.05486508276588674,0.3615205451006724,0.23447644347076954,0.7364698534529169,-0.7430158338589534,-0.21316232139765942
41.84743948402595,-72.7558303385788,0.05222083303746061,0.06567670605727449,0.047416729736097604,0.5807779425685184,0.13584611996383192,0.8490381029111789,-0.7968095482122763,-0.6208720106779853
41.8470995576814,-72.75108598603357,0.047658494008231495,0.050213272707960124,0.058745326159804004,0.3846552606278776,0.23175416306390983,0.7350236877880648,-0.7690645845410861,-0.24805120052872562
41.84751005749161,-72.74750180047106,0.03073992029423726,0.11950141647561549,0.06848626367727481,0.5237657416710374,0.18745191031143615,0.7687259374090357,-0.6284547875258651,-0.4728704784282955
41.847963403464796,-72.74336726048347,0.06964259282330246,0.10649864331663833,0.032167701478793796,0.3858227762872634,0.1911293571134403,0.8460840464562088,-0.5673613250371189,-0.337451597632979
41.847588800030394,-72.73946266362056,0.05018365549950082,0.06100522911392358,0.07224880128589149,0.48366655935910224,0.20317613730822542,0.7400726570963403,-0.7759926972353378,-0.40837650805906783
41.84773495560586,-72.73536865587434,0.05461945267440674,0.11296603376230917,0.05376232969757642,0.5234109011397065,0.2284151271079046,0.8137047013785255,-0.6449713131739987,-0.39237238795707957
41.84685179975773,-72.73102995628545,0.036097984125371504,0.09136139907537572,0.07364371749454159,0.5575590305528358,0.21019428567106993,0.7666559034403508,-0.7184203335138647,-0.4524431709266122
41.8473371208709,-72.72712069497545,0.060231134471508976,0.11917269677020538,0.07587523681996489,0.4661559334080878,0.20789949469182956,0.7200336770741751,-0.592800725520961,-0.3831382820315722
41.84695214354668,-72.72349444494381,0.05667645722176923,0.0643066685637471,0.03526981031896879,0.5479165997245024,0.16993673025324918,0.8790444711620088,-0.789924127700844,-0.5265419183650899
41.8473383795712,-72.71894238322575,0.07048946873733664,0.10177261751637288,0.07584785818330221,0.46591950174319563,0.24495330376706886,0.7199984207480031,-0.6414513639924639,-0.31083788304085885
41.84725730086216,-72.71480607958975,0.054479440270056426,0.06645599645203239,0.06773483620223697,0.4766595435367264,0.15432908209958068,0.751155270064633,-0.7552786044258358,-0.510834028287116
41.84736905146262,-72.7108079514394,0.07935227073718676,0.09502286045459052,0.04041269082475374,0.5564388507669203,0.19824420467245765,0.8645804257555176,-0.7082779883520101,-0.47462924139183316
41.84782352037495,-72.7071425010467,0.03302336096932023,0.06422678123070798,0.07612465989878901,0.5536745896681042,0.2180037930709638,0.7582573813762427,-0.7921131615640135,-0.43498794848402883
41.847392425714595,-72.70296113533935,0.051956409739122245,0.0985563015940357,0.046324780696443926,0.5577727319413684,0.2476966299453694,0.8466314469855529,-0.6996741068632938,-0.38496324834711815
41.84737135104749,-72.69888186694504,0.06024752265144585,0.06911670718479723,0.04766142262983879,0.5475421713921174,0.15696497721749983,0.8398483372461605,-0.7758348753712903,-0.5543977728905132
41.84751388632048,-72.69434179699915,0.05944746268540042,0.10309315430341383,0.06619342431681621,0.48944350763374667,0.22009770955428917,0.7617385724003469,-0.6520277615687955,-0.37960556984539207
41.84724512529451,-72.69045323729239,0.0613734362771834,0.11607822863720327,0.05361904338713228,0.6133285444210238,0.21818664206472996,0.8392106235413643,-0.6817188078731016,-0.47520707832924686
41.84711772900124,-72.68644296788356,0.03647212594680693,0.09306358984310158,0.033141220051435445,0.46585006786299205,0.15090213915435324,0.8671671395709063,-0.6669840195888026,-0.5106555357649192
41.84712133346769,-72.68277436012374,0.05446268638897292,0.07628451710676401,0.03823258812534094,0.4451971524101601,0.22126984909393693,0.8418277366097079,-0.7074316449994097,-0.3359915836956057
41.84777571269464,-72.67837390868279,0.07102853348551566,0.050290412397662354,0.07959604801879586,0.3660746073071155,0.2331353481584343,0.6428032805499002,-0.7584311360578725,-0.22185756083674452
41.847401385421406,-72.67406902780158,0.030979688528145095,0.08683455751493113,0.07972777696508687,0.497154417765601,0.16679177178594268,0.7235907861489569,-0.7026157643704893,-0.4975744287391704
41.84706341350594,-72.67008745918308,0.05481568224229341,0.051949277953222156,0.06864692686982993,0.4554221083317662,0.14487458746792595,0.7380233432665099,-0.7952218853585786,-0.5173233886455778
41.84738831444376,-72.66643577036042,0.05781595135419436,0.09528673699540458,0.07676146287119046,0.5191794139885493,0.17370352435670122,0.7423856431004414,-0.6898552122266768,-0.4986064319276165
41.84735850966528,-72.66219655610128,0.05806758169268546,0.06439111109113134,0.0850453683083229,0.4875832732874079,0.15039923650742387,0.7029650208507596,-0.7666880459910166,-0.5285161138483542
41.847293145203494,-72.65839989729085,0.051700950930533764,0.11061752332601055,0.07607151017696034,0.5399286719854949,0.18117843454371413,0.753014650385612,-0.659924155661097,-0.4974992399790603
41.84759274949601,-72.6541122679154,0.06000189734165748,0.0903905831903962,0.0303167412573414,0.3870017555656509,0.12161670026416982,0.8547069373241781,-0.6213153171836433,-0.521776298637257
41.847359998571726,-72.65001090018377,0.05086846291145945,0.08334751849330536,0.05622489963958778,0.4038350855212527,0.1880626998824358,0.7555757881445346,-0.657838692077705,-0.364543323120655
41.847664354562575,-72.64602086134076,0.04562877171616461,0.08799780897717746,0.0440252635483635,0.4412023084243159,0.17881683914457674,0.818537667307816,-0.6674308788544153,-0.42318930037654123
41.8473679094908,-72.64213810544655,0.07244967802925877,0.07820149324396067,0.0568671929920323,0.6083614140744712,0.185401376549766,0.8290296226351337,-0.7721942376718283,-0.5328544528927561
41.84697646209474,-72.6377811315504,0.04321161104324611,0.06603648657190331,0.03954386928073579,0.567659346074861,0.159892065482845,0.8697507909025886,-0.7915830176881928,-0.560465245636698
41.847474886824116,-72.63364183019752,0.07129986514533448,0.10255722035486561,0.033824935461585624,0.4413754545393919,0.1876128325782582,0.8576392773519567,-0.6229047266748476,-0.40344570345499664
41.847634498555,-72.6299019080162,0.0574701975334177,0.10658627383652153,0.05609570856658275,0.3650280849599842,0.23316964471997476,0.7335904100937773,-0.5479939410304856,-0.2204261796689781
41.84721335800523,-72.6255176670182,0.04960408589768364,0.0911986576315639,0.049865580327772815,0.4605852431002545,0.13916176881879092,0.8046214129193044,-0.6694406722972194,-0.5359317643834292
41.84748327557592,-72.62146744421612,0.045086557222533186,0.07479322737904696,0.055927566983832076,0.5055642562457683,0.20876486212041065,0.8007893804681011,-0.7422511831435307,-0.4154939039923226
41.84760946744413,-72.61754514028833,0.054094533379057924,0.05982243625690984,0.061290364961896555,0.5868053095856269,0.1798584845639828,0.8108601326349316,-0.8149710195965594,-0.5308021953391358
41.84767070708485,-72.61358060085742,0.0668454729568663,0.09955922372656603,0.07089173721453734,0.5289714438272779,0.1229000755649927,0.7636403118077166,-0.6832001082332642,-0.622931599528783
41.84667766973034,-72.60940411691409,0.039419056415631135,0.11377048352942118,0.048931700206492554,0.4563476595661656,0.1445964574952955,0.8063182306575573,-0.6008880443212057,-0.5187690389503986
41.847333347353285,-72.6048480209559,0.07606309207218645,0.0893444529654217,0.04653784084893866,0.36916009500993147,0.15459422694379651,0.7760978016271013,-0.6102788800680581,-0.40966892123343884
41.84787895780981,-72.60135503188872,0.03395989088845079,0.0771856506660731,0.07003414256485893,0.5051341549353432,0.20472003841563766,0.7564742602495947,-0.7349028835234062,-0.4232053840543681
41.84707965866601,-72.59712322589982,0.054137613210636926,0.07670752909558146,0.07255785188571304,0.39633870203957283,0.18449923128632692,0.6905165914387402,-0.67568696652964,-0.36471356052839937
41.8468723421798,-72.59300076385489,0.04186047373925474,0.11550952070604861,0.04464944321125894,0.5528186372582949,0.13423906380948294,0.8505378122420576,-0.6543329221444798,-0.609234963523856
41.84695671868633,-72.58887001271266,0.04970897340674631,0.11759342342235593,0.06476368366236498,0.42127890269978147,0.12008153196505598,0.7335061351430218,-0.5635573855922861,-0.5563712296802782
41.84731118514475,-72.58509565180715,0.056342739650569185,0.08394238880522409,0.08531289787716081,0.5563054110071167,0.24021563267143373,0.7340696277027599,-0.7377815626080154,-0.3968379502892912
41.84741008198804,-72.58063600312276,0.05830441485601878,0.07605022613970516,0.042648689480229936,0.5758983507863009,0.20846910586295375,0.8621004169323883,-0.7666986973166242,-0.46844019573806767
41.84719391386554,-72.57703337808053,0.041272391738556756,0.0893987339662077,0.05150148859096678,0.5864053357164198,0.18868718225934025,0.8385297456352343,-0.7354300218754489,-0.5131234584688865
41.847222918276145,-72.5725867885023,0.054745854759807935,0.0749510335921162,0.06972776058845156,0.5705543717426088,0.2472231450537454,0.7821967627470868,-0.7677756592812711,-0.3953779849017058
41.84764674034236,-72.56896267304693,0.04465516266048453,0.056122430751731914,0.045183463668918865,0.3539123362325939,0.18622558785527418,0.7735708384800389,-0.7262552579894901,-0.31045172149408434
41.84775401262225,-72.56458680435654,0.06076570171587043,0.06175065041110918,0.07042929566890725,0.4005980606566048,0.12077390875239163,0.7009545423504625,-0.7328827833497934,-0.5367073190018425
41.846836608121514,-72.56074374745918,0.04708745383532426,0.09462578686654272,0.05222247222951182,0.45292647178018175,0.21395458025918837,0.7932393095193337,-0.6543680155738545,-0.3583426021630097
41.84711846186304,-72.55649692803453,0.0743158366941887,0.05756795522260459,0.058186052526840414,0.41454802048089634,0.12478502026176337,0.753831780490728,-0.7561279084579907,-0.537261725742095
41.84762171903465,-72.55272398078155,0.04080927579956788,0.07817039786084184,0.043561454625238756,0.5349109272156263,0.16555811928706782,0.849391410920557,-0.7449917501529121,-0.5272935467636511
41.84724528830768,-72.54804680956244,0.047491309216267014,0.11522701402304905,0.0830808452461248,0.42915593941542485,0.18279892809933201,0.6756154663862384,-0.5766692792445347,-0.40257382430274097
41.847380358205214,-72.54450714761445,0.06186398406666432,0.09623909990653728,0.08525886805337703,0.4896369369917253,0.14363138187303232,0.7033936678432079,-0.6714694104369072,-0.5463806491045808
41.84704553367132,-72.54012157445634,0.05460671570188998,0.0719283907051713,0.06997979471722929,0.47156203326667734,0.24516663397190844,0.7415535011293388,-0.7353094460082078,-0.31587323019605973
41.847611194090625,-72.53682037169175,0.05775359949599443,0.055429534137959674,0.05818547504911675,0.3578742103846697,0.22267812140383542,0.7203022687071822,-0.7317733755256369,-0.23287493922268176
41.846983355667945,-72.53216575547246,0.07807697312786267,0.06992471461588454,0.08425819783964399,0.3907950181371484,0.12085831899133226,0.6452683825478608,-0.6964544401080932,-0.5275773254226478
41.84741915659362,-72.52841901627224,0.07396121010273443,0.09717454031256509,0.0712134212285044,0.5317857087529149,0.20826449718260115,0.7638025738753595,-0.6909994218014612,-0.4371611668715671
41.84777531166445,-72.5241449943662,0.07171376377863643,0.08906854959172986,0.05104129343170617,0.47604873635472883,0.1772305541641658,0.8063279874506942,-0.6847785342734373,-0.45741260518638827
41.84699815374278,-72.52026872814125,0.04924933758896852,0.05777981965037566,0.07983313806356701,0.5542457474325827,0.16388003517705257,0.7481917790052268,-0.811184947956451,-0.5435896074319453
41.85167147968101,-72.77981780215379,0.07283598622596091,0.05205609872023162,0.05227307965031949,0.4734808730284141,0.2134331167214078,0.8011500269889119,-0.8018936763020774,-0.3785739702312908
41.85145963927568,-72.77599188462213,0.068360670690079,0.11639048003483776,0.06309050203500312,0.5940914654123326,0.2259264550595737,0.8079968557869508,-0.6723618924289969,-0.44897190800523756
41.85104947410595,-72.77162730703976,0.03586726359865273,0.061113173673642024,0.0895427091295829,0.4657459223310746,0.1798803431203664,0.6774912935132652,-0.7680094198351094,-0.4427725365398859
41.85168968589703,-72.76752466942506,0.041848329869860125,0.05544752162061439,0.06135718813225697,0.4039160686207113,0.12842478451330325,0.7362531061404464,-0.7585898281947633,-0.5175091907478576
41.85128384108293,-72.76403283691151,0.058969509101420015,0.057325194784676826,0.060334957983047846,0.5205968303828789,0.17848226942274528,0.7922821260900149,-0.8016161617371941,-0.4893789001205401
41.851190454787414,-72.75939543479144,0.03546918764522314,0.05809838468099673,0.05974176977400672,0.38748389854888676,0.14904860945612736,0.7328338957017395,-0.7392248890155143,-0.4444004520421923
41.851602885455634,-72.75551968942783,0.0524858533835951,0.08868126719794918,0.0649774888840383,0.4570239156605266,0.15879603658363256,0.7510447737560024,-0.6749846987583112,-0.48427771459839475
41.85144701988169,-72.751632932871,0.04792886302866349,0.05956311470658117,0.08482121652861763,0.5477496853113287,0.12861508186048107,0.7318206819760446,-0.8038469971163966,-0.6196872217390047
41.85153857800648,-72.74765156551229,0.034886509174605215,0.06212518284149082,0.0859820343395698,0.40974945489895015,0.22230895034126058,0.6531104591655271,-0.7366877646191132,-0.29655567112734416
41.851501990048355,-72.74348464626338,0.04827968185817086,0.0565053874126296,0.07263928666809305,0.4565909982016043,0.18954819822200658,0.7254908165885567,-0.7797474743659076,-0.4132898939697254
41.851736927258166,-72.73945289460674,0.06461357564463807,0.08705102589393121,0.059778445674448746,0.44099830562644005,0.16451250640210321,0.7612571050107267,-0.6702920704651136,-0.45661579237218225
41.851319933945696,-72.73503660155569,0.03224864738119819,0.050099314553579175,0.03185887114352466,0.40493081737710823,0.1941254429252638,0.854122604169399,-0.7797978154061649,-0.3518957874598306
41.85161819220781,-72.73110138496436,0.05043193495276211,0.09037501218553608,0.06580965407795081,0.5781493475890436,0.22648146146726483,0.795609180374553,-0.7296283647285202,-0.4370549600682378
41.850891219443376,-72.72681454579342,0.07399152435107992,0.08887217515579808,0.06571002983574467,0.5463510192463055,0.1458709822303258,0.785282759181312,-0.7201859883613099,-0.578542774083582
41.85109684288582,-72.72299947774232,0.05613812153099042,0.05362513325452062,0.054333587075234085,0.39341308487411103,0.1663172920431618,0.7573021063956404,-0.76008703023646,-0.4057235451141391
41.85127012684451,-72.71906995236567,0.05452345150873497,0.051283726321329916,0.056706292699889915,0.35782021716913204,0.17263190084826655,0.7264045056235008,-0.7492875483732628,-0.3491141047999198
41.85150191166458,-72.7149992612582,0.07583863703621066,0.09413580429715775,0.04305591813545348,0.4564036703006934,0.13259794423029644,0.8275899827240659,-0.6580234165191498,-0.5497535458001026
41.85157086088252,-72.71100886629699,0.0637592025361707,0.10457522710366467,0.06733037087039459,0.5948266924542754,0.2364694467281367,0.7966332322052689,-0.7009581352886138,-0.4310825334502174
41.85125547872361,-72.70667440371126,0.049789494710594726,0.07387626882305871,0.06153435189739341,0.4219635864642605,0.22366968533436493,0.7454617816741711,-0.7020156083247872,-0.30713085863354317
41.85139902635229,-72.70283037070915,0.030256750437488784,0.1092944988258536,0.056805269827967346,0.5456761936016379,0.2341983341850845,0.8114289873596932,-0.6662614065347571,-0.3993948363726214
41.85157362423706,-72.69871804093337,0.03594457951383057,0.056860711227692026,0.08673846550805471,0.5675037324017093,0.16741427080061067,0.7348429502555013,-0.8178605082084325,-0.5444001369646072
41.85121463707181,-72.69464628728993,0.04104067469368949,0.050990551630238516,0.0794465004724165,0.5451285488645748,0.1408334458048586,0.7455982253637835,-0.8289249527890873,-0.5893841148656449
41.85178685241396,-72.69071132540384,0.06013069309145749,0.09532989617253118,0.046600962450840264,0.5608260242676246,0.18156752536013854,0.8465627524960816,-0.7094291365729568,-0.5108590977085491
41.85165981410842,-72.68651641548344,0.05253794660553072,0.07049020834543165,0.042258264231334636,0.5514048887553408,0.20345265202184487,0.8576355496589727,-0.7733051484919189,-0.4609508654775463
41.85148143194883,-72.68291851871705,0.07051694653586646,0.05887615826420782,0.03975380480171699,0.4968929089357649,0.13330934156277457,0.8518436662926671,-0.7881272573846813,-0.5769315598053913
41.8517432978509,-72.67847294838927,0.033308701836523735,0.08104400112537423,0.043318108721077095,0.4824216987209468,0.15211331496772745,0.8352108472369995,-0.7123374106090998,-0.5205518633764166
41.85119061298772,-72.67411085331989,0.07532890758904962,0.0638570330317802,0.053123534240970965,0.5674759676946672,0.16860005808520812,0.8287993010781362,-0.7977072861443874,-0.5418949886145913
41.85141429031157,-72.66968560417595,0.06854315934550563,0.11025722582116043,0.05441837016671774,0.5081980012018901,0.17857196417172475,0.8065524825225372,-0.6434431434854667,-0.4799657143579991
41.8512514827941,-72.66625496046177,0.07210664257011537,0.07733797035704629,0.06490946363787495,0.5814093984536483,0.22055204289218394,0.7991410511281556,-0.7651968751035088,-0.4499684610221188
41.85103594048877,-72.6622441677097,0.03204289517550482,0.09408539156158624,0.07679129489228884,0.6042639711598694,0.16614788863742974,0.7744932057058411,-0.7305492162406018,-0.5686777493764325
41.85135973929006,-72.65799502913126,0.07923080116664469,0.10947108974146497,0.08745622373837655,0.4837437272938705,0.14727157994436532,0.6937807029558403,-0.6309226047705271,-0.533223431333453
41.851678846451534,-72.65377882068886,0.04739322154052017,0.05576549988161679,0.034388952882120724,0.45227560930608773,0.24040581071757033,0.8586749249729778,-0.78046855314217,-0.30586903656414105
41.85175674370143,-72.6500280302551,0.0417145338227639,0.1014170727757897,0.05437914758345684,0.36603546482776483,0.17132576377737968,0.7413070527136351,-0.5660861173383925,-0.36234415638024886
41.851457988834746,-72.64583640464501,0.07201470322374538,0.07012282498099479,0.0667153381665351,0.44821512395646035,0.14004940266466995,0.7408763199152139,-0.7294320235485745,-0.5238556930533115
41.85139922873338,-72.641896079311,0.06873613705328765,0.060445441012521604,0.060754711109708294,0.35645282644385157,0.13172203469170468,0.708755448350888,-0.7100230644693337,-0.46034896436370104
41.85127537523635,-72.63760043504371,0.046688467452891735,0.07503757205972196,0.0718722205242137,0.43906752476821315,0.13825145454310728,0.7186665504634838,-0.70808469893526,-0.5210569563882121
41.85155136219987,-72.63374919540611,0.03621128777018882,0.0753945089978404,0.04008507905909829,0.6089600854069013,0.16627708697359295,0.8764798468467808,-0.7796624451292848,-0.5710291175460237
41.85089757293307,-72.62915568891925,0.06558587580926979,0.06687241190065842,0.04928771105520743,0.4620551023227661,0.15480100023031418,0.8072224356509143,-0.747139598140055,-0.49809688324516943
41.85128621986802,-72.62529228581795,0.06759253026133069,0.09848404483793405,0.07120641341069092,0.4909081212792459,0.16561976613493767,0.7466480262782443,-0.6658114902112426,-0.4954676890047987
41.85157170858444,-72.62096459431345,0.037053525260334605,0.05883856455620317,0.07396308310501941,0.5097160387782023,0.17852084931795018,0.7465625192609942,-0.7930240500696598,-0.48122266502806416
41.851352623357116,-72.61729934057279,0.03608398894831706,0.07682709962419064,0.07560997233004035,0.527616630054189,0.1765690737921245,0.7493148610117825,-0.7457923844620911,-0.498515596588538
41.85165510213821,-72.61356361120595,0.05039596814282546,0.11144845027325082,0.07666982880199655,0.5826131089127808,0.12219985925102808,0.7674144910597827,-0.6788513963978838,-0.6532417399487264
41.85163892068517,-72.60933878245704,0.043701067761261696,0.06888882256270804,0.053358820310757935,0.46089024636135545,0.20242523225927211,0.7924786887565528,-0.7399337701181159,-0.38965623814412476
41.85123000528293,-72.60536799056602,0.04803041013262496,0.09805601450548496,0.030010270537469685,0.5516705484512173,0.16406593775901718,0.8968153339157865,-0.6981622113177497,-0.5415465302663758
41.85117005277916,-72.60119955764516,0.05554175838166396,0.09530058739716818,0.08519644380798524,0.35806389354658796,0.16543874870261874,0.6155918469202678,-0.5795851179219703,-0.36795448446327517
41.851324525365214,-72.5971022657141,0.06084139906757878,0.06605120659786233,0.04983198227567692,0.5816482215919889,0.21077528944665597,0.8421740476725385,-0.7960436470278875,-0.46802363506254707
41.851541447308605,-72.59312013482639,0.06903851670521144,0.09033572758043858,0.08780629139448143,0.4597526178252065,0.16537350528830574,0.6792809324585297,-0.671559201953921,-0.4709115515293328
41.851261136395536,-72.58838960632174,0.0461364821235809,0.0551233419850929,0.04872774347356892,0.40909920199182687,0.22600004951621264,0.7871346631901031,-0.7625132915223802,-0.2883000602517581
41.8508986688279,-72.5853511500768,0.06363691211812397,0.06044588109127123,0.06187694906615742,0.5787404769424217,0.19593049772959187,0.8068208994822794,-0.8108661728100116,-0.49415815453122797
41.85131476119282,-72.581099257447,0.07736259636894363,0.10746897795824152,0.05450456691604527,0.5151571339407092,0.188463420353911,0.8086423333916534,-0.6547880793805088,-0.46430382340707593
41.85160933368101,-72.57668977587619,0.07146333897220691,0.07103358900069208,0.0833734234269368,0.6176859161861992,0.15987974844561367,0.7621501669945813,-0.7937227319228707,-0.5887684970726716
41.850685309588,-72.57258882974781,0.038553257983802984,0.1040024666255324,0.03234680871889211,0.4136025765869416,0.1538201904338954,0.8549305827758522,-0.5981396704326933,-0.4578286266463934
41.85156219567729,-72.56865898395263,0.03876548546049559,0.06215472748620264,0.07150049620260743,0.6071256188899452,0.17060696659610203,0.7892786775738625,-0.8142639991664403,-0.561270879528648
41.85150243851839,-72.56476863582958,0.07120318594035344,0.10063778307856933,0.08379693911132774,0.5221126565553417,0.24237376374086053,0.723401181593344,-0.6767957863258032,-0.3659174125108666
41.851488765151856,-72.56107737920829,0.06627821041054703,0.06880255024794546,0.08523477234570831,0.5603777336252445,0.23262573185819324,0.7359568733337295,-0.7812946399896648,-0.41330462732245965
41.850858844023605,-72.55679859194734,0.04574882303148671,0.1175080735000314,0.03143682818194881,0.5171806377851478,0.13459113647506377,0.8853961817401044,-0.6297143106198009,-0.5869991865547403
41.85176876720323,-72.55282769521763,0.07353202967140485,0.11108917576337515,0.05208539241023248,0.5686950797796125,0.2085477940307313,0.8321938438994457,-0.6731634342585912,-0.46336518208690747
41.85151765799511,-72.54821035376223,0.04051524657346104,0.05442459169995564,0.061041562116153816,0.49581094501038775,0.1777224255998444,0.7807621898619469,-0.8021771111864553,-0.472268388309179
41.851274464050135,-72.54435108963335,0.07251524799882941,0.10605750129231539,0.07552514365524113,0.4917271343427738,0.14474619916703488,0.7337158559440623,-0.6451648471037085,-0.5451617796182054
41.8516843355903,-72.53999661918942,0.07164106071902429,0.06650513012911954,0.06326249958623617,0.46230899451786617,0.2031572865809696,0.7592620593166894,-0.7484744562240442,-0.38942875889816436
41.85141347746704,-72.53630162949456,0.03870191160574757,0.05305248131571413,0.03943110229986796,0.4148467720000106,0.12942741528292936,0.8264009561960808,-0.7732311776957855,-0.5244036248382774
41.851105459862644,-72.53231864763757,0.06965365638720752,0.07420713840008102,0.03502949387773766,0.5550305280627702,0.17085387948805203,0.881268031809586,-0.7641363753151543,-0.529253204199486
41.851432762786146,-72.52777621126707,0.078493213803705,0.07608478856535669,0.08756718446320247,0.41835567311354405,0.133720818802457,0.6538318711962176,-0.6922388256535216,-0.5155714080910268
41.85134795321555,-72.52399108040616,0.05688065582244467,0.09073455752681422,0.08806250381113127,0.4863060900401205,0.13521271556278577,0.6933589170652411,-0.6855176219928619,-0.5648958186176771
41.851690618838944,-72.52020528876044,0.05907690074012093,0.10980651358233964,0.058624864525955875,0.4348569772434306,0.19482105633691563,0.7624031542244571,-0.5967913567481425,-0.38120421565553414
41.855507149861886,-72.78013374949295,0.05520713934301884,0.06779058145348674,0.03235548729133977,0.5079880644439018,0.17216215742546667,0.8802410533541692,-0.7645255448894577,-0.4937525508635866
41.85554127339952,-72.77627884254096,0.035589201594347995,0.06079229464643469,0.08257570904906739,0.3851706479445929,0.23929096817054524,0.6469209954736788,-0.7273661605458346,-0.2336087215121167
41.855360870433394,-72.77197379408037,0.04392003407647356,0.07516314374499371,0.0795572741948058,0.36552622802802126,0.21991131891081303,0.642506299166415,-0.6588837918074055,-0.2487283398179821
41.85564163465191,-72.76751611416569,0.032725233237008836,0.10198584442552719,0.07338983394636966,0.35353534652888885,0.23599683748742598,0.6561934629169862,-0.5522234905829754,-0.1993758987689298
41.85552177394863,-72.76399725857121,0.03353852905470949,0.06666346001991662,0.07141453147917916,0.38705515490876014,0.14404578240751714,0.6884656342633265,-0.7061462420694556,-0.4575577925529585
41.85543601889959,-72.7593474017696,0.031880865036460725,0.09428011110092467,0.06493843969373486,0.4880348703495242,0.16877050422850123,0.765129931176408,-0.6761886123345522,-0.4860867137790082
41.85566917939284,-72.7557840515101,0.06926791376990948,0.11459128190661287,0.07403387716556836,0.5738324087207647,0.24534280484296245,0.7714532187323682,-0.6670908236694092,-0.40100041900528965
41.85564903094944,-72.75143267678604,0.03215370813449967,0.057551049467214455,0.05942246010872126,0.4725727776425606,0.1769677004050985,0.7766052930853399,-0.7828769561972656,-0.45509877710157504
41.85557654320808,-72.74754850875398,0.07352823691513138,0.07421389688750707,0.04897445734161346,0.5395117146097175,0.20430200189580858,0.8335578313447143,-0.7581528438858619,-0.45066352673454424
41.855688789394826,-72.74358273908086,0.030319710812684336,0.11608445788601422,0.032653523624310475,0.5336034947073258,0.16183815893215114,0.8846688956879771,-0.6426454964336545,-0.5345744446419096
41.85532223250748,-72.73969179256684,0.05097897438692628,0.06010600696723489,0.07526610509612339,0.3554571096062107,0.15571528849640637,0.6505128930738566,-0.7107250159116952,-0.39075236036063604
41.855595916954634,-72.73543639437347,0.06101141695065761,0.07669433848996667,0.05343508273776877,0.4441374602281155,0.2353451609612751,0.7852169156310038,-0.7054928724446794,-0.3072812942608641
41.85558262040966,-72.73113351837793,0.047911083760086376,0.07554179289832151,0.07355357088298903,0.45483471945598236,0.20016382687315953,0.7215927293324272,-0.7151389960200281,-0.38881138593374637
41.855600854636435,-72.72749473228234,0.055768333880458903,0.10016564895387778,0.05354608470632352,0.5595319223443302,0.14212384677744985,0.8253204842107493,-0.6963285805137543,-0.5948901069955211
41.85542395465897,-72.72317768329394,0.04076693424032337,0.10101081600042139,0.03607941052171788,0.3522936873055177,0.20784143546644168,0.814202318731317,-0.5543357047470215,-0.2578882236918484
41.85550679130165,-72.71937596569887,0.04237428039317979,0.05862792822504282,0.031386370909101555,0.4699467842152547,0.13310619510146843,0.874788369417474,-0.778165974099017,-0.5585588674073655
41.85560694866233,-72.71521812384499,0.07603774052251658,0.08785977462694432,0.0717823169366105,0.38534761856728916,0.13163569235200426,0.6859434862541477,-0.6286627136829992,-0.4907545772882639
41.85530384080973,-72.71100248101219,0.058775097566481395,0.07308519208027867,0.04635973771106029,0.6149808464276149,0.15544604959271846,0.8598007174429229,-0.7875634372573667,-0.596467749514768
41.855535504722866,-72.70698652261338,0.045193565719049825,0.07952146407040593,0.06742282418237053,0.5128499419773126,0.21077768510397416,0.7676167895020022,-0.7315148460626404,-0.4174415757061829
41.85542014596038,-72.7028791603231,0.06954048998642268,0.06520068477253341,0.04893990023338027,0.4730335228904673,0.21311982788471634,0.8124812564575021,-0.7577237423996772,-0.3787982594737937
41.85536896269482,-72.69882825145322,0.04607636670957682,0.11878638849873473,0.04712475377931749,0.5459263142529267,0.16896698456028197,0.8410769111817693,-0.6425932947963726,-0.5272945351683018
41.855118890361695,-72.6943519360685,0.07352659429733953,0.10277570376200565,0.06516171574838404,0.41749728100760886,0.15378280347791834,0.7299885998755085,-0.6049162390873845,-0.46162028870161226
41.855344136749736,-72.69073843552057,0.03692091948785324,0.06428451612554215,0.03640886317446163,0.4043612056000603,0.15773088516846465,0.8347943031808416,-0.7256583677374037,-0.438772088207803
41.85522180115065,-72.68675501417741,0.07410602830013122,0.1180351091998865,0.046904404104788355,0.47318313835036724,0.1888126885711244,0.8196288113982938,-0.6007054596539546,-0.4295653208293824
41.855636501449865,-72.68296657066249,0.058999939979448385,0.057852414850663475,0.08375893875786103,0.4315920268641148,0.1403121511802791,0.6749440891926047,-0.763599665580116,-0.5093158729489562
41.855190744999874,-72.67871208140572,0.03298483423191852,0.06662871047811081,0.04915589504381096,0.46712671986068943,0.20907212834708644,0.8095775700179113,-0.7503399246511896,-0.38162530474217915
41.85566630139596,-72.67459596045543,0.030290571281501477,0.07694297772965347,0.08669812052540887,0.5592086105295546,0.2163040739851495,0.731546007010008,-0.7580986068424241,-0.44216496182649284
41.855600102258016,-72.6697768966902,0.07222617511440046,0.11161089688316533,0.07263258175746777,0.47326618638869966,0.129511455881841,0.7338972498358157,-0.6183440928859717,-0.5702844737439242
41.85528875343855,-72.66624932780974,0.047959988475146695,0.05163687744497179,0.05610130744360734,0.5113362382687092,0.1974644182491753,0.8022643800449187,-0.8165565068608588,-0.4428210063482275
41.855635498221226,-72.66186856114717,0.05595944508444906,0.11858851512919324,0.0566770672215447,0.5861127553131571,0.1695827073510526,0.8236528792629262,-0.663436068293864,-0.551187705287557
41.85615818473434,-72.65847663451666,0.06443112381808344,0.11281644877262399,0.05645404495239466,0.5544978537301022,0.23473015448294182,0.8151931598080423,-0.6618791224779328,-0.40516516889862114
41.85554480701498,-72.65394253287965,0.030009482675912212,0.11180717736537685,0.07375880474110674,0.6086956486860107,0.158022711224546,0.783842557197163,-0.6896412524066837,-0.5877946336305797
41.85556243077196,-72.6501561168236,0.07286632448738439,0.09844195395910466,0.0382984795450363,0.5338545396715503,0.19858288032890645,0.8661250460673056,-0.6886209082266148,-0.45774785693286224
41.85589691779263,-72.64571215564115,0.0742549972156766,0.059936254647213284,0.05533187380163744,0.5181556011305446,0.24633353608401679,0.8070337148751828,-0.7926410688952683,-0.3555604021228078
41.855631019331156,-72.64205102557189,0.03303309671663289,0.07223921859927078,0.04756719355881869,0.5711514600897104,0.16895599208740525,0.8462396655464672,-0.7754421349514402,-0.543428480309445
41.855259518159336,-72.63768534555251,0.03090271333915534,0.05021065768698409,0.05848519460889703,0.36868947829756493,0.14302324648306067,0.726176675171454,-0.7602738534855187,-0.44100179824773517
41.85619033486349,-72.63365385653195,0.06820188379658633,0.0969555137238041,0.03286892694116648,0.5756953521933081,0.18125448282808063,0.8919787832834551,-0.7117211360707548,-0.5210924834326465
41.8551934738323,-72.62946181600451,0.05509840598922726,0.050958621819482505,0.04514516838308304,0.44069937975892676,0.1802928741394976,0.8141579706688925,-0.7927070375916351,-0.41933937820426304
41.85550298123022,-72.6258497510191,0.03988168554343861,0.09180753715240031,0.04434901842711038,0.4587339792268238,0.20107192590201634,0.823691046471749,-0.6664827831470518,-0.39051189345523346
41.855408932789686,-72.62146137057793,0.056753727403961125,0.10716491685280695,0.042385382733266364,0.49363693219129234,0.1781899035102925,0.8418521708775062,-0.64326036271922,-0.4695362136756272
41.85514594643098,-72.61726857789188,0.07719202552303236,0.09566999017288982,0.06368299328283927,0.42881827606383777,0.19754832988283105,0.7413895262957704,-0.6351873003400643,-0.3692245786817982
41.855492032213235,-72.61318773913813,0.04422139728923768,0.09691935524298059,0.0758397588917552,0.6007297907920078,0.14887310020153313,0.7758109009570305,-0.7221544502883406,-0.6027947544220027
41.855485508326524,-72.60955303040701,0.07312157874764316,0.10183331030742943,0.04606328661463495,0.5870254872533837,0.19794130006687966,0.8544807979039037,-0.7043419909333756,-0.49566961745575006
41.85585895871654,-72.60554813213949,0.03787052677570124,0.06937961445523075,0.06068224660654229,0.4624887759523262,0.23538904468502847,0.7680213773700962,-0.7391098410564803,-0.32541474245433555
41.855558685445764,-72.60101068195867,0.04627049301488413,0.06174125627123259,0.05440503697140839,0.5437501371309901,0.24914432333413708,0.8180905580126444,-0.7960623158512232,-0.37155741209748344
41.85563412934859,-72.59715344371888,0.06843693247744248,0.06904347951101882,0.07222499836425446,0.5075420430362427,0.23113623284799267,0.7508482089986135,-0.7605091463067061,-0.37418971047629396
41.85557087620876,-72.59268644969518,0.07821253347855053,0.05156714562752477,0.05997056530068211,0.4583850483416778,0.15304120965647808,0.7686122664736534,-0.7977569417785894,-0.4993960182294309
41.85589982353285,-72.58925631578254,0.04317772461506623,0.05057560815273856,0.06481338768784503,0.5824156325119959,0.2008486816349525,0.7997203905726198,-0.8402012384890929,-0.4871496683627253
41.85558191246455,-72.58521734593711,0.06574036095553609,0.07863030931554249,0.05842274777236789,0.5079542037399514,0.24679736729924,0.7936965915849168,-0.7319045847086534,-0.34601694976418995
41.85598105102799,-72.58071899681174,0.05159465173926582,0.05241153615702013,0.062321080341930506,0.5284379322017175,0.2115446590120679,0.789013526603368,-0.8195348743104977,-0.4282442275700744
41.85524289678851,-72.57695805645423,0.04105157008420711,0.05630658151887182,0.07216988237307059,0.6121122041357595,0.18825292042550157,0.78906394366897,-0.83152304295659,-0.5295824002109116
41.85563157784292,-72.57256503564203,0.03807210529113935,0.06342609931985202,0.04249063382221169,0.6018672141018837,0.12202540787231898,0.8681147937932244,-0.8093289139082461,-0.6628632364299257
41.85536078587537,-72.56875539570346,0.06296751680817264,0.06543445153383866,0.08767024918347482,0.4394281402177723,0.24037048161015448,0.6673476870871753,-0.7407831255359401,-0.2928185674639453
41.85493493759021,-72.56455983096433,0.06669427616341747,0.0887145271986037,0.03831495155827925,0.5402120839102552,0.19533420859981968,0.8675430906102809,-0.7178859166344023,-0.4688731067266058
41.85579044084267,-72.56084460403663,0.06267400937914688,0.07563697944321954,0.04910932617919386,0.4177210911777984,0.1947689059577109,0.7896052855457392,-0.6933789717962414,-0.3640095124210833
41.8553576904442,-72.55612169922875,0.06913487460803949,0.0646392569527629,0.03989261951066922,0.5792302626629808,0.2112766411260289,0.8711318200011859,-0.7992162853388707,-0.46546541184308315
41.85558575392885,-72.55235936238996,0.060871810386105285,0.11525359751531851,0.0469618357466575,0.3686197658104975,0.14221414768202123,0.7739946351296841,-0.5236208220963281,-0.4432078844972614
41.8555481471592,-72.54850848406242,0.054562645339058205,0.08741982538465692,0.08760081750106045,0.4313993341322603,0.18778086782870432,0.662424693999121,-0.6630046374306792,-0.39345325566290407
41.85562454457022,-72.54425717636367,0.059894265090367445,0.054452472922516565,0.04577851071948405,0.36868803368771175,0.1629198571960269,0.7790967143803599,-0.7426269899862132,-0.38706757371418676
41.85539608895824,-72.54014622482619,0.05316977245581053,0.07835001496281516,0.07153938764930348,0.6057438151176886,0.1592006410850964,0.7887460153831236,-0.7709378114005356,-0.5837589519234514
41.85537098218139,-72.53657378201478,0.07286075119103377,0.1092098493876844,0.05852192441481904,0.38986360009260274,0.1884436189567235,0.7389660405334947,-0.5623495920233357,-0.3482923513681735
41.85556240627903,-72.5323356860803,0.0341259014410414,0.07253591492097008,0.07143443799625018,0.6141592759821686,0.14471171897261229,0.7916129143549914,-0.7887391206990363,-0.6186131241417778
41.855618930464026,-72.52836573593146,0.06316090627254133,0.1104589252148151,0.0634476247988402,0.3665945736880237,0.15455122737560545,0.7049237259874241,-0.5369117909464817,-0.40687912265559795
41.85557547884962,-72.523963441066,0.04645371303642162,0.09083112080282822,0.046114206368582475,0.4150727809553446,0.22769109312921892,0.8000194817457287,-0.6409155158236103,-0.2915249213297779
41.85543220702772,-72.52003421842304,0.050458821603422056,0.11444433302729688,0.04084732142473451,0.4000119239196209,0.16598943260926788,0.8146922317900869,-0.5550862430696207,-0.41346630818261737
41.8594921717025,-72.77973381020401,0.030548929203704205,0.06023309580305151,0.06842324275582663,0.4030350566168224,0.169112695384434,0.7097378799063471,-0.7399644439686826,-0.4088495679903934
41.85981441910857,-72.77586085920835,0.04045294574400971,0.11971217494422863,0.06581770804518436,0.5281945055444512,0.18708624104062882,0.7783961119336392,-0.630464761209326,-0.47688724480891476
41.860074708947934,-72.77179645787166,0.03336863955128937,0.10713163172237454,0.030245782171673195,0.5016216873105352,0.12018361032782973,0.8862657187847247,-0.6480294123321801,-0.6134365185234327
41.85946199217598,-72.76788434654074,0.057366318365262826,0.08919036114081845,0.0394407717238861,0.42957782956666163,0.21230378474210687,0.8318157462609748,-0.6561456051529166,-0.33849551066910294
41.85965992400638,-72.7634829981307,0.0558532805931733,0.07407700505994874,0.05008651857793107,0.5657157488052166,0.16965959215819504,0.8373292167605234,-0.7684343731233934,-0.5385768798395528
41.859813483124995,-72.76005367040335,0.03651846311584591,0.10582176810480132,0.03083660002168742,0.4483875738854258,0.18697347106444223,0.8713061581586058,-0.6181162600948455,-0.41144181705633204
41.859454972916446,-72.75603476874979,0.0430290745601493,0.08788179185144948,0.07753965794290815,0.5096007308459464,0.17922972571502913,0.7358735340866058,-0.7058264015666996,-0.479611495084455
41.85934823152941,-72.75159278703534,0.07565105013836737,0.09143520234734859,0.06789213319072637,0.46893836897790864,0.16845258027898985,0.7470630565272933,-0.6736634023224592,-0.471430899747227
41.85969129985295,-72.74764416990966,0.05127742525473952,0.06691932461782625,0.03266652097492867,0.49742379091049754,0.18033478157265537,0.8767511111125939,-0.762841708256942,-0.46784950011934234
41.859688556384434,-72.74350450443748,0.05997639227026911,0.05009906038304806,0.07571459391486511,0.4802986440051839,0.1871858165363131,0.7276518300244055,-0.8110886982784625,-0.43913056377534676
41.85954846496024,-72.73919939028137,0.0599701923089036,0.06975118116807491,0.03220267865706491,0.4680930373251342,0.15686969402486692,0.8712654231154332,-0.7406268255016836,-0.4979870441681925
41.859590315636545,-72.7358342312375,0.045556170960375134,0.0803886295895611,0.030703868716644274,0.45848114177774,0.18115258967127912,0.8744692986990176,-0.7016398623155757,-0.43357399472695707
41.86005241743506,-72.73148030457172,0.0795643287742932,0.05195036462153706,0.053761593027766175,0.5813137070638746,0.20134057895799218,0.8306922249377092,-0.8359282740191692,-0.4854929371654476
41.85974122197113,-72.72749503793054,0.06621236616455739,0.0553259171916369,0.04651528501513994,0.5076286214707619,0.18791104804422926,0.8321183920974025,-0.8034444581507652,-0.45966835169800724
41.8596056659412,-72.72256345554244,0.04034021322571098,0.07998793853968647,0.08201039852635013,0.5763002871505731,0.22623514618090984,0.750845914214438,-0.7562414335391798,-0.4361989844067991
41.860044078626885,-72.71898313601629,0.035814742206785474,0.05927919357132655,0.05614151555422597,0.5673364958956444,0.17887001238180963,0.8199085949361025,-0.8107956932206651,-0.5205884419456114
41.85919441404058,-72.7146624204841,0.06574156020887097,0.06071991617173127,0.0612069371017199,0.3999849723000335,0.18091697777159693,0.7345706381488089,-0.7364042896390816,-0.3771169893670068
41.859703186235954,-72.71066414759122,0.055477261799303165,0.11830187900920547,0.08401869570792522,0.42940105674187146,0.13575298477040365,0.6727095313063916,-0.5680071393191437,-0.5195894400501953
41.859769819051536,-72.70703392668138,0.04110537046483455,0.1122076958409168,0.08549045279066969,0.41222697902096606,0.21863504308477383,0.6564699272055069,-0.5720813240639808,-0.3068689018400666
41.85978365591971,-72.70280746248395,0.07357970536905703,0.11920565925034919,0.08806771109304229,0.5503148437671284,0.1683161602281713,0.7240911098758568,-0.6439073673977169,-0.5315644348980184
41.85934049713715,-72.69853547931548,0.04380872639810858,0.0806867887724404,0.04584747219813725,0.48395209206732104,0.13434953710649797,0.8269252174199028,-0.7142003800643745,-0.5654239588984514
41.859338474283135,-72.69468407069579,0.05097511719091064,0.07542012200376598,0.06478705885170738,0.5605697762772631,0.2373329255019166,0.7927997098221657,-0.7628260379367233,-0.4051081041016485
41.85913213200133,-72.69052800661856,0.07169960315728655,0.08700307757476743,0.06829068948877756,0.5321313089295886,0.17195863842632553,0.7725243589719591,-0.7189525263941859,-0.5115435490249906
41.85917468110915,-72.68678878029802,0.045396412247018715,0.10228393041994795,0.05124618859440688,0.5080821599470242,0.22889095332769313,0.8167581216720292,-0.6648439943364105,-0.37883499627110345
41.85953825279525,-72.68221740196574,0.058058383660508264,0.05742717081025969,0.04233610406351798,0.5522541551405438,0.12335699584769584,0.8575957025593037,-0.8116157790442359,-0.6348284196693399
41.85990459298402,-72.67856805950414,0.03579618484871185,0.07732385525340033,0.08788612146173588,0.49737883843153574,0.16058914242068134,0.699670653518151,-0.7309083249371687,-0.5118633517312434
41.85972770260486,-72.67460720841856,0.06097082599506555,0.06875323016621959,0.041837666277406524,0.4837335173075279,0.2038306625299568,0.8407916279122051,-0.7511135589022014,-0.4070934219460502
41.85991930489041,-72.67062053234835,0.06462170421550008,0.0838785482780127,0.06400315546755946,0.5215708427514865,0.15072306173255545,0.78140028190385,-0.7229213555392745,-0.5516155635882815
41.85943183493559,-72.6666832406971,0.060234406765668,0.08926679461280576,0.08120072849607554,0.3806731812689885,0.23495003219008886,0.6483857313465533,-0.6200927812310254,-0.23670834025264773
41.85958376892804,-72.66211317393851,0.07311274164785654,0.06799713344766191,0.06670718826342353,0.47517489924821354,0.24145461283036526,0.7537944515946342,-0.7496294751768495,-0.32613823806940945
41.85970155689343,-72.65838368757557,0.07067203732881279,0.06580519423246192,0.06693428110557081,0.5529276183656441,0.21141060197269462,0.7840348594979935,-0.7872904333095221,-0.44681399844400693
41.85948069783175,-72.65443866813794,0.0578104221328123,0.11498435342068053,0.03868858629851623,0.4460413202146849,0.22178896153171512,0.8403705412904512,-0.5900923653792937,-0.3357924383071427
41.85981768697213,-72.65022748590995,0.06864397788636464,0.08769988969509926,0.04125705517235156,0.39720640416847375,0.1591601981960215,0.8118107482234603,-0.6382810831497545,-0.4278585467941151
41.8597275487474,-72.64597527081933,0.07173303311057441,0.06978386395076351,0.07813479015564354,0.6128315491668519,0.1631549828067314,0.773839083877064,-0.7955397355238456,-0.5794901687487389
41.859166094504495,-72.64209195407906,0.062372665384534266,0.1193826104407004,0.07850231487222141,0.4120192124232194,0.153453244770543,0.6799230594218568,-0.550687990502917,-0.4572565195055598
41.85956295434789,-72.6380249845352,0.04227057848139592,0.08567307198700963,0.050993357703806044,0.44754273806871947,0.17306832372344785,0.7954276204422577,-0.678655169740539,-0.4422647794137913
41.859791544347345,-72.63332960994478,0.05127357965383708,0.08087080962025171,0.06035963872917889,0.44616820143773306,0.21809274572321208,0.7616729666456672,-0.6931126238343889,-0.34335219718894616
41.859586784213235,-72.62965757081086,0.040492257161569935,0.052158573011868534,0.07855650696510653,0.5809800987455292,0.15136208356510544,0.7617827235518985,-0.8352380755164033,-0.5866356268389774
41.8600918474976,-72.62536184256508,0.06421061676161403,0.06310651443872772,0.0887228029413916,0.3667025983116382,0.24658977421812067,0.6103739374339462,-0.7063509703881959,-0.19584920581690307
41.859398176876255,-72.62133743115169,0.042534662521615016,0.06817439962952374,0.0896801691976126,0.47375497298841995,0.1355363734322153,0.6816663978406857,-0.7484011641583922,-0.5551015971966707
41.859231144176476,-72.61721007424539,0.033627352094611325,0.05169264406903791,0.05779384570943458,0.5979497394138018,0.12220486165482695,0.8237303512513259,-0.8408581540141973,-0.6606149249800289
41.859925790955096,-72.61347840554507,0.040953023275912534,0.09926528497588158,0.07487239587080821,0.5009341189035068,0.14629320655003603,0.7399390456700403,-0.6692256462293015,-0.5479387201474492
41.85955622251571,-72.60889803869976,0.05998072471962086,0.07957823638964859,0.04281491710758159,0.5557222864983744,0.1292163850620584,0.8569348175864819,-0.7494784483164202,-0.6226921024398385
41.859614215132396,-72.60554657429164,0.04116286449407072,0.08383274392875686,0.06121196216397026,0.5096461193694566,0.2371544358025403,0.7855440287381269,-0.7174870105302057,-0.36487879083613994
41.85976543597801,-72.60143052392179,0.04724859525841331,0.09398287927977975,0.04998844424572574,0.5573438615914417,0.1446877027922557,0.8353835494496874,-0.7114109604833135,-0.5878028563593866
41.85956571325315,-72.59727410518046,0.07380425026489339,0.0976654290738541,0.061202919091123756,0.4310910670975793,0.23941680919266017,0.7513562188116438,-0.6305844759127497,-0.285864289865478
41.85964765083942,-72.59319370086006,0.0676361918835378,0.11394947410553809,0.048801204634267396,0.43875395277934326,0.19095481805811304,0.799812579593461,-0.5876650349436975,-0.3935138689456073
41.859465406823844,-72.58901919119235,0.05684651334182095,0.06482988210342465,0.05138323603084305,0.5312345441542567,0.12694645169666974,0.8236125371439286,-0.7824735741723382,-0.614250631674506
41.85985133862871,-72.5850664372655,0.07104334781605434,0.05820329522235607,0.03463228325108251,0.5623801144998944,0.13163589213915602,0.8839813599129708,-0.8124239407289161,-0.6206545933237579
41.85978439502815,-72.58094948375899,0.07108497294594703,0.06279958781404374,0.03506502441345245,0.4116700121059114,0.24117755452534054,0.8430164569734502,-0.7352850938199695,-0.26115201510258546
41.86003347753332,-72.5769143053216,0.04030570705956632,0.06097893215144522,0.04327220436174365,0.4053618647242908,0.2354644229041042,0.8070935430744322,-0.7384791012925509,-0.2651224600179128
41.859547136365,-72.57281634312527,0.032071235416852736,0.10787843813594337,0.05554483418649518,0.37084549974671804,0.22387067693502022,0.7394648529007445,-0.5493083608349447,-0.24713439548887745
41.85956962667556,-72.5687369441404,0.06761288271038224,0.11872393310771075,0.07991237343785412,0.415059578930673,0.1731979760468355,0.677103427556008,-0.5551607330307593,-0.4111491655947961
41.85978776689548,-72.56478335313516,0.05732518093243234,0.06663529831750825,0.06977705166519763,0.4423761749435532,0.12717314498382018,0.7275149387333552,-0.7381776175275625,-0.5534253469039809
41.859089755819255,-72.56086283112526,0.04518583863044082,0.059073736013303034,0.07411357039591884,0.40958165107989114,0.19870902958521552,0.6935526045934884,-0.7479011758311189,-0.3466642317520086
41.85955989902903,-72.55664353870274,0.04423183175625446,0.05431288652656557,0.04919088945196724,0.5113117884855035,0.14025358738954763,0.8244758093467844,-0.8079543240386158,-0.5694872914289305
41.85969503448096,-72.55224269953011,0.04019504436347682,0.08714316707195464,0.053486453044954814,0.45323535241394264,0.19279846595920824,0.788892238428475,-0.6774736081113643,-0.40313197087819536
41.860100570345814,-72.54849814334538,0.037484015233322426,0.06217854360499085,0.06931304688273218,0.6189645196946397,0.20464379498794008,0.7985898415158053,-0.8174288282294702,-0.5030555390475625
41.859811998447505,-72.54450655769847,0.04416543097950535,0.11106133813059714,0.03403146571084635,0.3776555433717689,0.2431911731539905,0.8346731135059104,-0.5454982533478968,-0.21658223622448577
41.859529085921835,-72.54051345647706,0.036644326005556116,0.10377826674903617,0.04408862703520032,0.4427056297610958,0.2368688789365028,0.8188613508903838,-0.6201964324593338,-0.30289062963688584
41.859646151356515,-72.53616471638912,0.0743638027120923,0.11096117498602692,0.030534435229398967,0.39271812443243576,0.2394208130876365,0.8557152955965818,-0.5593975169750263,-0.24250572500120932
41.85977257931184,-72.53212728887225,0.03125261204687256,0.11673903159123908,0.05843106495029651,0.5623326751862436,0.14860018113543172,0.8117445940465393,-0.6561805463955459,-0.5819571994343311
41.859434787653555,-72.52842136077703,0.07380129180242082,0.07020059549232169,0.04972799902534927,0.49866964267931124,0.12520072432980478,0.8186425496988905,-0.7531929400351522,-0.5986322449324626
41.859577329798256,-72.52425661535293,0.030241340112817167,0.0946602462016172,0.03305765868928459,0.5443889083275644,0.22421819991964248,0.8855040082407486,-0.7037465880966294,-0.41655965053207067
41.85931917599113,-72.5201258442298,0.05807853022889835,0.07152930459478343,0.055476823113998444,0.3735051353981538,0.21192320246164484,0.7413559147969302,-0.6785448578050784,-0.2760063401222054
41.86370806017726,-72.77982336442679,0.055310535083669767,0.09550626626024264,0.050591933484388604,0.4695527148800682,0.1963588815523821,0.8054697529101955,-0.6619600096701153,-0.41025540746142974
41.86385760929398,-72.77573598170034,0.0427217201285155,0.10930845344195403,0.03330386830814305,0.4235207467358607,0.1340597319224392,0.8541940726861444,-0.5897054688238713,-0.5191376418162066
41.8634175212137,-72.771962167557,0.056549766063643515,0.10678835414965958,0.0640492898602244,0.412820075489389,0.18973484195189552,0.7313759510919008,-0.5889660442043204,-0.3702322013814315
41.86411104300591,-72.76782264280335,0.05209847741916949,0.08703681473799477,0.0628834903415721,0.43385042533210066,0.23104942563758218,0.7468121730472572,-0.6658132200501502,-0.3050098438114487
41.863216903039785,-72.76368465376854,0.0670746107928733,0.10896196396992566,0.06856417637819749,0.47661518858639307,0.24677670801168555,0.7484711242412826,-0.6278476252215252,-0.3177233276396616
41.86423814332603,-72.75958138682793,0.0595556373630665,0.08012988183819926,0.06331790260130225,0.6109722023840106,0.1508748299926344,0.812193884699876,-0.7681098533268637,-0.6039235605552787
41.86363058543051,-72.75534006573872,0.055199928160184,0.09992376090624225,0.08731039083785247,0.5359409910087831,0.24833277022986155,0.7198228728216857,-0.6857075011461063,-0.3667191674558726
41.86396399250146,-72.75126189815751,0.045326737544938725,0.10509867458252328,0.041190883349038185,0.4029713134104771,0.17352564887987987,0.8145232365583767,-0.5862826891323042,-0.3979997806389745
41.86391243194659,-72.74758661828703,0.07450835164222541,0.05970624002893298,0.06280529561696616,0.3738681937825407,0.14879414330816332,0.7123466519420123,-0.7245859747583993,-0.4306299392590776
41.863450497949565,-72.74334501018333,0.0577439496126537,0.095014637617585,0.0791343850336643,0.40055206709440627,0.2166397220699046,0.6700578693327933,-0.616541479828413,-0.29798248818818934
41.86380767371129,-72.73951117660569,0.04723476600263358,0.0519389544217172,0.03541106290446702,0.42662243601529837,0.1516051013764658,0.8467164697483704,-0.7829371300752563,-0.47562130278223197
41.86373791415775,-72.73536892444743,0.05889337587883426,0.10145248913602734,0.08997607878796512,0.46075202840533275,0.18791530538817774,0.6732468250203733,-0.6390904520664449,-0.42061116508143265
41.863565534596596,-72.73140122964993,0.06985082753620657,0.05450952442687178,0.07277701704721792,0.4180225931690769,0.15313722055040138,0.7034349028307291,-0.7692875366686435,-0.46376752400296206
41.8635692106432,-72.72741032306986,0.037961391125419866,0.07201580366747563,0.07296726025500339,0.3910405381666835,0.2304621019254578,0.6854912331077191,-0.6889544655312478,-0.2583712857879719
41.86400641068034,-72.72263952013267,0.03401991991877471,0.11681508710109197,0.08445193529827934,0.4013212533524172,0.20620329594875664,0.6522989029803952,-0.5490951783121515,-0.3211688443341125
41.8635876525837,-72.71888262559536,0.05887267797046321,0.1095317751096879,0.0604028458464429,0.5994220417796988,0.12621424659967964,0.8169124960904256,-0.6910044843533795,-0.652128074020212
41.8637908371305,-72.71518785595678,0.03779710504865581,0.08016651376263631,0.06724589535968001,0.5911743378379628,0.14073840247566596,0.7957356351790779,-0.7611749275453603,-0.6154230013393162
41.863902184976425,-72.71085113285429,0.05050022813559578,0.09234604323421083,0.0636003313929997,0.6127563578326809,0.13839905910918626,0.8119325722473099,-0.7380634554797095,-0.6315035317920176
41.863585178465755,-72.70713978433041,0.07520761290276631,0.05825594957943273,0.06849018083279326,0.5768297098130268,0.22229459518376804,0.7877326212144182,-0.8165414421885642,-0.4436545258508697
41.863650377797526,-72.70312529237951,0.0357673362184276,0.06069775754444162,0.07237726259885106,0.6082764729734483,0.2024326673538162,0.7873301538909631,-0.8185348410283244,-0.5006034660665135
41.863583885691625,-72.69886600834138,0.03626787755881223,0.10935776716625431,0.04167031099324637,0.38497879085311115,0.21433900737993095,0.8046623756482092,-0.5575574357501988,-0.2847233704326393
41.86368035236054,-72.69458711193104,0.0557754152375585,0.05561605055864281,0.06334729224411172,0.4796442806884942,0.20689411623450416,0.7666730188758412,-0.7921906507472375,-0.39728319009749646
41.86404970146721,-72.69089797027094,0.06298276695299893,0.052491763556874474,0.03694769656762077,0.4265589944550726,0.13382632860793445,0.8405731900607588,-0.780850932061085,-0.5223774674309676
41.86359811101643,-72.68617817691575,0.05278799910911072,0.08735788035697356,0.04529429378292309,0.3520755553185294,0.21759414410306382,0.7720295393052883,-0.6024067662366845,-0.23606909644660676
41.86395679431586,-72.68271815907427,0.031055104120240547,0.059591451407345425,0.07272846292585672,0.43911988208249,0.1282905070963574,0.7158202673306653,-0.7610182588378652,-0.5478034609763894
41.863514914779365,-72.67817996688584,0.071880287780557,0.11138532087832197,0.06821339531922446,0.45411125913009043,0.21994260194571413,0.7388084413088194,-0.6060619115444872,-0.34740348020651945
41.86365420897195,-72.67447194322885,0.055545367733492806,0.11708414331434785,0.04740202166930972,0.5131299304115612,0.22504683804039824,0.8308677266538026,-0.6284305660705707,-0.3902630165066098
41.86373348419198,-72.6701696983742,0.04975054863228162,0.09895399104195371,0.04741182731882421,0.5253324130559074,0.143949419668074,0.8344397936230528,-0.6829852760130205,-0.5698391540610062
41.863419596442625,-72.6663913708799,0.07054531585749303,0.08475543042047791,0.03881071956292815,0.45761433209831537,0.13802826721655712,0.8436391578827401,-0.6874625531229126,-0.5365399742217171
41.86395631961925,-72.66212740133761,0.05457157360195065,0.05625720989964237,0.07300011548368912,0.3700290053021227,0.17150150422867602,0.6704500356355492,-0.7360589768401713,-0.36660446194519664
41.86401119599644,-72.65798947317731,0.056677460400250304,0.10037827292820534,0.059231384086667296,0.5716166628209525,0.2392603003200207,0.8122166363928174,-0.7012528887102372,-0.40987273977242183
41.86376659529741,-72.65411721961226,0.07645179857429388,0.10827617871608558,0.047557956036190355,0.39706965747809586,0.21451147804018006,0.786077361861097,-0.5714769135864416,-0.2985019792724794
41.86353035606868,-72.65025542751115,0.06218112203540351,0.10809077153262436,0.07242997166491741,0.5296487825517876,0.12605494469548303,0.7594003403785684,-0.6610190763914344,-0.6155124960943014
41.86340984403591,-72.64609576416645,0.034618502397487996,0.0878703257193173,0.032848742033653594,0.5965695033332322,0.17854432443164214,0.8956218944225037,-0.743234329770219,-0.5393081169858774
41.863914968695724,-72.64181203810075,0.0723797625052481,0.08346468414329085,0.06352655517677178,0.5250907285633349,0.1901867728739946,0.7841498816578388,-0.7256956970538762,-0.4682154199123563
41.86342656321261,-72.63749198137266,0.07032356853985955,0.07143162443929763,0.08532295770294648,0.4455521033558534,0.15540232880571933,0.6785572954481051,-0.7236600666564824,-0.4828149340815982
41.86347300920955,-72.63389341853129,0.04584653029047993,0.10906251238193568,0.06366916083107893,0.6112642531230856,0.13091422479884446,0.8113320232345091,-0.6971860061163438,-0.6472163268183173
41.8634902054264,-72.62995786183967,0.05294250423402641,0.07679145157733713,0.07084649490671804,0.5512700995859229,0.15095217476854073,0.7722404593161641,-0.7554652042141144,-0.5700729518803501
41.863342124012114,-72.62565488764439,0.042099365025143706,0.09736368049848498,0.06106185898577268,0.5732837948414775,0.24756536549622765,0.8074807997268899,-0.7096427435318989,-0.39680667908735656
41.86368318180915,-72.62158734237228,0.0688586118577168,0.06043863880537744,0.0801556984315203,0.48000697432173867,0.21219091325602502,0.7138127821422069,-0.7763377578155606,-0.38690678759927066
41.863451837313626,-72.61756903701469,0.06805823517249454,0.10772366166825242,0.04925471634823239,0.6127471320097391,0.2060069810634819,0.8511946259050371,-0.7009631407310075,-0.49677936812988255
41.86363299509544,-72.61302672535359,0.036189160970544955,0.07354876121425805,0.08015615828919474,0.5989351376057103,0.21829214486687343,0.7639311274530027,-0.7812623875655115,-0.46577372158596114
41.864204895396526,-72.6093784613486,0.0562513744963405,0.07781101573261112,0.08313784777753935,0.5031615524681431,0.17096862574125932,0.7163979777475421,-0.7321353193195047,-0.49277266834314004
41.86314633677244,-72.60518410745429,0.06066292392656901,0.0660285580080943,0.06000465474238033,0.47572772398844704,0.16035255576385518,0.7759901879198197,-0.756242575481512,-0.495810321847115
41.863539664086794,-72.60133500900649,0.05462744974811029,0.08087326920545473,0.05801176003474694,0.5030294005179188,0.20882864458748773,0.7931996291409307,-0.7229905825100309,-0.4132857076678371
41.86362375255467,-72.59710122096284,0.06864183836147819,0.11354217466706334,0.03267941916225136,0.3698087052772844,0.24139785851222678,0.8376130018357316,-0.5301873674870048,-0.21009402446352005
41.86376001812584,-72.59378158127406,0.07141110658969664,0.05844930985133591,0.03615150319338386,0.6138701710635159,0.15312696395869488,0.8887683145805498,-0.8261263833325145,-0.600710466919122
41.86357448147404,-72.58930965194945,0.0600337256565357,0.1088019980737714,0.06941455118386664,0.36258649791505304,0.19737461467238748,0.6786371175317583,-0.5383765238244133,-0.29504170830589055
41.8635653068466,-72.58491125751186,0.0681058950370397,0.09388253587404598,0.030572830622043256,0.6066498697154009,0.17792534674671914,0.9040434981181514,-0.7319680428058124,-0.5464415826208818
41.86386500232415,-72.58053911330194,0.048721446980066085,0.07154383777361004,0.04787718848968685,0.564164308157773,0.20396975021517832,0.8435492078496618,-0.7749160893045018,-0.46892147798465383
41.863660354146724,-72.57712448211457,0.06617410027066273,0.08599880411825994,0.0897460209212369,0.42653940374458815,0.12759923297644993,0.6523395136350145,-0.664419928899144,-0.5394681961485918
41.86364675829148,-72.5730486869021,0.05489589860418262,0.05547617413643173,0.06394791655055246,0.5932350526165004,0.22359216591606934,0.8053877852872442,-0.8289649636121981,-0.45253497718219354
41.86346982130854,-72.5686780973292,0.06651502829164106,0.08459444689973568,0.05410798908527011,0.43279698584085224,0.13295038742369952,0.7777472325334944,-0.6729963368289864,-0.5300008671484191
41.863441973881315,-72.5651639197864,0.03594514476692522,0.06877888239910877,0.0772321746108279,0.41901309321372787,0.17534348859597793,0.6887338595715019,-0.7179991232422446,-0.40997208086065284
41.86358910892265,-72.56067588639738,0.06781728593213321,0.054667194080164655,0.04710156863575134,0.6148280122977601,0.18186607880553948,0.8576840498068554,-0.836691305451094,-0.5434481544762487
41.86322877969128,-72.55659827636948,0.03980693396529207,0.07585394657777217,0.05404239826574061,0.4122844642426138,0.15041789555213914,0.7682209513942706,-0.689211318362393,-0.46537314822349624
41.86329506918491,-72.55197692670522,0.03645727232496236,0.09013114341986114,0.05696028402763377,0.5152220357730736,0.12350473686915317,0.8009016285317129,-0.702219641300884,-0.6132783463631873
41.86331031490295,-72.54863468030445,0.05620701493657066,0.10885882237148292,0.053979759163779645,0.37130954988033843,0.1690807421674879,0.7461504062488437,-0.5465806218723936,-0.3742273143851234
41.86387918166235,-72.54459337981734,0.04673582565825922,0.07205705777302415,0.08328104606906288,0.4177608208819473,0.20351804962812578,0.667568514480225,-0.7057802056107417,-0.3448415541283854
41.8639868319914,-72.53998611176682,0.03948124630567001,0.10067567987122766,0.06300384655595478,0.614251111330089,0.24922733691391416,0.8139434910816675,-0.7183608696435653,-0.42273640431732673
41.86390359375695,-72.53650776854576,0.0534503472163355,0.109815908117457,0.06830899746547614,0.5873217362407126,0.22391760729941232,0.7916235650536547,-0.684952006232397,-0.447961667336621
41.8637977522114,-72.53203494925722,0.04612819496730021,0.0987161493737505,0.05886389856853427,0.3618390151723912,0.21652200764520374,0.7201640556985375,-0.5713167195897967,-0.2512565712316646
41.86387546678272,-72.52826931624875,0.05311421870607592,0.0852118796081366,0.038345453294424695,0.5519033489532797,0.2304183899417894,0.870070203790663,-0.7325071642046855,-0.41093701354323514
41.864032024682665,-72.52422233899888,0.042875031968976296,0.061251106572074485,0.03403771566463652,0.5448103286967949,0.1410739451689447,0.8823949877823775,-0.7978716248629104,-0.5886363033990203
41.86341982871681,-72.51950950983925,0.07020678331486217,0.08042888891374561,0.07409075183231711,0.4697858054751677,0.19003929501582323,0.7275457055949945,-0.7076454346495686,-0.42397070110121404
41.86780354750259,-72.77985695755818,0.0742254756555845,0.10014091802787292,0.07479240807575764,0.4143040118096748,0.13171655983491276,0.6941608851143205,-0.610683623378325,-0.5175399364965724
41.86780402332922,-72.77599624450362,0.03750011912163477,0.11994340152761877,0.08766285966243492,0.3578777243766868,0.21425748649710524,0.6064876565554913,-0.49795689212937755,-0.25102499400489253
41.86778759705245,-72.77153794122329,0.042015521852010726,0.10813819361762149,0.08362513954527423,0.36090842032391485,0.15510495471301672,0.6237623113544802,-0.5389021457423836,-0.39883358759095844
41.86818168658365,-72.76774872388357,0.03438234390717333,0.1081019735083045,0.08603879397330427,0.458773572400982,0.23144043036958173,0.6841525659709581,-0.6186042093775435,-0.3293661692154467
41.86788376249678,-72.76402058558921,0.070952507496988,0.08311207319647693,0.06286296395885632,0.4241597820945411,0.21258401876374325,0.7418479343387219,-0.6723174277082801,-0.3322776963758565
41.867855563978395,-72.75937222174942,0.05399604771067322,0.0769718740086624,0.04437470022963804,0.40180990756219226,0.23191663298511997,0.8010926443686679,-0.6784678240841904,-0.26808609661565613
41.86755322482896,-72.75562960378288,0.0722890225474799,0.10776123406980728,0.03665322341422963,0.5031671191315721,0.15972967917521363,0.8642021408775653,-0.6472213689048211,-0.5180858330189386
41.867663172900016,-72.75191183712722,0.030425379498243345,0.08594972574029863,0.04750394040358473,0.4941829430426995,0.1342794787301841,0.8246073816616776,-0.7036894132488559,-0.5726730061237916
41.86756305876719,-72.74760270711718,0.040553172521833235,0.10387793102650165,0.03226694569916947,0.5100623151961721,0.1852290114600365,0.8810060676206208,-0.6616024713622519,-0.46719021406224376
41.867841419657005,-72.7439313733046,0.0666193466252133,0.09940396789677715,0.0353578780828974,0.3794859398578366,0.23443668776244286,0.829536434900188,-0.5848567017715798,-0.23626633971391736
41.86793456757955,-72.73932804458772,0.06421400821968669,0.05425062558123961,0.08685939070549695,0.3562124319156851,0.23038852646454977,0.6079218480126185,-0.7356613483704507,-0.2144965903202228
41.86804203523885,-72.73521243383624,0.04887455395352079,0.11809890846398755,0.06173866711668833,0.36600565036997595,0.2424004425241818,0.7113291066988252,-0.5120933843364499,-0.20316234385130874
41.86772098968314,-72.73138399172137,0.03227129540737878,0.10784344284089145,0.03918115256347633,0.39832538157404324,0.24273499556933917,0.8208888347657881,-0.5738835043207394,-0.24270785023093705
41.8676413873982,-72.72724936105753,0.059322737238381315,0.0670164762956557,0.05965591067418104,0.4403480626024944,0.2009414498217108,0.7613782535237149,-0.7358251467822476,-0.37332064245956204
41.86777643934943,-72.72286481583915,0.03719565138191024,0.07490184236171941,0.07548929302791485,0.5625120645774424,0.22212162444719602,0.76335695174301,-0.7649820892004214,-0.43382083243631636
41.86740132832879,-72.71921375458831,0.07842865152951155,0.09387546689045304,0.04376090211356888,0.5142129994460706,0.1457184272363154,0.8431435520864,-0.6912440472485424,-0.5583831248380683
41.867455781755474,-72.7150663826777,0.048138777794308585,0.09962215556455495,0.051784602675650784,0.35085006832291965,0.23920236908695564,0.7427712693135925,-0.5576990088097419,-0.18921657154075755
41.86757715962808,-72.71156424623734,0.04261438127640184,0.058689816561822344,0.08439280489325565,0.41215631877225006,0.24228412761921092,0.6600827556787479,-0.7507049026953104,-0.2595686010693602
41.867822021841725,-72.70678190945814,0.03052260762083121,0.08382915166520491,0.05215287198029553,0.44033815491214756,0.24898031817973618,0.7882078286405597,-0.6801435319856828,-0.27760439361807737
41.86819565240302,-72.7028434755935,0.06762208774203851,0.059069814056978476,0.08555570724842808,0.46512428066065525,0.14478617855456258,0.6892725026261414,-0.7746261751048628,-0.5252215259896956
41.8678644460766,-72.69888854738677,0.0765278997322951,0.07141255287719728,0.03857105323040613,0.5694832092128286,0.14772368581799739,0.8731328579938803,-0.777147682661175,-0.5880583780175507
41.86798052768285,-72.69463826081292,0.03037028424821539,0.1082694415572652,0.06376257390068757,0.4166409738265311,0.18156718843916472,0.7345457825932082,-0.5874745922955165,-0.3929631860873167
41.86769772291615,-72.69053600679423,0.05858220606020757,0.10401775119513297,0.05796524520453704,0.5623922092241755,0.12900167688904313,0.8131230799574505,-0.6878265410988621,-0.6268359339587258
41.86767868141469,-72.68676680688141,0.07182886698032137,0.08462422486074145,0.03628304437167092,0.4471466500490015,0.23938297988622204,0.8498931911282305,-0.6817267403932017,-0.302628846743851
41.8680233236584,-72.68195057896375,0.0489922940493383,0.09121535694542385,0.043927318256216846,0.5249177485902672,0.15392224232712043,0.8455561247995435,-0.7039102228856295,-0.5465139226134595
41.86798071837018,-72.67814144581166,0.049304480875515234,0.09616373522384561,0.04950816922120048,0.39202629632700725,0.15057391331188683,0.7757449391420381,-0.6060397426864355,-0.4449913190704615
41.867820818859116,-72.67391825871059,0.06391780000476327,0.10177629511004886,0.0574283522205519,0.6167043490167479,0.23583267868621038,0.8296230041499302,-0.7166902241778765,-0.44675088348566266
41.868142204349056,-72.67075870803473,0.0754238354265076,0.06541849458693214,0.05270376153194217,0.6056758131563056,0.22088810870957373,0.8398985522693406,-0.8050393399791391,-0.4655268567470437
41.8675454720942,-72.66623271044375,0.0385587836206448,0.09894918121212201,0.07816807740694984,0.4111494645577224,0.12563678147058244,0.6805016346109519,-0.6120390358504589,-0.5318926950898157
41.868091018433425,-72.66179279377556,0.06471453186535162,0.11242083035066726,0.049017181279759126,0.5178708965334282,0.12348314269135462,0.8270657535475203,-0.6432736602575132,-0.614929866690756
41.8674920646363,-72.6580039241811,0.06741926738491708,0.0698671166985338,0.03491726238709569,0.36696195586188585,0.22590585106826677,0.826230067136923,-0.6801169103099466,-0.23792168025449437
41.867632653763934,-72.65378087378718,0.04326328321687408,0.08788904341227471,0.045714995570248995,0.36352262967627624,0.19049625794017933,0.776584591689436,-0.6106035858092044,-0.3123113229595923
41.86796401090504,-72.6501166671424,0.0600779451987796,0.07195624951572621,0.06382832596363733,0.5275987603361291,0.1316408414118576,0.78415487744068,-0.7599678150183218,-0.6006282357345968
41.867462564185956,-72.64571462896397,0.030346679382373187,0.053586110689354746,0.06553288735204157,0.3727624230529211,0.23290520689692235,0.7009646884357831,-0.7486276768961654,-0.23091413382547887
41.86771094159368,-72.64183753957394,0.058662259812674436,0.05071763387829912,0.036551688814704296,0.616827304663363,0.17941301525851266,0.8881148944806679,-0.8480472820628427,-0.5493495851199395
41.86785428548542,-72.63754214517559,0.07586724151870336,0.08838684078646386,0.07235652613380725,0.5606327069542489,0.21550732978482962,0.7713814948136989,-0.7276296496950044,-0.444668952550689
41.868115652853945,-72.63395941624975,0.05636642604067331,0.0681652287030453,0.03024402689091498,0.4468192796093233,0.1307361372871829,0.8732074905832236,-0.7352727019831088,-0.5472775998199672
41.867504507314166,-72.62948094039069,0.07718372084230438,0.05738600996379539,0.04642499999980715,0.5741211032179698,0.17223785402553615,0.850373728046715,-0.8182569641229738,-0.5384583989943539
41.86777555741983,-72.62555433931522,0.06019656564237946,0.06128003546203099,0.05113693235382728,0.5178739688635821,0.12347986555393949,0.820260271835148,-0.7883808624153862,-0.6149399631606348
41.86757595623338,-72.62153152120483,0.06372972943894287,0.08567121502296526,0.07312392796445964,0.546252752250241,0.12403711599125095,0.7638789760728092,-0.7288559400820253,-0.6299000719892639
41.86785587952578,-72.61722480827738,0.043553415967026096,0.08391674441390568,0.04848899709235133,0.5947933829677932,0.16976646890015,0.849245063768674,-0.7527169817322855,-0.5559105844090999
41.86784453673063,-72.6136392379688,0.060034694732698596,0.05965087313686583,0.06756101046567942,0.5645008908371316,0.1639193517027024,0.786220272646011,-0.8088577920310072,-0.5499319153153864
41.86772352624818,-72.60936811231895,0.05552083575299781,0.11993871566285297,0.06040757082436682,0.5237107079037222,0.22316662675303361,0.793166647837477,-0.6273166376868595,-0.40240085915689267
41.86771233558358,-72.60517766523282,0.07864949293786345,0.10125814048260291,0.053596918531448476,0.35477057485101204,0.14163196112450546,0.7375064401551091,-0.5559133138862717,-0.4293664884440045
41.86778556497433,-72.60119772497644,0.057742766754666025,0.061240824076644405,0.06839143858258673,0.6076451381820507,0.24875856005774596,0.7976694133625338,-0.8168871002469649,-0.41906238712179744
41.86758035345607,-72.59733850821686,0.057370468903645236,0.08523148834370863,0.03934000352639696,0.5806918261768483,0.207852821800516,0.8731032774713338,-0.7440201101681729,-0.47281914262264435
41.86772216317045,-72.59261854686919,0.03765796493840221,0.11111185339241844,0.04076483691733289,0.36990398632145827,0.20132867614685962,0.8014709926317956,-0.5380116652353433,-0.2951079678220401
41.867607886889694,-72.58855681129678,0.040342970265949234,0.10521346565430775,0.08577511198407123,0.4786519536007514,0.22296064647081204,0.6960630798411601,-0.6395968585070605,-0.36443374463893496
41.868068740202354,-72.58482047055134,0.05786102297107344,0.10902476395049447,0.07655406575107412,0.42671668808215346,0.1394291787233879,0.6957738347877754,-0.5929948540033803,-0.5074443287553709
41.86791281044751,-72.58078930138025,0.06395194062033745,0.0833139970895996,0.03451795833760933,0.5359115299867899,0.18277363128382973,0.8789755472179266,-0.7309090357338522,-0.491366620229949
41.868247323995206,-72.57667475877619,0.030114978591741733,0.05913407725033292,0.04617660196931313,0.5261059794721566,0.16714361957705343,0.8386230737514213,-0.797915140732162,-0.5177967075457658
41.868137667904044,-72.5725181365896,0.03541137226057488,0.07485842401233266,0.08259625538950353,0.5262061508679898,0.16157372853947982,0.7286598918120261,-0.750913871351551,-0.5301586063300442
41.867319405243485,-72.56875281229554,0.0304054947934762,0.05043143353059359,0.0864605597752044,0.42591877022846264,0.22556844558468886,0.6625134750280204,-0.7882590030082052,-0.30752763796555427
41.86785693490684,-72.56474479697779,0.07283897549199367,0.11958639217883724,0.0331153758894162,0.395261982809613,0.21397854580424625,0.8453915678924454,-0.5354500548573355,-0.29755643049194686
41.86785178949479,-72.56047471118875,0.03972337689760748,0.11618047510347766,0.0403361131480061,0.4216173827674173,0.16215875614726577,0.8253672133465528,-0.5679399856167957,-0.4444488380469256
41.86781337622549,-72.55661418372168,0.04706625378634295,0.09254932503749355,0.052071485261104875,0.38143435283759264,0.23343765902700558,0.759765702397532,-0.6094830714323287,-0.24069512183809985
41.86773092050468,-72.55225842705532,0.030818237613728934,0.0918492529618287,0.07695025979875184,0.5255165375586244,0.22240351092823263,0.7445493755463977,-0.7024478700564288,-0.4052746376349053
41.86783952886329,-72.54801631569494,0.04056666440312927,0.06867457197014062,0.060739773764925134,0.3514027922828949,0.17751830345540742,0.7052487232882535,-0.6730384552271462,-0.32875317363692635
41.86762142296971,-72.54399249633614,0.0678876692090857,0.09310143912483146,0.0553011105192142,0.43376318457080576,0.22757005673037162,0.773849323802977,-0.6465830692074898,-0.3117840068567366
41.867782335258426,-72.53997700018327,0.03567164444413272,0.06528681334991411,0.051629357515099505,0.5386902675516372,0.22988522885553314,0.8250799894743032,-0.7838102954090209,-0.40178881598445804
41.86792322083556,-72.53611864078431,0.05266021736158867,0.10362423787854158,0.04927361858550092,0.49593985352381253,0.2080122520076858,0.8192501795860916,-0.6543347429757875,-0.4090158964703081
41.86767163776129,-72.53204831081756,0.04780953185945329,0.09043793845206108,0.04622492720977349,0.40620530127715826,0.13943606805046577,0.7956594219428524,-0.635803203517399,-0.48890947098718607
41.86790205985556,-72.52818328680416,0.0752360972865007,0.10751435694278752,0.03823735339056775,0.3763930241522809,0.18489136279908724,0.8155593248272492,-0.5556407645633111,-0.3411847288205187
41.867850385272966,-72.52370610679473,0.041144037682810455,0.11516647689005245,0.04859578757971301,0.506008416746639,0.23234776896483245,0.8247550696492114,-0.6291979020085438,-0.3706350039149605
41.86772477445825,-72.51997637682504,0.06745131002036509,0.10530148725569546,0.07866289590281629,0.4559649957760373,0.16726231154140825,0.7057284248459359,-0.6247718670571605,-0.46323818106958553
41.87157876488467,-72.77990679993583,0.06038566419172377,0.07883420755558491,0.04209687952041036,0.47337125369921157,0.24605404054997898,0.8366654432836708,-0.7144750891219109,-0.3159705600655399
41.87187462927079,-72.7760071825697,0.03653920878445337,0.0836826308706879,0.047311823753649423,0.5355234073690414,0.13756619561693778,0.8376494033742105,-0.7297099004118894,-0.5912395764050945
41.87136921612861,-72.77218568331905,0.03207354523298868,0.10699004307516508,0.08435268627753151,0.556249985549573,0.23247125112935363,0.7366458493313999,-0.6773715745202703,-0.41051098837347966
41.871560168456476,-72.76774333620226,0.05330199182353908,0.10380506760515944,0.0669454373050537,0.44446485034109773,0.15442387425353568,0.7381928407690783,-0.6213358996824091,-0.4842986087004402
41.871413441012855,-72.76369723861984,0.054705135806477206,0.1188180565970756,0.03223742857972367,0.5093402737991497,0.18824932685068813,0.8809499414834799,-0.6216939238165372,-0.46028631540572007
41.871953469617395,-72.7592925920638,0.051146371150207794,0.08459888332174459,0.04400736515942755,0.35920705937230557,0.15819960467177452,0.7817173073084633,-0.6187573207866433,-0.3884902701666911
41.87150518167739,-72.7558660821635,0.039037538725083296,0.09524101159603612,0.08541884248642032,0.39646907655609925,0.13672792422702004,0.6454825318877381,-0.6126131479060951,-0.4871391848558622
41.871794122435574,-72.75148932946702,0.07069762889127944,0.10697928181134725,0.06242712462174058,0.4400624087721607,0.22488145447025776,0.7515286569250628,-0.6088806990295872,-0.32360770013370954
41.87193304316679,-72.74747707570565,0.03446051089663804,0.10959281625656878,0.0728905788131573,0.5186382966339435,0.21457077008741368,0.7535519166057152,-0.6511066898539023,-0.41470781029237486
41.87189173136556,-72.74341663067032,0.0707057614707069,0.11417358566367695,0.06078573803534047,0.3829565904424042,0.24720725321365095,0.7260313739107758,-0.5406692606834883,-0.21541911456101495
41.87172365846031,-72.73952521951422,0.03599954578574886,0.05088407346963006,0.06622040034911884,0.5153563750312932,0.15045134777386787,0.7722728858771784,-0.8202739715810072,-0.5480636747798875
41.871968705929724,-72.73518153106461,0.05177034275293094,0.07125578266204392,0.043093971718453285,0.5820125817296536,0.24789763468371492,0.8621227965672552,-0.7818483595837524,-0.40259167851901695
41.8722265546657,-72.73080714368422,0.0732773607164379,0.051885574657082316,0.08448389282977108,0.48477022807484393,0.19237740385230417,0.7031768775058993,-0.8066336955905402,-0.4318007040656642
41.871579585670325,-72.72743890867106,0.06911207204953561,0.10126368607749911,0.03574754094109998,0.5019537251154167,0.2444134062216618,0.8670356824588817,-0.6642547638761247,-0.3450584947817632
41.872102337647384,-72.72312333794962,0.03993466718805337,0.07430561910186916,0.039021484167661345,0.5719212660471915,0.22122720806542664,0.8722581317023943,-0.7700324118061735,-0.44215436255377616
41.8717571346256,-72.71948347746529,0.07823567408247462,0.11764991356076049,0.07046458761302174,0.5880720274028023,0.1769969235137434,0.7859964472550138,-0.6665828090873119,-0.5373046486811347
41.871901333954135,-72.71495217014078,0.03157897349573769,0.0529398146907316,0.07149400245624576,0.4408751596877786,0.12702801769244298,0.7209277695126033,-0.7855884594939272,-0.5526419898601997
41.871568086965375,-72.71076884157392,0.07693401076510709,0.0785584734622537,0.07665945404966992,0.6128670887308018,0.21207890885625696,0.7776461113721727,-0.7727637572059592,-0.48583565596637557
41.87134796033368,-72.70672848465165,0.07888382573442161,0.07098642240489741,0.07697930705764308,0.462071076797275,0.14020455347177746,0.7143891949129505,-0.733663169503692,-0.5344173118572161
41.872424388064864,-72.70302329121317,0.07317995597225449,0.11453149464633076,0.0746946955939002,0.49245700988798935,0.24203040543193569,0.7365971225267334,-0.6226238428215407,-0.34095424813640124
41.872104486829194,-72.69855525409503,0.05158128601879325,0.0907553011281795,0.07079936309794987,0.5701639314893563,0.12347836384435346,0.7790845007949009,-0.7253664391978791,-0.6439710649854524
41.8717519713286,-72.69405711200457,0.07764738502188727,0.07435281960792796,0.06701870756811595,0.5569680696966623,0.18713140469793083,0.7851918982581977,-0.76445316203673,-0.4970258382451275
41.87200565604034,-72.69044956174116,0.0355700330669586,0.08464332076434443,0.06837652641037753,0.5040406877703688,0.2126790984395097,0.7610954921813831,-0.7124320703902619,-0.40652092343037266
41.871912419187886,-72.68652305347165,0.06805700544742949,0.10468276579342906,0.07213763005906397,0.5512661116816063,0.24524721124530288,0.7685685047136837,-0.680820352353105,-0.38419809390229714
41.87156745791672,-72.68255224329742,0.045966728936878615,0.05098769236131512,0.06789648725453296,0.46645203864600826,0.13911356873376746,0.7458719020882241,-0.8029231645507582,-0.5405499683652825
41.871932391609946,-72.67837481106204,0.03331112703280062,0.10512295429290064,0.08412295986876452,0.5358538316631366,0.12797441337102816,0.7286254549596768,-0.6719913837874599,-0.6144351665408819
41.87236060645149,-72.67425363571101,0.0438516449685944,0.09407587679992094,0.038192567098090734,0.5410648393000537,0.2373894303606227,0.868132658551319,-0.7037636718439797,-0.39010051171252647
41.871944106818034,-72.67060593937423,0.05190474839102141,0.11002969222470182,0.07641890495263642,0.373875968872686,0.238644835131258,0.6605828340729426,-0.5452432113516525,-0.22077802559104134
41.871747491237386,-72.66575779412165,0.0696719440837631,0.0657246211489799,0.031823585154477856,0.406143025401509,0.18291841908868364,0.8546757474772851,-0.7214277281799295,-0.37894961281334016
41.87199242226014,-72.66230271441647,0.07752189966907916,0.0845688637816663,0.07938603178688784,0.40578814229549925,0.1315078201018011,0.6727524422047767,-0.6550722729212601,-0.5104827532481682
41.87171789563463,-72.65774221036948,0.052990221767876114,0.11944903178189013,0.048991834555453376,0.4777493639173975,0.20252547312330904,0.8139813832770535,-0.5999686782747577,-0.4045774969295527
41.87214523195365,-72.65386480287184,0.05258655101375179,0.062251013427360925,0.055832511582027136,0.4743803188524086,0.20329580673808179,0.7893958486961541,-0.7679933701861942,-0.4000207501453861
41.87165930186383,-72.64995516147815,0.04912250202051774,0.11787537506930082,0.07744987033939782,0.3575469876396078,0.13515623380961234,0.6439060700381619,-0.5041235570087245,-0.4513685808180085
41.87231094681129,-72.64609817160608,0.054271360960849085,0.07385026295345165,0.0883755278238815,0.47763874625781666,0.1475801318228454,0.687726858241298,-0.7321786591574282,-0.5279089067947003
41.87210882940003,-72.64185452748906,0.033652988566833006,0.055661223471296706,0.07051756091660268,0.48359489003742906,0.20115000587835646,0.7454756311821166,-0.7935629394755261,-0.41248191237895626
41.8714329693566,-72.6376635761137,0.07308949290127392,0.10198819429686048,0.07046398517963437,0.3863686601660263,0.18276758967374196,0.691510727626227,-0.5823210287115517,-0.35773695762588503
41.87163975031409,-72.63360230004437,0.04955714300824713,0.09343060739363931,0.0535473524661742,0.50055682921888,0.17133379028477053,0.8067246043755365,-0.6854121766397304,-0.4899949923059177
41.871733063051956,-72.62945003239778,0.06654662538663655,0.09296146186073406,0.05313141167651003,0.5680603884808337,0.2405837320231273,0.8289371763662939,-0.7187340726703713,-0.40497005809380926
41.87188335732996,-72.62593017408035,0.05181533459323632,0.11396180396534518,0.08257337825727928,0.5558445751391645,0.22857609036999785,0.7413187463855578,-0.6597171734383743,-0.41721043205400365
41.871499511362934,-72.62159299785594,0.05762095755709701,0.07923807443648354,0.06985756130934402,0.437693267001574,0.21615573206992944,0.7247268355690661,-0.6934290181901134,-0.338820637863235
41.871814567839714,-72.61742258402334,0.03736139591026379,0.06788681362985013,0.06841202177590358,0.44985931249985084,0.12431198640493672,0.7359992063944485,-0.737760225702418,-0.5669864145349736
41.87204303080232,-72.61355093571656,0.04171504403851009,0.07004205201163294,0.07229564569373115,0.5514919425476942,0.24465686557895078,0.7682042828150968,-0.7746155395368411,-0.3853991538224278
41.872448331767025,-72.60927075326293,0.03385222629904176,0.09293126137312026,0.030983297598228345,0.40544621216272647,0.19630740581242373,0.8580146534307509,-0.6270647599146112,-0.34754889726136934
41.87111465685139,-72.60522862366192,0.062011875423211786,0.10872580475008406,0.05357251327902096,0.4253021669524274,0.1900446673565337,0.7762566471331145,-0.5928085774104302,-0.3823169089024234
41.872095114802775,-72.60142718710816,0.052611861750494926,0.0652655125023259,0.030432994512802083,0.5334300243367236,0.2261002197769058,0.8920553627549617,-0.781974280794174,-0.4046314244121657
41.87191631342048,-72.59745763883176,0.07919924764106394,0.06881289783791182,0.0738488839272024,0.3937676959556323,0.24117208760581982,0.6841477094515944,-0.7024825565050663,-0.24033083498703728
41.871834978054764,-72.59304772453913,0.07882162592116689,0.096948316660114,0.04271073596390042,0.563668707090439,0.23675112534284326,0.8591286810490607,-0.7064916186697562,-0.4084326356004497
41.87140759732779,-72.589017488021,0.0429296511116405,0.11601798821070182,0.03966616782274003,0.43421484597702154,0.13891989770074684,0.8325901791055889,-0.5782949289750314,-0.5152277916033954
41.87126520951524,-72.58505638408019,0.04983546456472274,0.05323179057770087,0.03871169260238735,0.36016776248861426,0.1231966934529434,0.8058977863697917,-0.7424680787249823,-0.4902534022160753
41.87155514873273,-72.58143665141637,0.030738498410455412,0.0713134197402111,0.06388728426226992,0.5507999634777049,0.20812594686467706,0.7921307640685088,-0.770738191255946,-0.45152499334017177
41.8723671065101,-72.57692071160788,0.03000693640012973,0.052675349311511716,0.0358511226252015,0.613314175917681,0.19410627825922722,0.8895470145872769,-0.8418132798908988,-0.5191940524788886
41.871999914893266,-72.57328951534686,0.07221339424445387,0.07853311134557907,0.08255288613127323,0.46711274745673226,0.13481584578154132,0.6996250771859257,-0.7121462205615977,-0.5520536910989559
41.871898987370734,-72.56883043449665,0.06922691498147035,0.07813490178434193,0.081291977050239,0.47532927359437604,0.20899471449933593,0.7079091861617,-0.7176514569136234,-0.3891936622548558
41.871978761015654,-72.56430254706189,0.045673520189333836,0.11126145420285224,0.08938625908717808,0.42125754422052575,0.14149724367217947,0.6499075930886575,-0.5821315125572512,-0.4971264688763258
41.87219378955984,-72.56060187000655,0.056400012773099,0.08892701406561013,0.032712383186578424,0.37188538770270885,0.23890098865366316,0.8382967700752374,-0.61404244449862,-0.21772653123398097
41.871594842503455,-72.55643541522039,0.0403730648264053,0.0668632230302397,0.033825473457143214,0.363436077939174,0.21359809545139624,0.8297067846699409,-0.6892245798233706,-0.2596691658786016
41.87189959785527,-72.55254040582217,0.056868146259349966,0.0724044866100916,0.05872718479489033,0.5835528766327029,0.1517329325891313,0.8171290428528711,-0.779240265702172,-0.5872817598650166
41.87197545637462,-72.5483846469145,0.039347380391880696,0.05508611245805373,0.07105209127446402,0.46114112810712193,0.2201554988095218,0.7329838536574094,-0.7865819231168647,-0.3537161638216721
41.87184570403751,-72.54425773055449,0.03064935223625264,0.06636809892753621,0.06657883217978663,0.3651304427415405,0.16903973730008678,0.6915570915546362,-0.6923832063449475,-0.36709406995757904
41.872036233262705,-72.54016616800457,0.06528280274842055,0.060372641993736556,0.03451022119200901,0.45161676794594613,0.1513047852663237,0.8580197275069804,-0.7641644892582875,-0.49809462123158166
41.87196372943489,-72.53652898948702,0.04985889036503807,0.08630202914788837,0.030558224023654424,0.43046063840122567,0.15436772818304456,0.8674317841880768,-0.6659896909457529,-0.4720922000256597
41.87213200261093,-72.53229365209995,0.0425648998326154,0.06056752487389619,0.08110956036822062,0.4533942040367711,0.14392441963190314,0.696505185670632,-0.7643111482161602,-0.5180983350295256
41.87183851600851,-72.52818525797038,0.07726498835093222,0.11144569056983591,0.07165892171674779,0.3934676038914195,0.1828135609969547,0.6918734246641749,-0.558555134941539,-0.3655403919634759
41.87213596741626,-72.5243382334147,0.07583917784732115,0.050267606293998165,0.08256088777587932,0.49561588004989443,0.13966243758589672,0.7144095288146963,-0.8158302731204773,-0.560311020512537
41.87160782873623,-72.51976204991587,0.05240828510580006,0.08498027184335169,0.038842294541919925,0.38043930726586705,0.20600234015279206,0.8147197760433736,-0.6348229612256618,-0.297449827925582
41.87594498517429,-72.77977912409507,0.07203925949701012,0.10913401481375329,0.03192243442762206,0.5581578227314108,0.22037203416831477,0.8918030758008612,-0.6729046912510246,-0.4338764731621626
41.87549776943862,-72.77581781728418,0.06727450000628335,0.11905883186093191,0.08926950968639819,0.47793757258138353,0.22264159625901886,0.6852313291664665,-0.6011405396246873,-0.3644070330337258
41.87599804950446,-72.7720796962442,0.06248638305092981,0.11556482736471337,0.0898344096810105,0.43915066829257643,0.24731209573057603,0.6603518192794993,-0.5833365814748728,-0.27945954626539693
41.87574553436578,-72.76820752101662,0.030155597495991372,0.09786869446475689,0.04334278083361991,0.41247222768258085,0.1917818484307608,0.8098229324448433,-0.616457586615005,-0.36522778740912376
41.876007508237535,-72.76369309510906,0.06996867360753681,0.05190821671661519,0.06743649474279048,0.3927625077360795,0.2321691186699269,0.7069246374740378,-0.766531890398207,-0.2569775352701034
41.87588080788999,-72.75988762231471,0.06619101320094292,0.11144845881705953,0.0610115936930266,0.48125051139810593,0.12486596920753174,0.7749737880622398,-0.623928960846344,-0.5879802869482632
41.87582632882603,-72.75577093383677,0.060319739127634005,0.059171514711193585,0.06239807458169647,0.4725887222798172,0.19747687886205406,0.7667304129830749,-0.777450397397074,-0.41057449143627117
41.87578934164962,-72.75183704517897,0.055202653220836645,0.07765684735103974,0.07592939600720026,0.5650343985799862,0.158082381621699,0.7630774260624106,-0.7583385557444673,-0.5627749598685621
41.87590689113183,-72.7477508283962,0.068700810265866,0.05076058441047286,0.05564615888833356,0.43308733717162595,0.21964765901032818,0.7722842435112869,-0.7901795909570323,-0.3269928522444353
41.875988620322744,-72.74335797037335,0.06307033084757288,0.10900507016074246,0.08941460084441705,0.4786698824135603,0.21092349431428775,0.6852066779517642,-0.6290293820308416,-0.38826705292580005
41.87575632943562,-72.73974291198691,0.05590625909303769,0.057535341839762735,0.08876177730536933,0.36534608303494537,0.2451086858931915,0.6090718304728308,-0.7278890088075665,-0.19696364622209753
41.87593949256641,-72.73591148508653,0.07753307518718933,0.09736623780920219,0.06513368071231018,0.43799107189853737,0.15801278580116968,0.7410833779323547,-0.6362569967995543,-0.46975918440855635
41.87589159526319,-72.73161145225082,0.05150506327906476,0.06570108378654248,0.053052847463230524,0.604054396192685,0.23029201539763788,0.8385260610792752,-0.8038057597122453,-0.44797026223511854
41.87580630138414,-72.72750835561904,0.05310588864829277,0.07443993147505688,0.05327523657292486,0.586146505357894,0.15480811757682758,0.8333643256732146,-0.7746247051878806,-0.5821387362058035
41.87612685747889,-72.72357171281692,0.06671344539998636,0.10346465703362942,0.0744174239312646,0.5343849879772384,0.13186223578467107,0.7555284851846191,-0.6755829282248278,-0.6041642468988556
41.87592544592094,-72.71883257269586,0.07915014959079048,0.05195046483862546,0.03189816561441111,0.4336763837593625,0.22974626821943855,0.8629728980790892,-0.7860478060938877,-0.30739094441779824
41.87617486034513,-72.71548467122929,0.04977199169234745,0.10140112799638387,0.06873169486792319,0.4130117033072835,0.16279677220999908,0.714654336195279,-0.605759725163135,-0.4345454117751596
41.87619924716712,-72.71097889853384,0.06791144886774242,0.0692783443492439,0.07970077105936224,0.5345905872916125,0.20390388771265955,0.740511501664898,-0.7705517183637911,-0.44778493376953155
41.875820350715145,-72.70660462277617,0.04299853659404454,0.08652162273485091,0.07662938001917308,0.5792450532177176,0.1696734751156051,0.7663291138183584,-0.7400842491521309,-0.546884023571418
41.875851005540774,-72.70232675037049,0.03412176215870384,0.06726083975470451,0.08418888974543194,0.49688983355890926,0.182575384312351,0.7102324130311073,-0.7615500860447828,-0.4625909332508498
41.876159596568904,-72.69873075071241,0.03591515593485853,0.056972190803296026,0.03730002666449415,0.4724315984686794,0.15648877889341803,0.853648371710313,-0.7847684812319046,-0.5023574222549941
41.87586484723676,-72.69506574232425,0.07624696736066672,0.06372436794404196,0.06017110106347264,0.3631484111684774,0.15118805626744686,0.7157178002676002,-0.701436254255768,-0.41210446530788997
41.87561752541295,-72.69080535924805,0.06453496235698945,0.10874591663878513,0.033572106533057006,0.603425501452356,0.12551243272661858,0.8945926762920411,-0.694607467032977,-0.6556293016414706
41.87603940184121,-72.68651704378773,0.032165000964363935,0.0775540172722977,0.0454925074330441,0.565614533856632,0.14930917200790741,0.851114438684794,-0.7588376572947478,-0.5823073964868698
41.875686406480554,-72.68230261444306,0.07945718356192857,0.06892863749597752,0.07109764819351382,0.5660523143373093,0.1481397239384714,0.7768260146760211,-0.7828954166358217,-0.5851543674552468
41.875550698810336,-72.678642298514,0.06385395315202251,0.10720933287435355,0.04636583677288114,0.585517190936629,0.23904966435769442,0.8532455067168015,-0.6904714077222004,-0.42018124346662633
41.875801196759426,-72.67440842986984,0.03436081989602886,0.11984161476708634,0.07403692165891096,0.5192337419615146,0.23717706105431957,0.7504109803538853,-0.6249531029312401,-0.3728882239421039
41.876008762957035,-72.67033555663849,0.06273387849596503,0.10937545820114461,0.07667425401794134,0.48093133104335595,0.12922589887639024,0.7249874962801436,-0.6294284253747856,-0.5764177082900835
41.875798199444375,-72.66630028283919,0.04781980323724934,0.118874977306416,0.04866649321215588,0.4500513653104986,0.24670784085465328,0.8048335651892635,-0.5821076705303476,-0.2918418912252551
41.87599446893685,-72.66217010346993,0.07438770733675015,0.08755138351438899,0.04601800917472535,0.5788103823634855,0.18524538372100768,0.852701926487567,-0.7372256693057786,-0.5150998344785156
41.87605750901312,-72.65800963218388,0.030479403020470752,0.05321083734397182,0.06698305955545618,0.5644980868474407,0.17941501594001008,0.7878541269616315,-0.8277154975100114,-0.5176452323053863
41.875791416733726,-72.65401510657645,0.06841617758666968,0.05760349710712799,0.06361193319530044,0.539597455028305,0.17405828242467603,0.7890883847725528,-0.8070883949492944,-0.5122065912455618
41.87565090756315,-72.64998903599093,0.04064066158536521,0.0594558209587886,0.0336508980708684,0.546077529823225,0.237069008217271,0.8839080629766327,-0.8036249501963696,-0.39457305446196755
41.8755644657183,-72.645861385729,0.06540553680639517,0.0701946338854653,0.045335362731991374,0.5300007291221075,0.20785551803260144,0.842403897916809,-0.7660940479989025,-0.436596169418839
41.87596576136392,-72.64204082637427,0.0508320716361733,0.07449447205111247,0.06804315070232403,0.5518296699312706,0.22574274536883038,0.7804609318641375,-0.7621216649406823,-0.4193653454599316
41.87629136567963,-72.63798112886367,0.04513711054771201,0.07134147509081395,0.07836013773742098,0.6117313673318414,0.2411893403452262,0.7728992831767832,-0.7911160548037981,-0.4344390089857094
41.876333820251176,-72.63389968299951,0.0679948262930572,0.10643705170898037,0.06025599174283306,0.35434775007093877,0.1852401845312759,0.7093321373356136,-0.5380183925431766,-0.3134013099539176
41.87579983261011,-72.62981017894018,0.06284300251822411,0.059422167976077064,0.07274937262292494,0.5177742838178245,0.1758602484175196,0.7536106408965708,-0.7941007163457241,-0.4929311034997556
41.875572800162765,-72.62583389249713,0.057658533095463566,0.11222296801531834,0.054746535204782454,0.5105528486993028,0.24409913123792454,0.8063095882868632,-0.6396039634058462,-0.35308158534685374
41.87622067046143,-72.62160314200241,0.07583469715784724,0.07954030885479364,0.04632212330155538,0.6192817221239755,0.13328721005270144,0.8608117317232717,-0.7723588973192799,-0.645780726910448
41.875369752335374,-72.61756121845636,0.06933694989888894,0.08092894134687753,0.03263766205227408,0.5770773144457347,0.22435587165322216,0.8929412485823017,-0.7540177144687074,-0.4401133480751075
41.87532654414425,-72.61380092068225,0.05562961655575392,0.0579900595364422,0.0792338716259691,0.5989669921989556,0.16006526308063979,0.7663409887769679,-0.8234585978390598,-0.5782385742706585
41.87567722000345,-72.60916202159873,0.06639127220018282,0.11784075998046196,0.04947900970098445,0.5972235552396716,0.13279246768915992,0.8469806294783296,-0.6704051440626442,-0.6361930053085816
41.87605733339922,-72.60543408982929,0.036140530853274996,0.10161478042455249,0.0585107378299243,0.47299591866734886,0.1955871565595823,0.7798306489122043,-0.6463178267124451,-0.4149204076301336
41.87590140548787,-72.60087845290768,0.03903422134110861,0.11663528182203019,0.07639139296894688,0.49288318333897174,0.20572916707847644,0.7316184626954882,-0.6172871258585367,-0.4110348408368526
41.87598635522122,-72.59714634592628,0.0343303918456887,0.08884571332740884,0.04578254935881729,0.5858373451792741,0.15068689574688726,0.85503132578717,-0.7366297783612457,-0.5908161948413208
41.87626530786901,-72.59329438521684,0.0671451413480587,0.11655223520773315,0.0546942641787328,0.3619757224254967,0.20598608084762776,0.7374696237447806,-0.5128717837754206,-0.2746481201357406
41.87593632115332,-72.588857937228,0.0630779068163453,0.057196863483100144,0.03772662790544558,0.4685517971865194,0.17880239121041816,0.8509648998035317,-0.7824174638495459,-0.44759022366660867
41.87603619844237,-72.58487851207833,0.05004675538629509,0.09952647184499315,0.07962119617285149,0.4442624993183401,0.20204006460235047,0.6960348380447345,-0.6339518558749908,-0.37478179453070126
41.876371018582724,-72.58072093600089,0.03593105974476456,0.09777619587300197,0.046084084073438406,0.43593623796993264,0.19440617258550677,0.8087877960079374,-0.6335997077340852,-0.3831727983709626
41.876020146693904,-72.57654232088835,0.05230394084731037,0.11149382953585874,0.07633536747971362,0.4357511504802035,0.15926895527391638,0.7018653496919884,-0.5925268075274578,-0.46466025690993684
41.876105883442726,-72.57272764047364,0.06427670162163034,0.05385870277711863,0.03629835202393807,0.42950248145099623,0.22946144590455,0.8441464702707908,-0.7771492435284135,-0.3035690228890381
41.87574956316785,-72.56878779184224,0.06570983836128466,0.11118963417904074,0.08273405426885405,0.47387796154266426,0.15364120353495742,0.7027227155769138,-0.6199084174474448,-0.5103218767319956
41.87639540120416,-72.56472852599279,0.042634753054862015,0.06439780164225901,0.06195212763674364,0.37893977486859787,0.19418939708390048,0.7189690838742812,-0.7094863821421104,-0.3223538197424188
41.87562513452597,-72.5606036812275,0.07826737918306796,0.11339924120658826,0.07753810000029379,0.5141754572846605,0.23448812281942016,0.7379201505671994,-0.6386111757557748,-0.37358212940765423
41.876130386205936,-72.55632886012722,0.0762589737423918,0.08515329160055285,0.08446488446475905,0.45614938389894566,0.1636441610312213,0.6875225483026493,-0.6853764244857062,-0.4719397697190946
41.875986633897575,-72.55252672046758,0.05198624674888022,0.11150123519371855,0.06099459680985417,0.35345360447028346,0.21011650137493487,0.7056587693156563,-0.5203782144765091,-0.2543376620028093
41.87616736741199,-72.54892508742259,0.03960397639463813,0.06693884489476465,0.08878891199329933,0.3806394144979454,0.21850193662763306,0.6217147241328422,-0.7008842878758694,-0.2706164039015373
41.87594373715423,-72.54418999888613,0.07676689661328731,0.06409915158103216,0.06093508209235367,0.5634409238522915,0.21926424968922248,0.8048128643247193,-0.7957129621187269,-0.43972709750437616
41.87604397771824,-72.54079563020161,0.07810483100071856,0.08318138771170563,0.06913891797857491,0.4484188009367812,0.16603076803484795,0.7328262512499316,-0.6870528284680193,-0.4595788607591519
41.87630931040722,-72.53640267640324,0.06447007608850477,0.06159025313260658,0.030310860126531464,0.4686585480232686,0.12993463657069435,0.8785061383264942,-0.7676930037433459,-0.565866635588805
41.87611864394566,-72.53225396843668,0.03686321989207298,0.06721978216124518,0.03146713310436439,0.51036733780062,0.1580726053042103,0.8838496448857996,-0.7672393312174852,-0.5270402167471311
41.87614000375053,-72.52811167058054,0.04867937952916876,0.05152062221716672,0.049209866299593105,0.4377132193459339,0.16325165964024832,0.7978741704786732,-0.7893824268061324,-0.45670149671424665
41.87607576515313,-72.52416323347187,0.043502979377793224,0.10826792669141555,0.08550945145053684,0.4764371128581799,0.19020634213192456,0.6956669659303746,-0.6296665177546085,-0.4293611053760426
41.87574955101188,-72.52018858085296,0.059728018480762174,0.08353070415603225,0.04815453492505739,0.46981816596811754,0.21559056414445607,0.8140653557918349,-0.6980902693908411,-0.37091386592333936
41.880216607246176,-72.78002271621322,0.03173190324906568,0.104057706157514,0.04266107332149735,0.5939146754369592,0.18189229514095667,0.8659670167935198,-0.7018285854812741,-0.5310887835785723
41.879677116014754,-72.77627336786918,0.05581804503561198,0.07366195345812096,0.05159547780559411,0.40281543836993305,0.16487787846860058,0.7729126833490765,-0.6908060918671948,-0.41913045801983245
41.87984623220195,-72.77114413548054,0.07106340573989853,0.11029189042035793,0.06998006371247137,0.358284659696317,0.19293435585852448,0.673192491058042,-0.5292470765218815,-0.2999720604184084
41.879850169797294,-72.76801252627175,0.044141114645627366,0.0724963763473677,0.055384583831995036,0.3689456773694475,0.15089906290952917,0.7389552954569871,-0.6715474851706172,-0.41944564898916314
41.8800611729171,-72.76344268312975,0.042367067125049354,0.11516154102832796,0.04773254311677168,0.38491582567205174,0.14591528760715555,0.7793471716979014,-0.539425102206928,-0.45023837541938944
41.879722484684464,-72.75979771123163,0.0333160339981868,0.10984594528525791,0.08264859866185316,0.4359546598561698,0.22079061527384936,0.6812646380277964,-0.5974869054723945,-0.32762176254670944
41.880287354376655,-72.75524358045779,0.04384831499759291,0.09271650184027702,0.03436168844889602,0.35255205431156234,0.2337107250813461,0.8223806256984278,-0.5835479484939865,-0.20271000208009068
41.880119461142314,-72.75107676739471,0.04158896920561018,0.1113765219373689,0.05307205181834024,0.39836206369072447,0.19903907514448194,0.7648735441339299,-0.5630053322326691,-0.3336501650044995
41.88045978977074,-72.7474906459561,0.06363975272904784,0.11714536130946336,0.07528859208559835,0.3835184426362193,0.1606324375057494,0.6718071590543634,-0.5320398223867906,-0.40960331640430137
41.88015129842806,-72.74334010269247,0.06700347767819118,0.08302547091218375,0.08306451164764518,0.44697025580169536,0.2414942893678857,0.6865695733607351,-0.6866938100540366,-0.2984554075812245
41.88016936810012,-72.73919818756507,0.039759727871004694,0.08715526153699404,0.048608100862909134,0.35343616835166863,0.1768455882064584,0.7581952805452568,-0.6043715078206666,-0.3330127389095898
41.88024033898729,-72.73510309217238,0.07042943841349714,0.10176675878650362,0.05719992190177137,0.41995830252612015,0.16216719653885492,0.7602475699948227,-0.6098835715099997,-0.4428445522509079
41.880260093220244,-72.73110390454148,0.07056381997843048,0.06311876139230675,0.030272846972143976,0.3839137595028363,0.17992117941199479,0.8538202515538238,-0.7176099793996328,-0.3617948552167591
41.87988007140092,-72.72728666231916,0.03555790370796269,0.05754364932261896,0.0727566610118443,0.6198642465262687,0.14528261043253732,0.7899091401371227,-0.8301063519476441,-0.6202490826140608
41.87971952956336,-72.72323351467895,0.06925546708992175,0.0854125635154559,0.06424062076706075,0.4975569306123476,0.24185827591828016,0.7713033080712878,-0.7069741577361816,-0.3458120044539225
41.87989953978436,-72.71896894434403,0.04910564910524404,0.08416216786225594,0.03683621459266769,0.5911558080228552,0.20812165843735747,0.8826857244483819,-0.7507480302091822,-0.47922550760983423
41.87989378946789,-72.7151000801862,0.05562665272011956,0.10971057670395996,0.07420527549860916,0.4473372063748809,0.20545540637353166,0.71543919018045,-0.6060999431769312,-0.3705339111957306
41.88023873784213,-72.71099151919451,0.06547060593310411,0.0655310045394312,0.07986770945408747,0.4552094832996234,0.20113012932170587,0.7014721967757293,-0.7483160765494967,-0.38711567775584943
41.87969055867475,-72.70690380808527,0.03827926250765532,0.09882193771278666,0.04483453944151525,0.4216484324085521,0.1364828944066376,0.8077763084740183,-0.620259121802657,-0.5109291027062156
41.87957021303862,-72.7024567493697,0.04726084124022973,0.11226655387494218,0.05718396178079058,0.5915162734677009,0.18405320556740412,0.823696805786156,-0.6809625085657732,-0.5253727472711102
41.880150852533994,-72.69869905323479,0.04767237193110534,0.11764874234928542,0.045727753526821124,0.5719798040987853,0.18420184557463504,0.8519436812377912,-0.6588054744681472,-0.5128105908039738
41.87982118098033,-72.69490740607185,0.061683424144445095,0.05792299613250174,0.0783309507734514,0.41362647888525994,0.17558481215891156,0.6815539473494996,-0.7543290823075565,-0.4040005178863809
41.87988947748636,-72.69049765441187,0.06894484658599531,0.0981719356737799,0.037824345206381595,0.5588349589714544,0.17505270093456343,0.8732129208694686,-0.7011540168789551,-0.5229441493620951
41.87977849873826,-72.68684369246361,0.05115457961882811,0.10720127832334794,0.08557568222497217,0.603447877448138,0.2110115490658245,0.751603030045674,-0.6983004132131293,-0.4818365600629288
41.879829377691706,-72.68227740126757,0.039653559424192006,0.09883301951943119,0.03968226855155464,0.6139455787421795,0.14528963889926128,0.8785784029372242,-0.7226824156604194,-0.6172737103776545
41.88013566389557,-72.67880467029585,0.040113564435952036,0.05168089239449711,0.06288465227208682,0.6116931183377463,0.15477469415582734,0.8135584805433546,-0.8441877687145117,-0.5961351758469962
41.879867637770765,-72.67409398595801,0.05789924790452196,0.07259524193901853,0.06548181144936163,0.4790656519351386,0.24075898530474815,0.7595000772113579,-0.736812078778313,-0.3310621147174948
41.88015526188058,-72.67056726807633,0.05432333909947088,0.07122015570960413,0.04883779383706012,0.4860777058026604,0.14494845328329614,0.817399967396893,-0.7444090113091639,-0.5405944707799295
41.88001788618654,-72.66587259472115,0.036523772989775716,0.06615331090936281,0.06210142687318027,0.5633255981012111,0.14922030631153008,0.8014111178655156,-0.7898156396904742,-0.5811629667999764
41.87979645022319,-72.66224366660741,0.07985113659522122,0.08618572656588218,0.058553241091450534,0.5256500801714439,0.18177286878966475,0.7995449907238672,-0.7182717140225057,-0.486098467524672
41.88017543307767,-72.65770059658362,0.07889165053278593,0.1103047702826764,0.060144634974884356,0.5758422074709423,0.1393816193377081,0.8108620148694116,-0.6784806350271951,-0.6102433556789265
41.87994044505771,-72.65449760928728,0.04624410650672939,0.11429079612305791,0.07994959580019181,0.5949132070179965,0.20257820102433174,0.7630641503241048,-0.6776927495703193,-0.4919614205709924
41.88000295812956,-72.64999403875069,0.03542834875960685,0.10971557059201452,0.03172675895349901,0.5709173437845628,0.21151226556278666,0.8947081409762373,-0.6776072144776953,-0.4593449352224385
41.8798596364734,-72.64602345745938,0.052619572699095646,0.07099124255156278,0.08203755942376319,0.40206507193985475,0.17422039494157215,0.66107368930146,-0.6998613468340006,-0.3953677302175704
41.88006752923617,-72.64188780653639,0.04298707090711281,0.11019909675961957,0.0729300084447616,0.5968448027908286,0.17268631275068902,0.7822252876001071,-0.6882821651394313,-0.5511908244823344
41.880567647694605,-72.63791265571099,0.05475789648432064,0.0527809840516927,0.030256499231862372,0.5132711978817226,0.14142737595856514,0.8886662100476568,-0.8135119491230887,-0.5679618633381474
41.88012280751851,-72.63411931106859,0.06619195802516628,0.07681900565711167,0.07230933036345015,0.4488106751286608,0.13271232263329805,0.7224849186314924,-0.707706743111334,-0.5435698221942974
41.87974003953037,-72.62971484794366,0.05312306458288321,0.10182178172795159,0.07708485338643276,0.4126661143615362,0.1337336063897569,0.6852079588902356,-0.6041820128252691,-0.51049167372972
41.87984120370931,-72.62529412051646,0.045605137957463675,0.08004991185704885,0.03453759392927318,0.563119181877313,0.17830374556753117,0.8844233167685187,-0.7510766215700326,-0.5190228438658704
41.87967027539417,-72.62096939549147,0.0656637310984474,0.08311265230747036,0.08811796558671336,0.585349213169512,0.18692490874939283,0.7383154862885771,-0.7513316567485413,-0.515910468979766
41.87973213269565,-72.61773059472716,0.048413500542067195,0.10399868858507866,0.06035114004006646,0.49556016568443495,0.18768073262838214,0.782874931959109,-0.6530826361932796,-0.4506162230866519
41.880206078072085,-72.61353998600497,0.04597588431406911,0.09493447520336465,0.06770453192354385,0.5896242595382617,0.17813751929499086,0.7940010150080947,-0.7226403801882805,-0.5359562713171219
41.880160554322366,-72.60966959331971,0.03256382441175773,0.05705099463803445,0.048073174311556055,0.37769198958049854,0.23324188565786302,0.7741798606907907,-0.7375415051696084,-0.23644147063588014
41.87960369353143,-72.605685965565,0.06787531866228178,0.07109363377791048,0.0729109365949615,0.5720542114982261,0.16682314499612777,0.7739073597681374,-0.7789197793319629,-0.5484415822738709
41.87979205413704,-72.60146012588348,0.05115821056451626,0.0906523004302543,0.0509783829230545,0.47531590691126546,0.18450908070233457,0.8062742313274851,-0.6796558560910388,-0.4407332727132641
41.88009748127349,-72.59721345181694,0.05706871799652494,0.05018554651441328,0.07225161852181422,0.5944755470926181,0.2180939860002868,0.7832648128107106,-0.8443040940050739,-0.46319920420803895
41.88023382787058,-72.59272740240084,0.06253583980352354,0.09763058570414238,0.0886498139870619,0.48310482929747306,0.15243952830781146,0.6899026006057458,-0.6637691341628588,-0.5202867384986318
41.88020216414065,-72.58884065709738,0.06163547882407018,0.11049759836174933,0.07344513543388778,0.6106661933745505,0.18515990739755023,0.7852830896345132,-0.6935575534215013,-0.5346724435956288
41.87972344111577,-72.5850322654064,0.0721547233167755,0.1157365270018775,0.06153225850635079,0.5505638621359623,0.19219365006256556,0.7989457654403007,-0.6525995515276978,-0.4824861495007132
41.88002560149122,-72.58099147835492,0.06792020959798573,0.07999143958121181,0.07777727245956931,0.5866521210575253,0.20271315316705849,0.7658825054446714,-0.7600173636881188,-0.48638948333218873
41.87982419933309,-72.5764134155845,0.06892251597859936,0.08287200661110186,0.06479214320892734,0.5351728183278048,0.20948180576388203,0.7840135762496173,-0.7318252551688507,-0.4373719064206355
41.879829778392754,-72.5726701804661,0.07436734480447763,0.11559077980097958,0.05412390761209837,0.5966117613908811,0.1811899936089539,0.8336531707412812,-0.675399136859186,-0.5340972363607167
41.879904377067135,-72.56923229321335,0.03229425445092889,0.05797414592177928,0.0864603347458947,0.48975786931239224,0.15462892807769235,0.6999041885974541,-0.7883120054722614,-0.5200741892789386
41.880459104973795,-72.56496525957854,0.061945774569672506,0.07437556241490549,0.053244177604252166,0.4984360735818263,0.2014663913826007,0.8069745020243866,-0.7403140657731686,-0.42430152351916534
41.87992262593904,-72.56070307562516,0.07373436108839765,0.11952526986681175,0.05034020946497014,0.35736680512658975,0.19856825887282875,0.7530569371468829,-0.4987324129113886,-0.2856422566897617
41.88008257404571,-72.5563225299001,0.039857492170312585,0.09733053009423953,0.07857917347192367,0.37339286050436127,0.1672859218407976,0.6522830283076907,-0.5864640167106714,-0.38120034555376536
41.88045660125849,-72.55258333961005,0.06412344142444046,0.08329469505437831,0.08174113736509482,0.4951688274520195,0.2384734347156658,0.7166242833368028,-0.7120140101713774,-0.3498917741978202
41.879870864299846,-72.54852144761247,0.051436923948284814,0.06429940702678164,0.08014386420881589,0.49388937145913725,0.15752627146994658,0.7207692543601264,-0.7696141180007485,-0.5163571118383609
41.87993869074948,-72.54445938731135,0.055139734769159274,0.06265528470341473,0.0897129140726328,0.527934879195262,0.2311270550319915,0.7095013855777793,-0.7878214418953172,-0.39101924464889587
41.88004578029509,-72.54030357047701,0.030486579344877907,0.09666691412661829,0.03604465878009832,0.6095955594629696,0.15240444527145094,0.8883444439747451,-0.7262578213017392,-0.5999883351061963
41.8806028650707,-72.53641112896787,0.05513072331736602,0.09586035594094992,0.07700685714953848,0.554563870278613,0.2380511280897207,0.7561417785681053,-0.7052374371166474,-0.39932721793110276
41.87974291961237,-72.53230788587649,0.07370386024164269,0.06976317852326981,0.04475521104936298,0.35246334695265596,0.2160024680128797,0.7746569985326038,-0.6695462065315102,-0.24005116112047908
41.8802122194157,-72.52827103645149,0.0364957735740876,0.052977164713906184,0.05927177327320028,0.4022402179021913,0.22314162591269301,0.7431409176509357,-0.7672445440925357,-0.2863827815930522
41.88039862164346,-72.52417233079542,0.07257976967042953,0.11935546161690293,0.07444862688007693,0.5031773901614562,0.2253014598544565,0.7422255068724724,-0.6165488736025866,-0.38144680562919553
41.880184046070866,-72.51982572378198,0.03162524901651668,0.09500862751020173,0.08385108197829236,0.5371509001605872,0.17253901584103748,0.7299490681511541,-0.6994156590180205,-0.5137622447473454
